"Experiment","Structure","Condition","Run","N","P","Signal","Noise","SignalFraction","Method","Mtry","ARI","NMI","Time"
"DIMENSIONALITY","BALANCED","N80_P10_S4",1,80,10,4,6,0.4,"longTAPIO",4,0.726744375169423,0.791009638334858,0.59900000000016
"DIMENSIONALITY","BALANCED","N80_P10_S4",1,80,10,4,6,0.4,"kml3d",NA,0.488233850225718,0.551794128182046,0.246999999999389
"DIMENSIONALITY","BALANCED","N80_P10_S4",2,80,10,4,6,0.4,"longTAPIO",4,0.68895364017086,0.753387832329828,0.590000000000146
"DIMENSIONALITY","BALANCED","N80_P10_S4",2,80,10,4,6,0.4,"kml3d",NA,0.42463769647897,0.510767263274492,0.242999999999483
"DIMENSIONALITY","BALANCED","N80_P10_S4",3,80,10,4,6,0.4,"longTAPIO",4,0.586881569432946,0.705701400504777,0.582000000000335
"DIMENSIONALITY","BALANCED","N80_P10_S4",3,80,10,4,6,0.4,"kml3d",NA,0.0800776305796979,0.150132299739958,0.24199999999928
"DIMENSIONALITY","BALANCED","N80_P10_S4",4,80,10,4,6,0.4,"longTAPIO",4,0.622730016200934,0.706776100887665,0.588999999999942
"DIMENSIONALITY","BALANCED","N80_P10_S4",4,80,10,4,6,0.4,"kml3d",NA,0.448588753653536,0.532311080634436,0.247000000000298
"DIMENSIONALITY","BALANCED","N80_P10_S4",5,80,10,4,6,0.4,"longTAPIO",4,0.609125893347993,0.719592596360303,0.580000000000837
"DIMENSIONALITY","BALANCED","N80_P10_S4",5,80,10,4,6,0.4,"kml3d",NA,0.487068684719116,0.521806272960067,0.242000000000189
"DIMENSIONALITY","BALANCED","N80_P10_S4",6,80,10,4,6,0.4,"longTAPIO",4,0.627019534803136,0.707716083225585,0.588999999999942
"DIMENSIONALITY","BALANCED","N80_P10_S4",6,80,10,4,6,0.4,"kml3d",NA,0.232993830994079,0.332991951880339,0.239000000000487
"DIMENSIONALITY","BALANCED","N80_P10_S4",7,80,10,4,6,0.4,"longTAPIO",4,0.824551471869012,0.855528263416781,0.582999999999629
"DIMENSIONALITY","BALANCED","N80_P10_S4",7,80,10,4,6,0.4,"kml3d",NA,0.615730385876528,0.661603567138614,0.246000000000095
"DIMENSIONALITY","BALANCED","N80_P10_S4",8,80,10,4,6,0.4,"longTAPIO",4,0.812903504882612,0.848979810628223,0.582000000000335
"DIMENSIONALITY","BALANCED","N80_P10_S4",8,80,10,4,6,0.4,"kml3d",NA,0.638513033887014,0.660746307077092,0.244999999999891
"DIMENSIONALITY","BALANCED","N80_P10_S4",9,80,10,4,6,0.4,"longTAPIO",4,0.86937573229088,0.868444715099632,0.67699999999968
"DIMENSIONALITY","BALANCED","N80_P10_S4",9,80,10,4,6,0.4,"kml3d",NA,0.485479393551142,0.558519033818183,0.242999999999483
"DIMENSIONALITY","BALANCED","N80_P10_S4",10,80,10,4,6,0.4,"longTAPIO",4,0.629163251620594,0.710582203166454,0.577000000000226
"DIMENSIONALITY","BALANCED","N80_P10_S4",10,80,10,4,6,0.4,"kml3d",NA,0.522825049083243,0.580504277469528,0.242999999999483
"DIMENSIONALITY","BALANCED","N80_P10_S4",11,80,10,4,6,0.4,"longTAPIO",4,0.681708299758259,0.732791745217079,0.587999999999738
"DIMENSIONALITY","BALANCED","N80_P10_S4",11,80,10,4,6,0.4,"kml3d",NA,0.271103258735768,0.382349060868274,0.240999999999985
"DIMENSIONALITY","BALANCED","N80_P10_S4",12,80,10,4,6,0.4,"longTAPIO",4,0.656539644476881,0.733777275633693,0.582000000000335
"DIMENSIONALITY","BALANCED","N80_P10_S4",12,80,10,4,6,0.4,"kml3d",NA,0.243732724303903,0.305256455240115,0.240999999999985
"DIMENSIONALITY","BALANCED","N80_P10_S4",13,80,10,4,6,0.4,"longTAPIO",4,0.733381999767247,0.801337424934159,0.58600000000024
"DIMENSIONALITY","BALANCED","N80_P10_S4",13,80,10,4,6,0.4,"kml3d",NA,0.442048075444621,0.535822222067564,0.244000000000597
"DIMENSIONALITY","BALANCED","N80_P10_S4",14,80,10,4,6,0.4,"longTAPIO",4,0.595076463220822,0.692542582361427,0.576000000000022
"DIMENSIONALITY","BALANCED","N80_P10_S4",14,80,10,4,6,0.4,"kml3d",NA,0.387286713729463,0.484218660541088,0.240999999999985
"DIMENSIONALITY","BALANCED","N80_P10_S4",15,80,10,4,6,0.4,"longTAPIO",4,0.691726268749265,0.75581292931566,0.575999999999112
"DIMENSIONALITY","BALANCED","N80_P10_S4",15,80,10,4,6,0.4,"kml3d",NA,0.50402819192193,0.573167431834922,0.242000000000189
"DIMENSIONALITY","BALANCED","N80_P10_S4",16,80,10,4,6,0.4,"longTAPIO",4,0.737929098075103,0.818201400504777,0.588999999999942
"DIMENSIONALITY","BALANCED","N80_P10_S4",16,80,10,4,6,0.4,"kml3d",NA,0.39999578641329,0.464317398828801,0.242000000000189
"DIMENSIONALITY","BALANCED","N80_P10_S4",17,80,10,4,6,0.4,"longTAPIO",4,0.757603942824765,0.815803476352548,0.580000000000837
"DIMENSIONALITY","BALANCED","N80_P10_S4",17,80,10,4,6,0.4,"kml3d",NA,0.499664704567469,0.577328755717748,0.244999999999891
"DIMENSIONALITY","BALANCED","N80_P10_S4",18,80,10,4,6,0.4,"longTAPIO",4,0.744270361258578,0.803523740338379,0.582000000000335
"DIMENSIONALITY","BALANCED","N80_P10_S4",18,80,10,4,6,0.4,"kml3d",NA,0.20476266242376,0.331844828035927,0.24199999999928
"DIMENSIONALITY","BALANCED","N80_P10_S4",19,80,10,4,6,0.4,"longTAPIO",4,0.737929098075103,0.818201400504777,0.573999999999614
"DIMENSIONALITY","BALANCED","N80_P10_S4",19,80,10,4,6,0.4,"kml3d",NA,0.694588701267236,0.761804493624434,0.244000000000597
"DIMENSIONALITY","BALANCED","N80_P10_S4",20,80,10,4,6,0.4,"longTAPIO",4,0.493200324446177,0.619530684584488,0.587999999999738
"DIMENSIONALITY","BALANCED","N80_P10_S4",20,80,10,4,6,0.4,"kml3d",NA,0.257493649449619,0.345718986331399,0.240999999999985
"DIMENSIONALITY","BALANCED","N80_P25_S10",1,80,25,10,15,0.4,"longTAPIO",5,0.646084093485184,0.707873501784619,0.599999999999454
"DIMENSIONALITY","BALANCED","N80_P25_S10",1,80,25,10,15,0.4,"kml3d",NA,0.522390455299342,0.596973538785823,0.454999999999927
"DIMENSIONALITY","BALANCED","N80_P25_S10",2,80,25,10,15,0.4,"longTAPIO",5,0.717087312414734,0.786698275609013,0.701999999999316
"DIMENSIONALITY","BALANCED","N80_P25_S10",2,80,25,10,15,0.4,"kml3d",NA,0.689108608679537,0.751445202947962,0.454999999999927
"DIMENSIONALITY","BALANCED","N80_P25_S10",3,80,25,10,15,0.4,"longTAPIO",5,0.876153980142832,0.902496636752747,0.596000000000458
"DIMENSIONALITY","BALANCED","N80_P25_S10",3,80,25,10,15,0.4,"kml3d",NA,0.751114647945668,0.783159815992553,0.458999999999833
"DIMENSIONALITY","BALANCED","N80_P25_S10",4,80,25,10,15,0.4,"longTAPIO",5,0.751311647429171,0.827819531114783,0.604999999999563
"DIMENSIONALITY","BALANCED","N80_P25_S10",4,80,25,10,15,0.4,"kml3d",NA,0.736014534286425,0.778313792845234,0.456000000000131
"DIMENSIONALITY","BALANCED","N80_P25_S10",5,80,25,10,15,0.4,"longTAPIO",5,0.845014850779803,0.84747643558397,0.598999999999251
"DIMENSIONALITY","BALANCED","N80_P25_S10",5,80,25,10,15,0.4,"kml3d",NA,0.543489799801705,0.61310284181438,0.45299999999952
"DIMENSIONALITY","BALANCED","N80_P25_S10",6,80,25,10,15,0.4,"longTAPIO",5,0.850094876660342,0.88719873517385,0.606999999999971
"DIMENSIONALITY","BALANCED","N80_P25_S10",6,80,25,10,15,0.4,"kml3d",NA,0.743537333173019,0.783463626229443,0.46100000000024
"DIMENSIONALITY","BALANCED","N80_P25_S10",7,80,25,10,15,0.4,"longTAPIO",5,0.653866643472967,0.713587048403834,0.594999999999345
"DIMENSIONALITY","BALANCED","N80_P25_S10",7,80,25,10,15,0.4,"kml3d",NA,0.572511693790826,0.639674872910917,0.457999999999629
"DIMENSIONALITY","BALANCED","N80_P25_S10",8,80,25,10,15,0.4,"longTAPIO",5,0.824551471869012,0.855528263416781,0.605999999999767
"DIMENSIONALITY","BALANCED","N80_P25_S10",8,80,25,10,15,0.4,"kml3d",NA,0.71373385420634,0.73330285522818,0.451000000000022
"DIMENSIONALITY","BALANCED","N80_P25_S10",9,80,25,10,15,0.4,"longTAPIO",5,0.772501267297259,0.817571792759357,0.601000000000568
"DIMENSIONALITY","BALANCED","N80_P25_S10",9,80,25,10,15,0.4,"kml3d",NA,0.641424197657739,0.699075503748748,0.452000000000226
"DIMENSIONALITY","BALANCED","N80_P25_S10",10,80,25,10,15,0.4,"longTAPIO",5,0.850094876660342,0.88719873517385,0.601000000000568
"DIMENSIONALITY","BALANCED","N80_P25_S10",10,80,25,10,15,0.4,"kml3d",NA,0.845154013775281,0.851268662152866,0.459000000000742
"DIMENSIONALITY","BALANCED","N80_P25_S10",11,80,25,10,15,0.4,"longTAPIO",5,0.733381999767247,0.801337424934159,0.592999999999847
"DIMENSIONALITY","BALANCED","N80_P25_S10",11,80,25,10,15,0.4,"kml3d",NA,0.701165338536841,0.75518128433212,0.456000000000131
"DIMENSIONALITY","BALANCED","N80_P25_S10",12,80,25,10,15,0.4,"longTAPIO",5,0.551316428435699,0.646902474705821,0.605999999999767
"DIMENSIONALITY","BALANCED","N80_P25_S10",12,80,25,10,15,0.4,"kml3d",NA,0.570396805166114,0.675759568160026,0.457999999999629
"DIMENSIONALITY","BALANCED","N80_P25_S10",13,80,25,10,15,0.4,"longTAPIO",5,0.557742058611476,0.6643875858108,0.600000000000364
"DIMENSIONALITY","BALANCED","N80_P25_S10",13,80,25,10,15,0.4,"kml3d",NA,0.569494042743723,0.635447288659193,0.456000000000131
"DIMENSIONALITY","BALANCED","N80_P25_S10",14,80,25,10,15,0.4,"longTAPIO",5,0.724786772816128,0.78892754687294,0.693000000000211
"DIMENSIONALITY","BALANCED","N80_P25_S10",14,80,25,10,15,0.4,"kml3d",NA,0.530060346589503,0.627043716851179,0.456000000000131
"DIMENSIONALITY","BALANCED","N80_P25_S10",15,80,25,10,15,0.4,"longTAPIO",5,0.778643667089882,0.82055380985001,0.594000000000051
"DIMENSIONALITY","BALANCED","N80_P25_S10",15,80,25,10,15,0.4,"kml3d",NA,0.656197432252043,0.697460946369734,0.456000000000131
"DIMENSIONALITY","BALANCED","N80_P25_S10",16,80,25,10,15,0.4,"longTAPIO",5,0.716616815864264,0.787715434507528,0.59900000000016
"DIMENSIONALITY","BALANCED","N80_P25_S10",16,80,25,10,15,0.4,"kml3d",NA,0.589546378666781,0.669618017088572,0.457999999999629
"DIMENSIONALITY","BALANCED","N80_P25_S10",17,80,25,10,15,0.4,"longTAPIO",5,0.719142412942085,0.76951999625247,0.601000000000568
"DIMENSIONALITY","BALANCED","N80_P25_S10",17,80,25,10,15,0.4,"kml3d",NA,0.703085394633336,0.732280754073403,0.463999999999942
"DIMENSIONALITY","BALANCED","N80_P25_S10",18,80,25,10,15,0.4,"longTAPIO",5,0.639821254239676,0.731371079003173,0.59900000000016
"DIMENSIONALITY","BALANCED","N80_P25_S10",18,80,25,10,15,0.4,"kml3d",NA,0.63893587736533,0.721555921530848,0.454999999999927
"DIMENSIONALITY","BALANCED","N80_P25_S10",19,80,25,10,15,0.4,"longTAPIO",5,0.74084061448303,0.807003974052405,0.591000000000349
"DIMENSIONALITY","BALANCED","N80_P25_S10",19,80,25,10,15,0.4,"kml3d",NA,0.677446480856712,0.759815885194187,0.46100000000024
"DIMENSIONALITY","BALANCED","N80_P25_S10",20,80,25,10,15,0.4,"longTAPIO",5,0.763531418639831,0.820265586686463,0.599999999999454
"DIMENSIONALITY","BALANCED","N80_P25_S10",20,80,25,10,15,0.4,"kml3d",NA,0.371406788579037,0.509170259004333,0.452000000000226
"DIMENSIONALITY","BALANCED","N80_P50_S20",1,80,50,20,30,0.4,"longTAPIO",8,0.744210062067704,0.792393075490283,0.676000000000386
"DIMENSIONALITY","BALANCED","N80_P50_S20",1,80,50,20,30,0.4,"kml3d",NA,0.635388593686921,0.680111929016006,1.0649999999996
"DIMENSIONALITY","BALANCED","N80_P50_S20",2,80,50,20,30,0.4,"longTAPIO",8,0.849020956874051,0.869886434155382,0.67699999999968
"DIMENSIONALITY","BALANCED","N80_P50_S20",2,80,50,20,30,0.4,"kml3d",NA,0.615379655005642,0.685888144696535,1.07099999999991
"DIMENSIONALITY","BALANCED","N80_P50_S20",3,80,50,20,30,0.4,"longTAPIO",8,0.868237166559471,0.882214683641269,0.672999999999774
"DIMENSIONALITY","BALANCED","N80_P50_S20",3,80,50,20,30,0.4,"kml3d",NA,0.782297749491503,0.791718392634579,1.17099999999937
"DIMENSIONALITY","BALANCED","N80_P50_S20",4,80,50,20,30,0.4,"longTAPIO",8,0.669743947047553,0.757576286209831,0.672999999999774
"DIMENSIONALITY","BALANCED","N80_P50_S20",4,80,50,20,30,0.4,"kml3d",NA,0.689714704993742,0.768276001982953,1.0639999999994
"DIMENSIONALITY","BALANCED","N80_P50_S20",5,80,50,20,30,0.4,"longTAPIO",8,0.740598047370956,0.797791239232195,0.674999999999272
"DIMENSIONALITY","BALANCED","N80_P50_S20",5,80,50,20,30,0.4,"kml3d",NA,0.723797415635515,0.787977841799474,1.07099999999991
"DIMENSIONALITY","BALANCED","N80_P50_S20",6,80,50,20,30,0.4,"longTAPIO",8,0.778643667089882,0.82055380985001,0.673000000000684
"DIMENSIONALITY","BALANCED","N80_P50_S20",6,80,50,20,30,0.4,"kml3d",NA,0.674189581814423,0.720623127760338,1.0639999999994
"DIMENSIONALITY","BALANCED","N80_P50_S20",7,80,50,20,30,0.4,"longTAPIO",8,0.726211669528394,0.797604113263929,0.671999999999571
"DIMENSIONALITY","BALANCED","N80_P50_S20",7,80,50,20,30,0.4,"kml3d",NA,0.661605666058781,0.752296481365203,1.06999999999971
"DIMENSIONALITY","BALANCED","N80_P50_S20",8,80,50,20,30,0.4,"longTAPIO",8,0.643861044815699,0.741729296672175,0.671000000000276
"DIMENSIONALITY","BALANCED","N80_P50_S20",8,80,50,20,30,0.4,"kml3d",NA,0.629650337619887,0.711209525392666,1.07200000000012
"DIMENSIONALITY","BALANCED","N80_P50_S20",9,80,50,20,30,0.4,"longTAPIO",8,0.73007121036329,0.795053734334068,0.677999999999884
"DIMENSIONALITY","BALANCED","N80_P50_S20",9,80,50,20,30,0.4,"kml3d",NA,0.677910522806519,0.721996956955884,1.06700000000001
"DIMENSIONALITY","BALANCED","N80_P50_S20",10,80,50,20,30,0.4,"longTAPIO",8,0.696343671576361,0.772738849912865,0.773000000000138
"DIMENSIONALITY","BALANCED","N80_P50_S20",10,80,50,20,30,0.4,"kml3d",NA,0.712271279313756,0.763567766440831,1.0619999999999
"DIMENSIONALITY","BALANCED","N80_P50_S20",11,80,50,20,30,0.4,"longTAPIO",8,0.726744375169423,0.791009638334858,0.675000000000182
"DIMENSIONALITY","BALANCED","N80_P50_S20",11,80,50,20,30,0.4,"kml3d",NA,0.726744375169423,0.791009638334858,1.07399999999961
"DIMENSIONALITY","BALANCED","N80_P50_S20",12,80,50,20,30,0.4,"longTAPIO",8,0.966232285924091,0.963749350121208,0.677999999999884
"DIMENSIONALITY","BALANCED","N80_P50_S20",12,80,50,20,30,0.4,"kml3d",NA,0.732455803860107,0.754171517500094,1.0659999999998
"DIMENSIONALITY","BALANCED","N80_P50_S20",13,80,50,20,30,0.4,"longTAPIO",8,0.726744375169423,0.791009638334858,0.671999999999571
"DIMENSIONALITY","BALANCED","N80_P50_S20",13,80,50,20,30,0.4,"kml3d",NA,0.600480006857241,0.689374639829602,1.07099999999991
"DIMENSIONALITY","BALANCED","N80_P50_S20",14,80,50,20,30,0.4,"longTAPIO",8,0.70566254983109,0.761890949058053,0.672999999999774
"DIMENSIONALITY","BALANCED","N80_P50_S20",14,80,50,20,30,0.4,"kml3d",NA,0.689108608679537,0.751445202947962,1.07099999999991
"DIMENSIONALITY","BALANCED","N80_P50_S20",15,80,50,20,30,0.4,"longTAPIO",8,0.747399386084584,0.810426298419702,0.674999999999272
"DIMENSIONALITY","BALANCED","N80_P50_S20",15,80,50,20,30,0.4,"kml3d",NA,0.591750602549125,0.687224505538284,1.06400000000031
"DIMENSIONALITY","BALANCED","N80_P50_S20",16,80,50,20,30,0.4,"longTAPIO",8,0.761008403361345,0.813225544610645,0.675000000000182
"DIMENSIONALITY","BALANCED","N80_P50_S20",16,80,50,20,30,0.4,"kml3d",NA,0.639481566192888,0.691992983812006,1.07099999999991
"DIMENSIONALITY","BALANCED","N80_P50_S20",17,80,50,20,30,0.4,"longTAPIO",8,0.502623294858342,0.625,0.766000000000531
"DIMENSIONALITY","BALANCED","N80_P50_S20",17,80,50,20,30,0.4,"kml3d",NA,0.578398983481576,0.698391110799899,1.06400000000031
"DIMENSIONALITY","BALANCED","N80_P50_S20",18,80,50,20,30,0.4,"longTAPIO",8,0.683375378130153,0.739215003844406,0.679000000000087
"DIMENSIONALITY","BALANCED","N80_P50_S20",18,80,50,20,30,0.4,"kml3d",NA,0.607881220596487,0.692873627718195,1.06899999999951
"DIMENSIONALITY","BALANCED","N80_P50_S20",19,80,50,20,30,0.4,"longTAPIO",8,0.601326689307138,0.713943431076702,0.673999999999978
"DIMENSIONALITY","BALANCED","N80_P50_S20",19,80,50,20,30,0.4,"kml3d",NA,0.622783083219645,0.727585076194006,1.08199999999943
"DIMENSIONALITY","BALANCED","N80_P50_S20",20,80,50,20,30,0.4,"longTAPIO",8,0.724045421197289,0.771218006519474,0.678999999999178
"DIMENSIONALITY","BALANCED","N80_P50_S20",20,80,50,20,30,0.4,"kml3d",NA,0.734902226545848,0.760203002924758,1.0659999999998
"DIMENSIONALITY","BALANCED","N80_P100_S40",1,80,100,40,60,0.4,"longTAPIO",10,0.966232285924091,0.963749350121208,0.73700000000008
"DIMENSIONALITY","BALANCED","N80_P100_S40",1,80,100,40,60,0.4,"kml3d",NA,0.786137810852577,0.789883889061627,3.76299999999992
"DIMENSIONALITY","BALANCED","N80_P100_S40",2,80,100,40,60,0.4,"longTAPIO",10,0.775156859785679,0.810413998836065,0.735000000000582
"DIMENSIONALITY","BALANCED","N80_P100_S40",2,80,100,40,60,0.4,"kml3d",NA,0.775156859785679,0.810413998836065,3.7519999999995
"DIMENSIONALITY","BALANCED","N80_P100_S40",3,80,100,40,60,0.4,"longTAPIO",10,0.737929098075103,0.818201400504777,0.738000000000284
"DIMENSIONALITY","BALANCED","N80_P100_S40",3,80,100,40,60,0.4,"kml3d",NA,0.657912158275724,0.714916668819382,3.76600000000053
"DIMENSIONALITY","BALANCED","N80_P100_S40",4,80,100,40,60,0.4,"longTAPIO",10,0.660231618403805,0.709396035666388,0.733000000000175
"DIMENSIONALITY","BALANCED","N80_P100_S40",4,80,100,40,60,0.4,"kml3d",NA,0.534690856033216,0.634408606888364,3.76599999999962
"DIMENSIONALITY","BALANCED","N80_P100_S40",5,80,100,40,60,0.4,"longTAPIO",10,0.689714704993742,0.768276001982953,0.833000000000538
"DIMENSIONALITY","BALANCED","N80_P100_S40",5,80,100,40,60,0.4,"kml3d",NA,0.736156280455088,0.773527650291946,3.64300000000003
"DIMENSIONALITY","BALANCED","N80_P100_S40",6,80,100,40,60,0.4,"longTAPIO",10,0.741987458630901,0.799749103602181,0.734999999999673
"DIMENSIONALITY","BALANCED","N80_P100_S40",6,80,100,40,60,0.4,"kml3d",NA,0.627102569413406,0.706443175319535,3.65499999999975
"DIMENSIONALITY","BALANCED","N80_P100_S40",7,80,100,40,60,0.4,"longTAPIO",10,0.802125237191651,0.84264751868791,0.735999999999876
"DIMENSIONALITY","BALANCED","N80_P100_S40",7,80,100,40,60,0.4,"kml3d",NA,0.644494921356019,0.718148982416963,3.75200000000041
"DIMENSIONALITY","BALANCED","N80_P100_S40",8,80,100,40,60,0.4,"longTAPIO",10,0.568593161604566,0.670462719661285,0.731999999999971
"DIMENSIONALITY","BALANCED","N80_P100_S40",8,80,100,40,60,0.4,"kml3d",NA,0.537674358671492,0.635639083881873,3.75300000000061
"DIMENSIONALITY","BALANCED","N80_P100_S40",9,80,100,40,60,0.4,"longTAPIO",10,0.538398018166804,0.643630970277561,0.735000000000582
"DIMENSIONALITY","BALANCED","N80_P100_S40",9,80,100,40,60,0.4,"kml3d",NA,0.538398018166804,0.643630970277561,3.76699999999983
"DIMENSIONALITY","BALANCED","N80_P100_S40",10,80,100,40,60,0.4,"longTAPIO",10,0.747399386084584,0.810426298419702,0.734999999999673
"DIMENSIONALITY","BALANCED","N80_P100_S40",10,80,100,40,60,0.4,"kml3d",NA,0.58252135790162,0.671793187529407,3.76000000000022
"DIMENSIONALITY","BALANCED","N80_P100_S40",11,80,100,40,60,0.4,"longTAPIO",10,0.69609057331682,0.772629100434929,0.735000000000582
"DIMENSIONALITY","BALANCED","N80_P100_S40",11,80,100,40,60,0.4,"kml3d",NA,0.643754651722779,0.719246439490619,3.76199999999972
"DIMENSIONALITY","BALANCED","N80_P100_S40",12,80,100,40,60,0.4,"longTAPIO",10,0.741987458630901,0.799749103602181,0.734000000000378
"DIMENSIONALITY","BALANCED","N80_P100_S40",12,80,100,40,60,0.4,"kml3d",NA,0.661550369005701,0.726363525862451,3.76600000000053
"DIMENSIONALITY","BALANCED","N80_P100_S40",13,80,100,40,60,0.4,"longTAPIO",10,0.904236149788684,0.919697027566246,0.734000000000378
"DIMENSIONALITY","BALANCED","N80_P100_S40",13,80,100,40,60,0.4,"kml3d",NA,0.743420123613691,0.799028336290723,3.74900000000071
"DIMENSIONALITY","BALANCED","N80_P100_S40",14,80,100,40,60,0.4,"longTAPIO",10,1,1,0.739000000000487
"DIMENSIONALITY","BALANCED","N80_P100_S40",14,80,100,40,60,0.4,"kml3d",NA,0.797525710763374,0.840228213781778,3.64999999999964
"DIMENSIONALITY","BALANCED","N80_P100_S40",15,80,100,40,60,0.4,"longTAPIO",10,0.659027148344771,0.75,0.734000000000378
"DIMENSIONALITY","BALANCED","N80_P100_S40",15,80,100,40,60,0.4,"kml3d",NA,0.659423445392789,0.751882334943255,3.64500000000044
"DIMENSIONALITY","BALANCED","N80_P100_S40",16,80,100,40,60,0.4,"longTAPIO",10,0.850094876660342,0.88719873517385,0.829999999999927
"DIMENSIONALITY","BALANCED","N80_P100_S40",16,80,100,40,60,0.4,"kml3d",NA,0.579960466369988,0.681569934801138,3.62599999999929
"DIMENSIONALITY","BALANCED","N80_P100_S40",17,80,100,40,60,0.4,"longTAPIO",10,0.826103845655833,0.873355651440036,0.835000000000036
"DIMENSIONALITY","BALANCED","N80_P100_S40",17,80,100,40,60,0.4,"kml3d",NA,0.770736778273487,0.818999207120076,3.65399999999954
"DIMENSIONALITY","BALANCED","N80_P100_S40",18,80,100,40,60,0.4,"longTAPIO",10,0.638568777245457,0.720797524878605,0.827000000000226
"DIMENSIONALITY","BALANCED","N80_P100_S40",18,80,100,40,60,0.4,"kml3d",NA,0.731406350137409,0.779496537948943,3.63799999999992
"DIMENSIONALITY","BALANCED","N80_P100_S40",19,80,100,40,60,0.4,"longTAPIO",10,0.784599717486285,0.805144212954206,0.833999999999833
"DIMENSIONALITY","BALANCED","N80_P100_S40",19,80,100,40,60,0.4,"kml3d",NA,0.722813077267809,0.750018904498625,3.66100000000006
"DIMENSIONALITY","BALANCED","N80_P100_S40",20,80,100,40,60,0.4,"longTAPIO",10,0.659423445392789,0.751882334943255,0.734000000000378
"DIMENSIONALITY","BALANCED","N80_P100_S40",20,80,100,40,60,0.4,"kml3d",NA,0.611110537776448,0.702276851174251,3.64300000000003
"DIMENSIONALITY","BALANCED","N120_P10_S4",1,120,10,4,6,0.4,"longTAPIO",4,0.771456681157097,0.820837316516957,0.981999999999971
"DIMENSIONALITY","BALANCED","N120_P10_S4",1,120,10,4,6,0.4,"kml3d",NA,0.677737197173889,0.725920080965592,0.313999999999396
"DIMENSIONALITY","BALANCED","N120_P10_S4",2,120,10,4,6,0.4,"longTAPIO",4,0.666342991005862,0.75179786142686,1.07799999999952
"DIMENSIONALITY","BALANCED","N120_P10_S4",2,120,10,4,6,0.4,"kml3d",NA,0.67463751951818,0.701686240151446,0.313999999999396
"DIMENSIONALITY","BALANCED","N120_P10_S4",3,120,10,4,6,0.4,"longTAPIO",4,0.753953955221754,0.802957048626571,0.969999999999345
"DIMENSIONALITY","BALANCED","N120_P10_S4",3,120,10,4,6,0.4,"kml3d",NA,0.366474551250844,0.403065057887713,0.315999999999804
"DIMENSIONALITY","BALANCED","N120_P10_S4",4,120,10,4,6,0.4,"longTAPIO",4,0.737057513095889,0.81511629225276,0.978000000000065
"DIMENSIONALITY","BALANCED","N120_P10_S4",4,120,10,4,6,0.4,"kml3d",NA,0.524293785310734,0.57305505825746,0.311999999999898
"DIMENSIONALITY","BALANCED","N120_P10_S4",5,120,10,4,6,0.4,"longTAPIO",4,0.821496020611925,0.836662973659677,0.981000000000677
"DIMENSIONALITY","BALANCED","N120_P10_S4",5,120,10,4,6,0.4,"kml3d",NA,0.559984483804971,0.616765468773979,0.317999999999302
"DIMENSIONALITY","BALANCED","N120_P10_S4",6,120,10,4,6,0.4,"longTAPIO",4,0.675677907777013,0.732968874654102,0.985999999999876
"DIMENSIONALITY","BALANCED","N120_P10_S4",6,120,10,4,6,0.4,"kml3d",NA,0.539765557391236,0.601638573876326,0.315999999999804
"DIMENSIONALITY","BALANCED","N120_P10_S4",7,120,10,4,6,0.4,"longTAPIO",4,0.690401933212242,0.75312157621842,0.989999999999782
"DIMENSIONALITY","BALANCED","N120_P10_S4",7,120,10,4,6,0.4,"kml3d",NA,0.456497175141243,0.510428474247172,0.325000000000728
"DIMENSIONALITY","BALANCED","N120_P10_S4",8,120,10,4,6,0.4,"longTAPIO",4,0.642900826734352,0.712941676768052,0.981999999999971
"DIMENSIONALITY","BALANCED","N120_P10_S4",8,120,10,4,6,0.4,"kml3d",NA,0.486824975590216,0.548124123524797,0.318000000000211
"DIMENSIONALITY","BALANCED","N120_P10_S4",9,120,10,4,6,0.4,"longTAPIO",4,0.654116418330134,0.730307744223794,1.10200000000077
"DIMENSIONALITY","BALANCED","N120_P10_S4",9,120,10,4,6,0.4,"kml3d",NA,0.312360596775126,0.365214065860955,0.317999999999302
"DIMENSIONALITY","BALANCED","N120_P10_S4",10,120,10,4,6,0.4,"longTAPIO",4,0.915155836219189,0.925970755273933,0.966999999999643
"DIMENSIONALITY","BALANCED","N120_P10_S4",10,120,10,4,6,0.4,"kml3d",NA,0.793450809412949,0.809366603221658,0.320000000000618
"DIMENSIONALITY","BALANCED","N120_P10_S4",11,120,10,4,6,0.4,"longTAPIO",4,0.702238452694935,0.771524695896638,0.978000000000065
"DIMENSIONALITY","BALANCED","N120_P10_S4",11,120,10,4,6,0.4,"kml3d",NA,0.592984847690452,0.658750033261745,0.319000000000415
"DIMENSIONALITY","BALANCED","N120_P10_S4",12,120,10,4,6,0.4,"longTAPIO",4,0.713650947239764,0.78030254470822,0.979999999999563
"DIMENSIONALITY","BALANCED","N120_P10_S4",12,120,10,4,6,0.4,"kml3d",NA,0.711055668174022,0.730485976866289,0.319000000000415
"DIMENSIONALITY","BALANCED","N120_P10_S4",13,120,10,4,6,0.4,"longTAPIO",4,0.798388136078028,0.842374747047245,0.98700000000008
"DIMENSIONALITY","BALANCED","N120_P10_S4",13,120,10,4,6,0.4,"kml3d",NA,0.54078095362679,0.615523786048839,0.314000000000306
"DIMENSIONALITY","BALANCED","N120_P10_S4",14,120,10,4,6,0.4,"longTAPIO",4,0.754301445285616,0.827819531114783,0.981999999999971
"DIMENSIONALITY","BALANCED","N120_P10_S4",14,120,10,4,6,0.4,"kml3d",NA,0.616239125585545,0.66436076101525,0.3149999999996
"DIMENSIONALITY","BALANCED","N120_P10_S4",15,120,10,4,6,0.4,"longTAPIO",4,0.768257428708936,0.812360718048262,0.981999999999971
"DIMENSIONALITY","BALANCED","N120_P10_S4",15,120,10,4,6,0.4,"kml3d",NA,0.560751354329555,0.601173643664382,0.319999999999709
"DIMENSIONALITY","BALANCED","N120_P10_S4",16,120,10,4,6,0.4,"longTAPIO",4,0.7447771864326,0.798927407199933,1.07499999999982
"DIMENSIONALITY","BALANCED","N120_P10_S4",16,120,10,4,6,0.4,"kml3d",NA,0.500854899278747,0.553597028444312,0.3149999999996
"DIMENSIONALITY","BALANCED","N120_P10_S4",17,120,10,4,6,0.4,"longTAPIO",4,0.728177102235126,0.798859278432337,0.967999999999847
"DIMENSIONALITY","BALANCED","N120_P10_S4",17,120,10,4,6,0.4,"kml3d",NA,0.360396249140246,0.453261120066442,0.313000000000102
"DIMENSIONALITY","BALANCED","N120_P10_S4",18,120,10,4,6,0.4,"longTAPIO",4,0.977587379214138,0.973444301026094,0.978000000000065
"DIMENSIONALITY","BALANCED","N120_P10_S4",18,120,10,4,6,0.4,"kml3d",NA,0.586384701568548,0.60884003062519,0.315999999999804
"DIMENSIONALITY","BALANCED","N120_P10_S4",19,120,10,4,6,0.4,"longTAPIO",4,0.754912163914855,0.803589395025943,0.980999999999767
"DIMENSIONALITY","BALANCED","N120_P10_S4",19,120,10,4,6,0.4,"kml3d",NA,0.292378370522032,0.371569117577947,0.313999999999396
"DIMENSIONALITY","BALANCED","N120_P10_S4",20,120,10,4,6,0.4,"longTAPIO",4,0.842432267264209,0.862373514854448,0.983999999999469
"DIMENSIONALITY","BALANCED","N120_P10_S4",20,120,10,4,6,0.4,"kml3d",NA,0.752775824830094,0.777731063386834,0.317000000000007
"DIMENSIONALITY","BALANCED","N120_P25_S10",1,120,25,10,15,0.4,"longTAPIO",5,0.876896551724138,0.88275110160268,1.01100000000042
"DIMENSIONALITY","BALANCED","N120_P25_S10",1,120,25,10,15,0.4,"kml3d",NA,0.705992976167562,0.754238559960841,0.592000000000553
"DIMENSIONALITY","BALANCED","N120_P25_S10",2,120,25,10,15,0.4,"longTAPIO",5,0.713451557761917,0.781764859233073,1.01400000000012
"DIMENSIONALITY","BALANCED","N120_P25_S10",2,120,25,10,15,0.4,"kml3d",NA,0.514044578178307,0.613108446665233,0.585000000000036
"DIMENSIONALITY","BALANCED","N120_P25_S10",3,120,25,10,15,0.4,"longTAPIO",5,0.745219210744003,0.821345282873471,1.10400000000027
"DIMENSIONALITY","BALANCED","N120_P25_S10",3,120,25,10,15,0.4,"kml3d",NA,0.739330478562114,0.7484796809289,0.595000000000255
"DIMENSIONALITY","BALANCED","N120_P25_S10",4,120,25,10,15,0.4,"longTAPIO",5,0.77319616571163,0.82745580811894,1.01200000000063
"DIMENSIONALITY","BALANCED","N120_P25_S10",4,120,25,10,15,0.4,"kml3d",NA,0.731149392826885,0.766842811634295,0.592999999999847
"DIMENSIONALITY","BALANCED","N120_P25_S10",5,120,25,10,15,0.4,"longTAPIO",5,0.732724186776585,0.791064427155985,1.01599999999962
"DIMENSIONALITY","BALANCED","N120_P25_S10",5,120,25,10,15,0.4,"kml3d",NA,0.631915561858172,0.68215017112187,0.588999999999942
"DIMENSIONALITY","BALANCED","N120_P25_S10",6,120,25,10,15,0.4,"longTAPIO",5,0.761988173325383,0.820575215471334,1.01099999999951
"DIMENSIONALITY","BALANCED","N120_P25_S10",6,120,25,10,15,0.4,"kml3d",NA,0.777035173161895,0.799841687603705,0.594000000000051
"DIMENSIONALITY","BALANCED","N120_P25_S10",7,120,25,10,15,0.4,"longTAPIO",5,0.739711478891937,0.794326220158196,1.02399999999943
"DIMENSIONALITY","BALANCED","N120_P25_S10",7,120,25,10,15,0.4,"kml3d",NA,0.689710403102486,0.751303676439278,0.604999999999563
"DIMENSIONALITY","BALANCED","N120_P25_S10",8,120,25,10,15,0.4,"longTAPIO",5,0.813654870028187,0.864786979256811,1.10000000000036
"DIMENSIONALITY","BALANCED","N120_P25_S10",8,120,25,10,15,0.4,"kml3d",NA,0.716288205332247,0.770110259192152,0.596999999999753
"DIMENSIONALITY","BALANCED","N120_P25_S10",9,120,25,10,15,0.4,"longTAPIO",5,0.707217458696749,0.777143514490109,1.00900000000001
"DIMENSIONALITY","BALANCED","N120_P25_S10",9,120,25,10,15,0.4,"kml3d",NA,0.659488609266664,0.721380000485708,0.592999999999847
"DIMENSIONALITY","BALANCED","N120_P25_S10",10,120,25,10,15,0.4,"longTAPIO",5,0.744084428578987,0.797025329098556,1.01100000000042
"DIMENSIONALITY","BALANCED","N120_P25_S10",10,120,25,10,15,0.4,"kml3d",NA,0.719177604242659,0.754154496351777,0.586999999999534
"DIMENSIONALITY","BALANCED","N120_P25_S10",11,120,25,10,15,0.4,"longTAPIO",5,0.807458608144435,0.834166958013089,1.01000000000022
"DIMENSIONALITY","BALANCED","N120_P25_S10",11,120,25,10,15,0.4,"kml3d",NA,0.754653227192028,0.780572822996293,0.591000000000349
"DIMENSIONALITY","BALANCED","N120_P25_S10",12,120,25,10,15,0.4,"longTAPIO",5,0.782673210820683,0.82395183701117,1.00999999999931
"DIMENSIONALITY","BALANCED","N120_P25_S10",12,120,25,10,15,0.4,"kml3d",NA,0.57095154414091,0.646745454250809,0.603000000000065
"DIMENSIONALITY","BALANCED","N120_P25_S10",13,120,25,10,15,0.4,"longTAPIO",5,0.728652041137809,0.791956516769225,1.11499999999978
"DIMENSIONALITY","BALANCED","N120_P25_S10",13,120,25,10,15,0.4,"kml3d",NA,0.744940173825531,0.785241006949584,0.608000000000175
"DIMENSIONALITY","BALANCED","N120_P25_S10",14,120,25,10,15,0.4,"longTAPIO",5,0.781319789180843,0.819972986853777,1.01599999999962
"DIMENSIONALITY","BALANCED","N120_P25_S10",14,120,25,10,15,0.4,"kml3d",NA,0.667626348358084,0.713414142039151,0.595000000000255
"DIMENSIONALITY","BALANCED","N120_P25_S10",15,120,25,10,15,0.4,"longTAPIO",5,0.681969289219566,0.750233456994446,1.01400000000012
"DIMENSIONALITY","BALANCED","N120_P25_S10",15,120,25,10,15,0.4,"kml3d",NA,0.632071279314942,0.692416412502015,0.592000000000553
"DIMENSIONALITY","BALANCED","N120_P25_S10",16,120,25,10,15,0.4,"longTAPIO",5,0.710834391308281,0.779366231646477,1.01600000000053
"DIMENSIONALITY","BALANCED","N120_P25_S10",16,120,25,10,15,0.4,"kml3d",NA,0.6546212647672,0.723417016544908,0.59900000000016
"DIMENSIONALITY","BALANCED","N120_P25_S10",17,120,25,10,15,0.4,"longTAPIO",5,0.758288732773727,0.793865622651285,1.01400000000012
"DIMENSIONALITY","BALANCED","N120_P25_S10",17,120,25,10,15,0.4,"kml3d",NA,0.688015832108381,0.730533152555805,0.592000000000553
"DIMENSIONALITY","BALANCED","N120_P25_S10",18,120,25,10,15,0.4,"longTAPIO",5,0.785330410272471,0.834708890524568,1.03200000000015
"DIMENSIONALITY","BALANCED","N120_P25_S10",18,120,25,10,15,0.4,"kml3d",NA,0.724466169282223,0.76733527434891,0.601000000000568
"DIMENSIONALITY","BALANCED","N120_P25_S10",19,120,25,10,15,0.4,"longTAPIO",5,0.707217458696749,0.777143514490109,1.11300000000028
"DIMENSIONALITY","BALANCED","N120_P25_S10",19,120,25,10,15,0.4,"kml3d",NA,0.708616619674924,0.777665257140124,0.600000000000364
"DIMENSIONALITY","BALANCED","N120_P25_S10",20,120,25,10,15,0.4,"longTAPIO",5,0.617495415812749,0.709932965871367,1.02000000000044
"DIMENSIONALITY","BALANCED","N120_P25_S10",20,120,25,10,15,0.4,"kml3d",NA,0.640915956089328,0.688631840659254,0.600000000000364
"DIMENSIONALITY","BALANCED","N120_P50_S20",1,120,50,20,30,0.4,"longTAPIO",8,0.733917565190793,0.801865289577262,1.11700000000019
"DIMENSIONALITY","BALANCED","N120_P50_S20",1,120,50,20,30,0.4,"kml3d",NA,0.662016382594048,0.711887083557954,1.61999999999989
"DIMENSIONALITY","BALANCED","N120_P50_S20",2,120,50,20,30,0.4,"longTAPIO",8,0.877753681086634,0.902496636752747,1.12099999999919
"DIMENSIONALITY","BALANCED","N120_P50_S20",2,120,50,20,30,0.4,"kml3d",NA,0.669208224068402,0.728772260400608,1.62100000000009
"DIMENSIONALITY","BALANCED","N120_P50_S20",3,120,50,20,30,0.4,"longTAPIO",8,0.775248911158577,0.841596040632915,1.20499999999993
"DIMENSIONALITY","BALANCED","N120_P50_S20",3,120,50,20,30,0.4,"kml3d",NA,0.745698152506585,0.777669306339124,1.59900000000016
"DIMENSIONALITY","BALANCED","N120_P50_S20",4,120,50,20,30,0.4,"longTAPIO",8,0.585460895581808,0.688632134116477,1.1220000000003
"DIMENSIONALITY","BALANCED","N120_P50_S20",4,120,50,20,30,0.4,"kml3d",NA,0.605048929499125,0.673319078379854,1.62100000000009
"DIMENSIONALITY","BALANCED","N120_P50_S20",5,120,50,20,30,0.4,"longTAPIO",8,0.713330153955269,0.785107653326831,1.1239999999998
"DIMENSIONALITY","BALANCED","N120_P50_S20",5,120,50,20,30,0.4,"kml3d",NA,0.59916900014672,0.674569339556821,1.71299999999974
"DIMENSIONALITY","BALANCED","N120_P50_S20",6,120,50,20,30,0.4,"longTAPIO",8,0.828311974879063,0.873355651440036,1.11799999999948
"DIMENSIONALITY","BALANCED","N120_P50_S20",6,120,50,20,30,0.4,"kml3d",NA,0.664502795783901,0.717188930582282,1.63200000000052
"DIMENSIONALITY","BALANCED","N120_P50_S20",7,120,50,20,30,0.4,"longTAPIO",8,0.81874580658291,0.84377670264703,1.11700000000019
"DIMENSIONALITY","BALANCED","N120_P50_S20",7,120,50,20,30,0.4,"kml3d",NA,0.725771542065594,0.763465149861845,1.60900000000038
"DIMENSIONALITY","BALANCED","N120_P50_S20",8,120,50,20,30,0.4,"longTAPIO",8,0.827252054941823,0.859155187296407,1.11799999999948
"DIMENSIONALITY","BALANCED","N120_P50_S20",8,120,50,20,30,0.4,"kml3d",NA,0.760286026152235,0.766778310002352,1.70100000000002
"DIMENSIONALITY","BALANCED","N120_P50_S20",9,120,50,20,30,0.4,"longTAPIO",8,0.843041763370493,0.868410242638263,1.11999999999989
"DIMENSIONALITY","BALANCED","N120_P50_S20",9,120,50,20,30,0.4,"kml3d",NA,0.751393800576398,0.790244310373382,1.60999999999967
"DIMENSIONALITY","BALANCED","N120_P50_S20",10,120,50,20,30,0.4,"longTAPIO",8,0.680679785330948,0.758712888639919,1.11599999999999
"DIMENSIONALITY","BALANCED","N120_P50_S20",10,120,50,20,30,0.4,"kml3d",NA,0.749779710458425,0.783324891516231,1.60400000000027
"DIMENSIONALITY","BALANCED","N120_P50_S20",11,120,50,20,30,0.4,"longTAPIO",8,0.742351363653139,0.807804897945476,1.20399999999972
"DIMENSIONALITY","BALANCED","N120_P50_S20",11,120,50,20,30,0.4,"kml3d",NA,0.608830450861006,0.682641981206693,1.60900000000038
"DIMENSIONALITY","BALANCED","N120_P50_S20",12,120,50,20,30,0.4,"longTAPIO",8,1,1,1.11599999999999
"DIMENSIONALITY","BALANCED","N120_P50_S20",12,120,50,20,30,0.4,"kml3d",NA,0.617139080445437,0.707451023467906,1.60300000000007
"DIMENSIONALITY","BALANCED","N120_P50_S20",13,120,50,20,30,0.4,"longTAPIO",8,0.473389492136145,0.614741711179079,1.11799999999948
"DIMENSIONALITY","BALANCED","N120_P50_S20",13,120,50,20,30,0.4,"kml3d",NA,0.587425072530733,0.677411414568861,1.70900000000074
"DIMENSIONALITY","BALANCED","N120_P50_S20",14,120,50,20,30,0.4,"longTAPIO",8,1,1,1.11400000000049
"DIMENSIONALITY","BALANCED","N120_P50_S20",14,120,50,20,30,0.4,"kml3d",NA,0.735326271346176,0.780329838577995,1.60300000000007
"DIMENSIONALITY","BALANCED","N120_P50_S20",15,120,50,20,30,0.4,"longTAPIO",8,0.798388136078028,0.842374747047245,1.11599999999999
"DIMENSIONALITY","BALANCED","N120_P50_S20",15,120,50,20,30,0.4,"kml3d",NA,0.802546553585589,0.822208441338694,1.61499999999978
"DIMENSIONALITY","BALANCED","N120_P50_S20",16,120,50,20,30,0.4,"longTAPIO",8,0.747517610116269,0.803523740338379,1.11599999999999
"DIMENSIONALITY","BALANCED","N120_P50_S20",16,120,50,20,30,0.4,"kml3d",NA,0.57182396900083,0.651331300220821,1.72000000000025
"DIMENSIONALITY","BALANCED","N120_P50_S20",17,120,50,20,30,0.4,"longTAPIO",8,0.737600093231229,0.803735203412703,1.11400000000049
"DIMENSIONALITY","BALANCED","N120_P50_S20",17,120,50,20,30,0.4,"kml3d",NA,0.73981315841781,0.801553853932291,1.59400000000005
"DIMENSIONALITY","BALANCED","N120_P50_S20",18,120,50,20,30,0.4,"longTAPIO",8,0.860371486674109,0.892118449143282,1.11800000000039
"DIMENSIONALITY","BALANCED","N120_P50_S20",18,120,50,20,30,0.4,"kml3d",NA,0.710776065581043,0.744827286475739,1.60699999999997
"DIMENSIONALITY","BALANCED","N120_P50_S20",19,120,50,20,30,0.4,"longTAPIO",8,0.557120996253496,0.660566782932398,1.21000000000004
"DIMENSIONALITY","BALANCED","N120_P50_S20",19,120,50,20,30,0.4,"kml3d",NA,0.515577648418253,0.633380871509772,1.61399999999958
"DIMENSIONALITY","BALANCED","N120_P50_S20",20,120,50,20,30,0.4,"longTAPIO",8,0.709725610111927,0.78704728389558,1.11500000000069
"DIMENSIONALITY","BALANCED","N120_P50_S20",20,120,50,20,30,0.4,"kml3d",NA,0.643054574300624,0.716982839916162,1.60000000000036
"DIMENSIONALITY","BALANCED","N120_P100_S40",1,120,100,40,60,0.4,"longTAPIO",10,0.737057513095889,0.81511629225276,1.19599999999991
"DIMENSIONALITY","BALANCED","N120_P100_S40",1,120,100,40,60,0.4,"kml3d",NA,0.689823579444124,0.755889403455423,5.41600000000017
"DIMENSIONALITY","BALANCED","N120_P100_S40",2,120,100,40,60,0.4,"longTAPIO",10,0.955960235321142,0.955027991117732,1.17099999999937
"DIMENSIONALITY","BALANCED","N120_P100_S40",2,120,100,40,60,0.4,"kml3d",NA,0.729780600204463,0.767310926172466,5.17600000000039
"DIMENSIONALITY","BALANCED","N120_P100_S40",3,120,100,40,60,0.4,"longTAPIO",10,0.698737902191284,0.770782352313802,1.17399999999998
"DIMENSIONALITY","BALANCED","N120_P100_S40",3,120,100,40,60,0.4,"kml3d",NA,0.629194543133546,0.694352302584755,5.29600000000028
"DIMENSIONALITY","BALANCED","N120_P100_S40",4,120,100,40,60,0.4,"longTAPIO",10,0.689717385662914,0.752646939501736,1.17000000000007
"DIMENSIONALITY","BALANCED","N120_P100_S40",4,120,100,40,60,0.4,"kml3d",NA,0.700933639939182,0.7572700637173,5.29499999999916
"DIMENSIONALITY","BALANCED","N120_P100_S40",5,120,100,40,60,0.4,"longTAPIO",10,0.771327870352548,0.807520509194396,1.16899999999987
"DIMENSIONALITY","BALANCED","N120_P100_S40",5,120,100,40,60,0.4,"kml3d",NA,0.72698969648086,0.776123046875171,5.25400000000081
"DIMENSIONALITY","BALANCED","N120_P100_S40",6,120,100,40,60,0.4,"longTAPIO",10,0.565891472868217,0.674507404853904,1.16899999999987
"DIMENSIONALITY","BALANCED","N120_P100_S40",6,120,100,40,60,0.4,"kml3d",NA,0.588156617409125,0.670463117479455,5.32200000000012
"DIMENSIONALITY","BALANCED","N120_P100_S40",7,120,100,40,60,0.4,"longTAPIO",10,0.771456681157097,0.820837316516957,1.17299999999977
"DIMENSIONALITY","BALANCED","N120_P100_S40",7,120,100,40,60,0.4,"kml3d",NA,0.710552269808299,0.74930619044691,5.1869999999999
"DIMENSIONALITY","BALANCED","N120_P100_S40",8,120,100,40,60,0.4,"longTAPIO",10,0.653447155284472,0.723994752342101,1.17399999999998
"DIMENSIONALITY","BALANCED","N120_P100_S40",8,120,100,40,60,0.4,"kml3d",NA,0.523905956732194,0.616765190130825,5.32099999999991
"DIMENSIONALITY","BALANCED","N120_P100_S40",9,120,100,40,60,0.4,"longTAPIO",10,0.827252054941823,0.859155187296407,1.17399999999998
"DIMENSIONALITY","BALANCED","N120_P100_S40",9,120,100,40,60,0.4,"kml3d",NA,0.604896421845574,0.680449604017812,5.35500000000047
"DIMENSIONALITY","BALANCED","N120_P100_S40",10,120,100,40,60,0.4,"longTAPIO",10,0.915155836219189,0.925970755273933,1.17399999999998
"DIMENSIONALITY","BALANCED","N120_P100_S40",10,120,100,40,60,0.4,"kml3d",NA,0.735478298423667,0.774959148158739,5.22599999999966
"DIMENSIONALITY","BALANCED","N120_P100_S40",11,120,100,40,60,0.4,"longTAPIO",10,1,1,1.27700000000004
"DIMENSIONALITY","BALANCED","N120_P100_S40",11,120,100,40,60,0.4,"kml3d",NA,0.757059330243184,0.806036805655498,5.22299999999996
"DIMENSIONALITY","BALANCED","N120_P100_S40",12,120,100,40,60,0.4,"longTAPIO",10,0.54057139020378,0.649200129993,1.18199999999979
"DIMENSIONALITY","BALANCED","N120_P100_S40",12,120,100,40,60,0.4,"kml3d",NA,0.552981049630734,0.659205703208657,5.30299999999988
"DIMENSIONALITY","BALANCED","N120_P100_S40",13,120,100,40,60,0.4,"longTAPIO",10,0.712982223299856,0.779830835995952,1.17399999999998
"DIMENSIONALITY","BALANCED","N120_P100_S40",13,120,100,40,60,0.4,"kml3d",NA,0.557486808713204,0.660870545538641,5.21699999999964
"DIMENSIONALITY","BALANCED","N120_P100_S40",14,120,100,40,60,0.4,"longTAPIO",10,0.775248911158577,0.841596040632915,1.26900000000023
"DIMENSIONALITY","BALANCED","N120_P100_S40",14,120,100,40,60,0.4,"kml3d",NA,0.799543140082439,0.815150739213027,5.21000000000004
"DIMENSIONALITY","BALANCED","N120_P100_S40",15,120,100,40,60,0.4,"longTAPIO",10,0.785330410272471,0.834708890524568,1.17100000000028
"DIMENSIONALITY","BALANCED","N120_P100_S40",15,120,100,40,60,0.4,"kml3d",NA,0.626919041263944,0.683966953652454,5.3130000000001
"DIMENSIONALITY","BALANCED","N120_P100_S40",16,120,100,40,60,0.4,"longTAPIO",10,0.876992381414224,0.884214302798619,1.17399999999998
"DIMENSIONALITY","BALANCED","N120_P100_S40",16,120,100,40,60,0.4,"kml3d",NA,0.734275582509182,0.759620314573711,5.20699999999943
"DIMENSIONALITY","BALANCED","N120_P100_S40",17,120,100,40,60,0.4,"longTAPIO",10,0.915155836219189,0.925970755273933,1.16899999999987
"DIMENSIONALITY","BALANCED","N120_P100_S40",17,120,100,40,60,0.4,"kml3d",NA,0.841941251596424,0.858372623361774,5.27800000000025
"DIMENSIONALITY","BALANCED","N120_P100_S40",18,120,100,40,60,0.4,"longTAPIO",10,0.665758224644734,0.752296481365203,1.17000000000007
"DIMENSIONALITY","BALANCED","N120_P100_S40",18,120,100,40,60,0.4,"kml3d",NA,0.704583236650636,0.730661612379134,5.25099999999929
"DIMENSIONALITY","BALANCED","N120_P100_S40",19,120,100,40,60,0.4,"longTAPIO",10,0.799922640455922,0.856670139516352,1.17000000000007
"DIMENSIONALITY","BALANCED","N120_P100_S40",19,120,100,40,60,0.4,"kml3d",NA,0.656810863782724,0.710697675593174,5.23000000000047
"DIMENSIONALITY","BALANCED","N120_P100_S40",20,120,100,40,60,0.4,"longTAPIO",10,0.842064292186164,0.859320656090705,1.17299999999977
"DIMENSIONALITY","BALANCED","N120_P100_S40",20,120,100,40,60,0.4,"kml3d",NA,0.651816253879293,0.707155126176343,5.31700000000001
"DIMENSIONALITY","BALANCED","N200_P10_S4",1,200,10,4,6,0.4,"longTAPIO",4,0.878196740487648,0.883268877062596,2.16400000000067
"DIMENSIONALITY","BALANCED","N200_P10_S4",1,200,10,4,6,0.4,"kml3d",NA,0.523615503080431,0.549324503156803,0.502999999999702
"DIMENSIONALITY","BALANCED","N200_P10_S4",2,200,10,4,6,0.4,"longTAPIO",4,0.62813120965334,0.693006848345714,2.16799999999967
"DIMENSIONALITY","BALANCED","N200_P10_S4",2,200,10,4,6,0.4,"kml3d",NA,0.560193718939481,0.623614441934999,0.494999999999891
"DIMENSIONALITY","BALANCED","N200_P10_S4",3,200,10,4,6,0.4,"longTAPIO",4,0.743517106700939,0.793835831890993,2.27599999999984
"DIMENSIONALITY","BALANCED","N200_P10_S4",3,200,10,4,6,0.4,"kml3d",NA,0.740662467530263,0.757397256484038,0.498000000000502
"DIMENSIONALITY","BALANCED","N200_P10_S4",4,200,10,4,6,0.4,"longTAPIO",4,0.647135856736732,0.718283183464485,2.16799999999967
"DIMENSIONALITY","BALANCED","N200_P10_S4",4,200,10,4,6,0.4,"kml3d",NA,0.676432357909731,0.725726742972719,0.498999999999796
"DIMENSIONALITY","BALANCED","N200_P10_S4",5,200,10,4,6,0.4,"longTAPIO",4,0.696008539237837,0.745446440875066,2.18499999999949
"DIMENSIONALITY","BALANCED","N200_P10_S4",5,200,10,4,6,0.4,"kml3d",NA,0.618988473801368,0.668504933427291,0.498999999999796
"DIMENSIONALITY","BALANCED","N200_P10_S4",6,200,10,4,6,0.4,"longTAPIO",4,0.782019106778886,0.844498574705644,2.17699999999968
"DIMENSIONALITY","BALANCED","N200_P10_S4",6,200,10,4,6,0.4,"kml3d",NA,0.661512909194886,0.701498184771141,0.5
"DIMENSIONALITY","BALANCED","N200_P10_S4",7,200,10,4,6,0.4,"longTAPIO",4,0.70313371045686,0.753868692962421,2.86300000000028
"DIMENSIONALITY","BALANCED","N200_P10_S4",7,200,10,4,6,0.4,"kml3d",NA,0.306731560121699,0.376280674455377,0.82300000000032
"DIMENSIONALITY","BALANCED","N200_P10_S4",8,200,10,4,6,0.4,"longTAPIO",4,0.686345621203079,0.748195520347617,3.52400000000034
"DIMENSIONALITY","BALANCED","N200_P10_S4",8,200,10,4,6,0.4,"kml3d",NA,0.493636625706938,0.570655872478049,0.832999999999629
"DIMENSIONALITY","BALANCED","N200_P10_S4",9,200,10,4,6,0.4,"longTAPIO",4,0.589423770875006,0.692202279597969,3.44200000000001
"DIMENSIONALITY","BALANCED","N200_P10_S4",9,200,10,4,6,0.4,"kml3d",NA,0.519654940365282,0.568797823300616,0.819999999999709
"DIMENSIONALITY","BALANCED","N200_P10_S4",10,200,10,4,6,0.4,"longTAPIO",4,0.828821073240765,0.857570066929393,3.42799999999988
"DIMENSIONALITY","BALANCED","N200_P10_S4",10,200,10,4,6,0.4,"kml3d",NA,0.626653819750707,0.67589787284628,0.822000000000116
"DIMENSIONALITY","BALANCED","N200_P10_S4",11,200,10,4,6,0.4,"longTAPIO",4,0.97347395681731,0.969424860363499,3.76100000000042
"DIMENSIONALITY","BALANCED","N200_P10_S4",11,200,10,4,6,0.4,"kml3d",NA,0.714871654948338,0.724187597433637,0.824000000000524
"DIMENSIONALITY","BALANCED","N200_P10_S4",12,200,10,4,6,0.4,"longTAPIO",4,0.699826359791469,0.745564756304861,3.44499999999971
"DIMENSIONALITY","BALANCED","N200_P10_S4",12,200,10,4,6,0.4,"kml3d",NA,0.609610642540835,0.669334770125581,0.817999999999302
"DIMENSIONALITY","BALANCED","N200_P10_S4",13,200,10,4,6,0.4,"longTAPIO",4,0.948073410454901,0.948572210929773,3.4320000000007
"DIMENSIONALITY","BALANCED","N200_P10_S4",13,200,10,4,6,0.4,"kml3d",NA,0.778535751706459,0.789563399197079,0.826000000000022
"DIMENSIONALITY","BALANCED","N200_P10_S4",14,200,10,4,6,0.4,"longTAPIO",4,0.706577079910887,0.76378760590909,3.54500000000007
"DIMENSIONALITY","BALANCED","N200_P10_S4",14,200,10,4,6,0.4,"kml3d",NA,0.667503331143148,0.691170271304443,0.822000000000116
"DIMENSIONALITY","BALANCED","N200_P10_S4",15,200,10,4,6,0.4,"longTAPIO",4,0.707030655088458,0.743244692810224,3.38500000000022
"DIMENSIONALITY","BALANCED","N200_P10_S4",15,200,10,4,6,0.4,"kml3d",NA,0.620729979626805,0.648022975653887,0.807999999999993
"DIMENSIONALITY","BALANCED","N200_P10_S4",16,200,10,4,6,0.4,"longTAPIO",4,0.711406292692154,0.777318471593378,3.39899999999943
"DIMENSIONALITY","BALANCED","N200_P10_S4",16,200,10,4,6,0.4,"kml3d",NA,0.617274929167681,0.676082149025242,0.791000000000167
"DIMENSIONALITY","BALANCED","N200_P10_S4",17,200,10,4,6,0.4,"longTAPIO",4,0.619077855132553,0.692889368105737,3.53600000000006
"DIMENSIONALITY","BALANCED","N200_P10_S4",17,200,10,4,6,0.4,"kml3d",NA,0.575579487082513,0.624522686406151,0.793999999999869
"DIMENSIONALITY","BALANCED","N200_P10_S4",18,200,10,4,6,0.4,"longTAPIO",4,0.712297176261073,0.772902906249466,3.36299999999937
"DIMENSIONALITY","BALANCED","N200_P10_S4",18,200,10,4,6,0.4,"kml3d",NA,0.449181344078052,0.49316517211337,0.809999999999491
"DIMENSIONALITY","BALANCED","N200_P10_S4",19,200,10,4,6,0.4,"longTAPIO",4,0.664587567592076,0.731306358397537,3.23199999999997
"DIMENSIONALITY","BALANCED","N200_P10_S4",19,200,10,4,6,0.4,"kml3d",NA,0.708332039964425,0.740480031150288,0.785000000000764
"DIMENSIONALITY","BALANCED","N200_P10_S4",20,200,10,4,6,0.4,"longTAPIO",4,0.775429715373298,0.814665910707036,3.23199999999997
"DIMENSIONALITY","BALANCED","N200_P10_S4",20,200,10,4,6,0.4,"kml3d",NA,0.647960104243401,0.704254048550162,0.796000000000276
"DIMENSIONALITY","BALANCED","N200_P25_S10",1,200,25,10,15,0.4,"longTAPIO",5,0.900610462827998,0.906686961032429,3.2529999999997
"DIMENSIONALITY","BALANCED","N200_P25_S10",1,200,25,10,15,0.4,"kml3d",NA,0.704323808201806,0.748746732915551,1.46600000000035
"DIMENSIONALITY","BALANCED","N200_P25_S10",2,200,25,10,15,0.4,"longTAPIO",5,0.785523366097603,0.826190424565729,3.33500000000004
"DIMENSIONALITY","BALANCED","N200_P25_S10",2,200,25,10,15,0.4,"kml3d",NA,0.638004542267723,0.688180996150889,1.48300000000017
"DIMENSIONALITY","BALANCED","N200_P25_S10",3,200,25,10,15,0.4,"longTAPIO",5,0.819839627521987,0.852292630601257,3.26000000000022
"DIMENSIONALITY","BALANCED","N200_P25_S10",3,200,25,10,15,0.4,"kml3d",NA,0.664178208187757,0.703913789673421,1.4989999999998
"DIMENSIONALITY","BALANCED","N200_P25_S10",4,200,25,10,15,0.4,"longTAPIO",5,0.68418315657872,0.761167208994998,3.33700000000044
"DIMENSIONALITY","BALANCED","N200_P25_S10",4,200,25,10,15,0.4,"kml3d",NA,0.557141445467061,0.638280951269254,1.51800000000003
"DIMENSIONALITY","BALANCED","N200_P25_S10",5,200,25,10,15,0.4,"longTAPIO",5,0.900610462827998,0.906686961032429,3.42900000000009
"DIMENSIONALITY","BALANCED","N200_P25_S10",5,200,25,10,15,0.4,"kml3d",NA,0.731374440743375,0.756399297771305,1.48899999999958
"DIMENSIONALITY","BALANCED","N200_P25_S10",6,200,25,10,15,0.4,"longTAPIO",5,0.741317478548747,0.79561355562666,3.29300000000057
"DIMENSIONALITY","BALANCED","N200_P25_S10",6,200,25,10,15,0.4,"kml3d",NA,0.651706936591345,0.676971433089066,1.4989999999998
"DIMENSIONALITY","BALANCED","N200_P25_S10",7,200,25,10,15,0.4,"longTAPIO",5,0.785916374704491,0.819040381046523,3.2470000000003
"DIMENSIONALITY","BALANCED","N200_P25_S10",7,200,25,10,15,0.4,"kml3d",NA,0.752790324653381,0.783309229162427,1.46100000000024
"DIMENSIONALITY","BALANCED","N200_P25_S10",8,200,25,10,15,0.4,"longTAPIO",5,0.77517440436531,0.840164262487276,3.79600000000028
"DIMENSIONALITY","BALANCED","N200_P25_S10",8,200,25,10,15,0.4,"kml3d",NA,0.764154261169014,0.772981334842422,1.5619999999999
"DIMENSIONALITY","BALANCED","N200_P25_S10",9,200,25,10,15,0.4,"longTAPIO",5,0.97347395681731,0.969424860363499,3.80400000000009
"DIMENSIONALITY","BALANCED","N200_P25_S10",9,200,25,10,15,0.4,"kml3d",NA,0.80480469525813,0.823747702795109,1.60099999999966
"DIMENSIONALITY","BALANCED","N200_P25_S10",10,200,25,10,15,0.4,"longTAPIO",5,0.717380746745491,0.775558114623591,3.80099999999948
"DIMENSIONALITY","BALANCED","N200_P25_S10",10,200,25,10,15,0.4,"kml3d",NA,0.660155559902611,0.713916612554091,1.51700000000073
"DIMENSIONALITY","BALANCED","N200_P25_S10",11,200,25,10,15,0.4,"longTAPIO",5,0.73649096653828,0.812688948103612,3.47400000000016
"DIMENSIONALITY","BALANCED","N200_P25_S10",11,200,25,10,15,0.4,"kml3d",NA,0.786946736174225,0.798933732962072,1.78400000000056
"DIMENSIONALITY","BALANCED","N200_P25_S10",12,200,25,10,15,0.4,"longTAPIO",5,0.762477620378805,0.831830901123754,3.52500000000055
"DIMENSIONALITY","BALANCED","N200_P25_S10",12,200,25,10,15,0.4,"kml3d",NA,0.60708315977951,0.651868022858437,1.53499999999985
"DIMENSIONALITY","BALANCED","N200_P25_S10",13,200,25,10,15,0.4,"longTAPIO",5,0.730712124344541,0.789959208979309,3.5570000000007
"DIMENSIONALITY","BALANCED","N200_P25_S10",13,200,25,10,15,0.4,"kml3d",NA,0.751203544931325,0.768833670686611,1.57999999999993
"DIMENSIONALITY","BALANCED","N200_P25_S10",14,200,25,10,15,0.4,"longTAPIO",5,0.761024541702987,0.821760329969777,3.28600000000006
"DIMENSIONALITY","BALANCED","N200_P25_S10",14,200,25,10,15,0.4,"kml3d",NA,0.613102180095043,0.672721095010542,1.50200000000041
"DIMENSIONALITY","BALANCED","N200_P25_S10",15,200,25,10,15,0.4,"longTAPIO",5,0.763031028020115,0.798185470995835,3.3769999999995
"DIMENSIONALITY","BALANCED","N200_P25_S10",15,200,25,10,15,0.4,"kml3d",NA,0.749390387364121,0.779822965670844,1.45399999999972
"DIMENSIONALITY","BALANCED","N200_P25_S10",16,200,25,10,15,0.4,"longTAPIO",5,0.685553917049461,0.761713739762319,3.25200000000041
"DIMENSIONALITY","BALANCED","N200_P25_S10",16,200,25,10,15,0.4,"kml3d",NA,0.663345238613275,0.730071929095565,1.47400000000016
"DIMENSIONALITY","BALANCED","N200_P25_S10",17,200,25,10,15,0.4,"longTAPIO",5,0.589138108382112,0.678337523023764,3.2559999999994
"DIMENSIONALITY","BALANCED","N200_P25_S10",17,200,25,10,15,0.4,"kml3d",NA,0.653403127207107,0.706710056594817,1.49000000000069
"DIMENSIONALITY","BALANCED","N200_P25_S10",18,200,25,10,15,0.4,"longTAPIO",5,0.809627993917078,0.838449275173004,3.35700000000088
"DIMENSIONALITY","BALANCED","N200_P25_S10",18,200,25,10,15,0.4,"kml3d",NA,0.713786560265884,0.735905657883422,1.45299999999952
"DIMENSIONALITY","BALANCED","N200_P25_S10",19,200,25,10,15,0.4,"longTAPIO",5,0.730712124344541,0.789959208979309,3.26000000000022
"DIMENSIONALITY","BALANCED","N200_P25_S10",19,200,25,10,15,0.4,"kml3d",NA,0.664460041960193,0.727092409263137,1.46700000000055
"DIMENSIONALITY","BALANCED","N200_P25_S10",20,200,25,10,15,0.4,"longTAPIO",5,0.667880886991289,0.741090861337605,3.25
"DIMENSIONALITY","BALANCED","N200_P25_S10",20,200,25,10,15,0.4,"kml3d",NA,0.635281600448384,0.680255994454052,1.44899999999961
"DIMENSIONALITY","BALANCED","N200_P50_S20",1,200,50,20,30,0.4,"longTAPIO",8,0.725508047363044,0.786788722235759,3.60299999999916
"DIMENSIONALITY","BALANCED","N200_P50_S20",1,200,50,20,30,0.4,"kml3d",NA,0.718652784035874,0.768085705611335,3.96299999999974
"DIMENSIONALITY","BALANCED","N200_P50_S20",2,200,50,20,30,0.4,"longTAPIO",8,0.973333124730886,0.964567724802747,3.49900000000071
"DIMENSIONALITY","BALANCED","N200_P50_S20",2,200,50,20,30,0.4,"kml3d",NA,0.787288065296896,0.80969728152145,3.97500000000036
"DIMENSIONALITY","BALANCED","N200_P50_S20",3,200,50,20,30,0.4,"longTAPIO",8,0.710623612682781,0.768098462158738,3.66600000000017
"DIMENSIONALITY","BALANCED","N200_P50_S20",3,200,50,20,30,0.4,"kml3d",NA,0.718460686397528,0.748230959710782,4.53499999999985
"DIMENSIONALITY","BALANCED","N200_P50_S20",4,200,50,20,30,0.4,"longTAPIO",8,0.742091847732368,0.796725401322931,3.90399999999954
"DIMENSIONALITY","BALANCED","N200_P50_S20",4,200,50,20,30,0.4,"kml3d",NA,0.705119206263627,0.745898020413403,3.99600000000009
"DIMENSIONALITY","BALANCED","N200_P50_S20",5,200,50,20,30,0.4,"longTAPIO",8,0.704123345991343,0.773004706458318,3.46100000000024
"DIMENSIONALITY","BALANCED","N200_P50_S20",5,200,50,20,30,0.4,"kml3d",NA,0.586483754901829,0.657781412874315,4.46900000000005
"DIMENSIONALITY","BALANCED","N200_P50_S20",6,200,50,20,30,0.4,"longTAPIO",8,0.839577411005982,0.864194805283129,4.27599999999984
"DIMENSIONALITY","BALANCED","N200_P50_S20",6,200,50,20,30,0.4,"kml3d",NA,0.697468634496014,0.740942936176895,4.35900000000038
"DIMENSIONALITY","BALANCED","N200_P50_S20",7,200,50,20,30,0.4,"longTAPIO",8,0.833168265415635,0.844818855527209,3.47299999999996
"DIMENSIONALITY","BALANCED","N200_P50_S20",7,200,50,20,30,0.4,"kml3d",NA,0.74890876672144,0.758075183297493,4.13700000000063
"DIMENSIONALITY","BALANCED","N200_P50_S20",8,200,50,20,30,0.4,"longTAPIO",8,0.838606332988446,0.86848714117727,3.68499999999949
"DIMENSIONALITY","BALANCED","N200_P50_S20",8,200,50,20,30,0.4,"kml3d",NA,0.77538558798352,0.781043765681177,4.04699999999957
"DIMENSIONALITY","BALANCED","N200_P50_S20",9,200,50,20,30,0.4,"longTAPIO",8,0.765774225867705,0.806378602509317,3.53300000000036
"DIMENSIONALITY","BALANCED","N200_P50_S20",9,200,50,20,30,0.4,"kml3d",NA,0.686849845180525,0.750468833185836,4.24200000000019
"DIMENSIONALITY","BALANCED","N200_P50_S20",10,200,50,20,30,0.4,"longTAPIO",8,0.796701673657665,0.853538111816177,3.4360000000006
"DIMENSIONALITY","BALANCED","N200_P50_S20",10,200,50,20,30,0.4,"kml3d",NA,0.680454974891048,0.725221112567881,3.93499999999949
"DIMENSIONALITY","BALANCED","N200_P50_S20",11,200,50,20,30,0.4,"longTAPIO",8,0.731626134386486,0.798473546210829,3.95499999999993
"DIMENSIONALITY","BALANCED","N200_P50_S20",11,200,50,20,30,0.4,"kml3d",NA,0.693296458176543,0.736057024628049,4.33299999999963
"DIMENSIONALITY","BALANCED","N200_P50_S20",12,200,50,20,30,0.4,"longTAPIO",8,0.70629759915052,0.767809406817043,3.47200000000066
"DIMENSIONALITY","BALANCED","N200_P50_S20",12,200,50,20,30,0.4,"kml3d",NA,0.660749654953688,0.712919052848665,4.0619999999999
"DIMENSIONALITY","BALANCED","N200_P50_S20",13,200,50,20,30,0.4,"longTAPIO",8,0.75368679918243,0.802225887185642,3.59799999999996
"DIMENSIONALITY","BALANCED","N200_P50_S20",13,200,50,20,30,0.4,"kml3d",NA,0.589384697799247,0.666938448697294,4.49299999999948
"DIMENSIONALITY","BALANCED","N200_P50_S20",14,200,50,20,30,0.4,"longTAPIO",8,0.740182785979713,0.794108186229032,3.45599999999922
"DIMENSIONALITY","BALANCED","N200_P50_S20",14,200,50,20,30,0.4,"kml3d",NA,0.704889720067239,0.748320955548338,3.98300000000017
"DIMENSIONALITY","BALANCED","N200_P50_S20",15,200,50,20,30,0.4,"longTAPIO",8,0.773911546610169,0.829960920110738,3.44999999999982
"DIMENSIONALITY","BALANCED","N200_P50_S20",15,200,50,20,30,0.4,"kml3d",NA,0.650519537538417,0.705171670613427,3.94600000000082
"DIMENSIONALITY","BALANCED","N200_P50_S20",16,200,50,20,30,0.4,"longTAPIO",8,0.705684163905124,0.776133920313742,3.4399999999996
"DIMENSIONALITY","BALANCED","N200_P50_S20",16,200,50,20,30,0.4,"kml3d",NA,0.63372873519774,0.690595815049923,4.11999999999989
"DIMENSIONALITY","BALANCED","N200_P50_S20",17,200,50,20,30,0.4,"longTAPIO",8,0.762229114281878,0.809427440843722,3.69000000000051
"DIMENSIONALITY","BALANCED","N200_P50_S20",17,200,50,20,30,0.4,"kml3d",NA,0.69854384305214,0.740918677961339,3.98999999999978
"DIMENSIONALITY","BALANCED","N200_P50_S20",18,200,50,20,30,0.4,"longTAPIO",8,0.756624541377905,0.827819531114784,3.52199999999993
"DIMENSIONALITY","BALANCED","N200_P50_S20",18,200,50,20,30,0.4,"kml3d",NA,0.729955395205779,0.742511685956103,3.98099999999977
"DIMENSIONALITY","BALANCED","N200_P50_S20",19,200,50,20,30,0.4,"longTAPIO",8,0.841673884570958,0.857658730229339,3.49200000000019
"DIMENSIONALITY","BALANCED","N200_P50_S20",19,200,50,20,30,0.4,"kml3d",NA,0.782735318445557,0.800931235327356,3.91799999999967
"DIMENSIONALITY","BALANCED","N200_P50_S20",20,200,50,20,30,0.4,"longTAPIO",8,0.789194915254237,0.848953900500839,3.59500000000025
"DIMENSIONALITY","BALANCED","N200_P50_S20",20,200,50,20,30,0.4,"kml3d",NA,0.603648895604969,0.673108635230309,3.95799999999963
"DIMENSIONALITY","BALANCED","N200_P100_S40",1,200,100,40,60,0.4,"longTAPIO",10,0.649212195921948,0.736612007116111,3.65399999999954
"DIMENSIONALITY","BALANCED","N200_P100_S40",1,200,100,40,60,0.4,"kml3d",NA,0.617948272634692,0.678451636454937,13.5739999999996
"DIMENSIONALITY","BALANCED","N200_P100_S40",2,200,100,40,60,0.4,"longTAPIO",10,0.716026463425241,0.77989897502185,3.75500000000011
"DIMENSIONALITY","BALANCED","N200_P100_S40",2,200,100,40,60,0.4,"kml3d",NA,0.636050515091577,0.706268341442246,14.4480000000003
"DIMENSIONALITY","BALANCED","N200_P100_S40",3,200,100,40,60,0.4,"longTAPIO",10,0.806257246738162,0.820782259521048,3.8119999999999
"DIMENSIONALITY","BALANCED","N200_P100_S40",3,200,100,40,60,0.4,"kml3d",NA,0.673354592397461,0.709242021790814,13.9170000000004
"DIMENSIONALITY","BALANCED","N200_P100_S40",4,200,100,40,60,0.4,"longTAPIO",10,0.789194915254237,0.848953900500839,3.85699999999997
"DIMENSIONALITY","BALANCED","N200_P100_S40",4,200,100,40,60,0.4,"kml3d",NA,0.804395834309816,0.824406341865643,13.9629999999997
"DIMENSIONALITY","BALANCED","N200_P100_S40",5,200,100,40,60,0.4,"longTAPIO",10,0.75368679918243,0.802225887185642,3.67399999999998
"DIMENSIONALITY","BALANCED","N200_P100_S40",5,200,100,40,60,0.4,"kml3d",NA,0.696969943731016,0.769096704678664,15.4250000000002
"DIMENSIONALITY","BALANCED","N200_P100_S40",6,200,100,40,60,0.4,"longTAPIO",10,0.802145305225039,0.838418528258429,4.36800000000039
"DIMENSIONALITY","BALANCED","N200_P100_S40",6,200,100,40,60,0.4,"kml3d",NA,0.708969950584444,0.741762017089013,17.2860000000001
"DIMENSIONALITY","BALANCED","N200_P100_S40",7,200,100,40,60,0.4,"longTAPIO",10,0.830025624277747,0.873355651440036,4.46299999999974
"DIMENSIONALITY","BALANCED","N200_P100_S40",7,200,100,40,60,0.4,"kml3d",NA,0.750560322952554,0.78573090587027,13.902
"DIMENSIONALITY","BALANCED","N200_P100_S40",8,200,100,40,60,0.4,"longTAPIO",10,0.699414485990163,0.749221986932429,3.85699999999997
"DIMENSIONALITY","BALANCED","N200_P100_S40",8,200,100,40,60,0.4,"kml3d",NA,0.689759473765658,0.733498083483956,15.348
"DIMENSIONALITY","BALANCED","N200_P100_S40",9,200,100,40,60,0.4,"longTAPIO",10,0.935737017041843,0.931397930548923,3.84699999999975
"DIMENSIONALITY","BALANCED","N200_P100_S40",9,200,100,40,60,0.4,"kml3d",NA,0.779502352787863,0.802592632634102,13.4809999999998
"DIMENSIONALITY","BALANCED","N200_P100_S40",10,200,100,40,60,0.4,"longTAPIO",10,0.759682203389831,0.816337761019614,3.73800000000028
"DIMENSIONALITY","BALANCED","N200_P100_S40",10,200,100,40,60,0.4,"kml3d",NA,0.794017154469112,0.807035563025063,13.8069999999998
"DIMENSIONALITY","BALANCED","N200_P100_S40",11,200,100,40,60,0.4,"longTAPIO",10,0.804538957253627,0.858259965774187,3.90099999999984
"DIMENSIONALITY","BALANCED","N200_P100_S40",11,200,100,40,60,0.4,"kml3d",NA,0.650283500149211,0.70549943472005,14.2389999999996
"DIMENSIONALITY","BALANCED","N200_P100_S40",12,200,100,40,60,0.4,"longTAPIO",10,0.753117108922026,0.816837963553763,3.66699999999946
"DIMENSIONALITY","BALANCED","N200_P100_S40",12,200,100,40,60,0.4,"kml3d",NA,0.658923126976833,0.718265051859013,13.4989999999998
"DIMENSIONALITY","BALANCED","N200_P100_S40",13,200,100,40,60,0.4,"longTAPIO",10,0.736240214811821,0.793269347409576,3.76699999999983
"DIMENSIONALITY","BALANCED","N200_P100_S40",13,200,100,40,60,0.4,"kml3d",NA,0.704195481664126,0.741344083297411,13.25
"DIMENSIONALITY","BALANCED","N200_P100_S40",14,200,100,40,60,0.4,"longTAPIO",10,0.698020062847313,0.768866270479497,3.63599999999951
"DIMENSIONALITY","BALANCED","N200_P100_S40",14,200,100,40,60,0.4,"kml3d",NA,0.725564208437816,0.754881759874548,13.4969999999994
"DIMENSIONALITY","BALANCED","N200_P100_S40",15,200,100,40,60,0.4,"longTAPIO",10,0.728829952948029,0.774269161285377,3.70299999999952
"DIMENSIONALITY","BALANCED","N200_P100_S40",15,200,100,40,60,0.4,"kml3d",NA,0.723695496323716,0.754687098386893,13.6379999999999
"DIMENSIONALITY","BALANCED","N200_P100_S40",16,200,100,40,60,0.4,"longTAPIO",10,0.7649202335396,0.816432153993789,3.78799999999956
"DIMENSIONALITY","BALANCED","N200_P100_S40",16,200,100,40,60,0.4,"kml3d",NA,0.679622295540852,0.736532185071853,13.2910000000002
"DIMENSIONALITY","BALANCED","N200_P100_S40",17,200,100,40,60,0.4,"longTAPIO",10,0.782732445924125,0.830478725680746,3.69200000000001
"DIMENSIONALITY","BALANCED","N200_P100_S40",17,200,100,40,60,0.4,"kml3d",NA,0.746003914177537,0.784712009016874,13.259
"DIMENSIONALITY","BALANCED","N200_P100_S40",18,200,100,40,60,0.4,"longTAPIO",10,0.756624541377905,0.827819531114784,3.63799999999992
"DIMENSIONALITY","BALANCED","N200_P100_S40",18,200,100,40,60,0.4,"kml3d",NA,0.781743177677085,0.795526239965566,13.3980000000001
"DIMENSIONALITY","BALANCED","N200_P100_S40",19,200,100,40,60,0.4,"longTAPIO",10,1,1,3.67600000000039
"DIMENSIONALITY","BALANCED","N200_P100_S40",19,200,100,40,60,0.4,"kml3d",NA,0.71993012724976,0.771973144738881,13.4179999999997
"DIMENSIONALITY","BALANCED","N200_P100_S40",20,200,100,40,60,0.4,"longTAPIO",10,0.749086962340012,0.801742662232558,3.64300000000003
"DIMENSIONALITY","BALANCED","N200_P100_S40",20,200,100,40,60,0.4,"kml3d",NA,0.736618282019571,0.77324571872269,13.5569999999998
"DIMENSIONALITY","IMBALANCED","N80_P10_S4",1,80,10,4,6,0.4,"longTAPIO",4,0.393800309431971,0.538042412096448,0.838999999999942
"DIMENSIONALITY","IMBALANCED","N80_P10_S4",1,80,10,4,6,0.4,"kml3d",NA,0.115180694851524,0.153948792681338,0.393000000000029
"DIMENSIONALITY","IMBALANCED","N80_P10_S4",2,80,10,4,6,0.4,"longTAPIO",4,0.320837120425967,0.418653580492935,0.850999999999658
"DIMENSIONALITY","IMBALANCED","N80_P10_S4",2,80,10,4,6,0.4,"kml3d",NA,0.238123871446618,0.289970060921038,0.394999999999527
"DIMENSIONALITY","IMBALANCED","N80_P10_S4",3,80,10,4,6,0.4,"longTAPIO",4,0.311683886413232,0.49578397763065,0.84900000000016
"DIMENSIONALITY","IMBALANCED","N80_P10_S4",3,80,10,4,6,0.4,"kml3d",NA,0.139435122756525,0.189591688769922,0.398000000000138
"DIMENSIONALITY","IMBALANCED","N80_P10_S4",4,80,10,4,6,0.4,"longTAPIO",4,0.303808500897982,0.46501613759006,0.840000000000146
"DIMENSIONALITY","IMBALANCED","N80_P10_S4",4,80,10,4,6,0.4,"kml3d",NA,0.126144509642014,0.225714018657357,0.391999999999825
"DIMENSIONALITY","IMBALANCED","N80_P10_S4",5,80,10,4,6,0.4,"longTAPIO",4,0.20582669715367,0.351331651385259,0.850000000000364
"DIMENSIONALITY","IMBALANCED","N80_P10_S4",5,80,10,4,6,0.4,"kml3d",NA,0.0850949447825928,0.163494822100891,0.391000000000531
"DIMENSIONALITY","IMBALANCED","N80_P10_S4",6,80,10,4,6,0.4,"longTAPIO",4,0.348690726211465,0.499351391600894,0.838999999999942
"DIMENSIONALITY","IMBALANCED","N80_P10_S4",6,80,10,4,6,0.4,"kml3d",NA,0.209275459451832,0.218039753971885,0.393000000000029
"DIMENSIONALITY","IMBALANCED","N80_P10_S4",7,80,10,4,6,0.4,"longTAPIO",4,0.394204851752022,0.510159370997709,0.859000000000378
"DIMENSIONALITY","IMBALANCED","N80_P10_S4",7,80,10,4,6,0.4,"kml3d",NA,0.104564030220839,0.15824811034557,0.402000000000044
"DIMENSIONALITY","IMBALANCED","N80_P10_S4",8,80,10,4,6,0.4,"longTAPIO",4,0.168676221075051,0.357957692712066,0.85399999999936
"DIMENSIONALITY","IMBALANCED","N80_P10_S4",8,80,10,4,6,0.4,"kml3d",NA,0.0708389000421522,0.103708583065338,0.395999999999731
"DIMENSIONALITY","IMBALANCED","N80_P10_S4",9,80,10,4,6,0.4,"longTAPIO",4,0.408272493904139,0.449643624063041,0.842999999999847
"DIMENSIONALITY","IMBALANCED","N80_P10_S4",9,80,10,4,6,0.4,"kml3d",NA,0.062479725492175,0.128395263249568,0.398000000000138
"DIMENSIONALITY","IMBALANCED","N80_P10_S4",10,80,10,4,6,0.4,"longTAPIO",4,0.242200623113757,0.363237777291851,0.860999999999876
"DIMENSIONALITY","IMBALANCED","N80_P10_S4",10,80,10,4,6,0.4,"kml3d",NA,0.0554054250652855,0.118639492334142,0.393000000000029
"DIMENSIONALITY","IMBALANCED","N80_P10_S4",11,80,10,4,6,0.4,"longTAPIO",4,0.317174100555314,0.470979749314122,0.853000000000065
"DIMENSIONALITY","IMBALANCED","N80_P10_S4",11,80,10,4,6,0.4,"kml3d",NA,0.175516122725331,0.245533796748163,0.394000000000233
"DIMENSIONALITY","IMBALANCED","N80_P10_S4",12,80,10,4,6,0.4,"longTAPIO",4,0.495459733458659,0.58111876676875,0.840000000000146
"DIMENSIONALITY","IMBALANCED","N80_P10_S4",12,80,10,4,6,0.4,"kml3d",NA,0.168971248909305,0.285569508581346,0.393000000000029
"DIMENSIONALITY","IMBALANCED","N80_P10_S4",13,80,10,4,6,0.4,"longTAPIO",4,0.290915962294593,0.379194352608466,0.840000000000146
"DIMENSIONALITY","IMBALANCED","N80_P10_S4",13,80,10,4,6,0.4,"kml3d",NA,0.0581749215524961,0.111838928934383,0.394999999999527
"DIMENSIONALITY","IMBALANCED","N80_P10_S4",14,80,10,4,6,0.4,"longTAPIO",4,0.453713428626923,0.527564787287561,0.860000000000582
"DIMENSIONALITY","IMBALANCED","N80_P10_S4",14,80,10,4,6,0.4,"kml3d",NA,0.191912659491522,0.240945327919934,0.394000000000233
"DIMENSIONALITY","IMBALANCED","N80_P10_S4",15,80,10,4,6,0.4,"longTAPIO",4,0.570152002399671,0.728550343430941,0.844999999999345
"DIMENSIONALITY","IMBALANCED","N80_P10_S4",15,80,10,4,6,0.4,"kml3d",NA,0.253396084173595,0.283132277742814,0.393000000000029
"DIMENSIONALITY","IMBALANCED","N80_P10_S4",16,80,10,4,6,0.4,"longTAPIO",4,0.248168820650069,0.402672400479846,0.842999999999847
"DIMENSIONALITY","IMBALANCED","N80_P10_S4",16,80,10,4,6,0.4,"kml3d",NA,0.198398589397308,0.193077664287584,0.394999999999527
"DIMENSIONALITY","IMBALANCED","N80_P10_S4",17,80,10,4,6,0.4,"longTAPIO",4,0.500598882086771,0.57722588046457,0.856999999999971
"DIMENSIONALITY","IMBALANCED","N80_P10_S4",17,80,10,4,6,0.4,"kml3d",NA,0.120791538919963,0.191500907737494,0.391999999999825
"DIMENSIONALITY","IMBALANCED","N80_P10_S4",18,80,10,4,6,0.4,"longTAPIO",4,0.288083203871679,0.344465208154433,0.838999999999942
"DIMENSIONALITY","IMBALANCED","N80_P10_S4",18,80,10,4,6,0.4,"kml3d",NA,0.0549485604912673,0.170513643020011,0.391999999999825
"DIMENSIONALITY","IMBALANCED","N80_P10_S4",19,80,10,4,6,0.4,"longTAPIO",4,0.29101532664596,0.413410854382275,0.836999999999534
"DIMENSIONALITY","IMBALANCED","N80_P10_S4",19,80,10,4,6,0.4,"kml3d",NA,0.109770553942163,0.12616862525068,0.390999999999622
"DIMENSIONALITY","IMBALANCED","N80_P10_S4",20,80,10,4,6,0.4,"longTAPIO",4,0.250053182059918,0.437643427146576,0.845999999999549
"DIMENSIONALITY","IMBALANCED","N80_P10_S4",20,80,10,4,6,0.4,"kml3d",NA,0.135532391615021,0.136811256363827,0.38799999999992
"DIMENSIONALITY","IMBALANCED","N80_P25_S10",1,80,25,10,15,0.4,"longTAPIO",5,0.217158225334825,0.37476261633713,1.01700000000073
"DIMENSIONALITY","IMBALANCED","N80_P25_S10",1,80,25,10,15,0.4,"kml3d",NA,0.277301392780673,0.449265844327695,0.710000000000036
"DIMENSIONALITY","IMBALANCED","N80_P25_S10",2,80,25,10,15,0.4,"longTAPIO",5,0.444731535620587,0.551914673391539,0.886999999999716
"DIMENSIONALITY","IMBALANCED","N80_P25_S10",2,80,25,10,15,0.4,"kml3d",NA,0.226966665500717,0.38353562586817,0.703999999999724
"DIMENSIONALITY","IMBALANCED","N80_P25_S10",3,80,25,10,15,0.4,"longTAPIO",5,0.351122620846194,0.455547049209635,0.895999999999731
"DIMENSIONALITY","IMBALANCED","N80_P25_S10",3,80,25,10,15,0.4,"kml3d",NA,0.15835467052757,0.260408441355969,0.715000000000146
"DIMENSIONALITY","IMBALANCED","N80_P25_S10",4,80,25,10,15,0.4,"longTAPIO",5,0.195506263689396,0.396431125234042,0.884999999999309
"DIMENSIONALITY","IMBALANCED","N80_P25_S10",4,80,25,10,15,0.4,"kml3d",NA,0.256279656881811,0.372501630011541,0.710000000000036
"DIMENSIONALITY","IMBALANCED","N80_P25_S10",5,80,25,10,15,0.4,"longTAPIO",5,0.560352989643035,0.713136343478832,0.887000000000626
"DIMENSIONALITY","IMBALANCED","N80_P25_S10",5,80,25,10,15,0.4,"kml3d",NA,0.282492909144168,0.448401461516881,0.716000000000349
"DIMENSIONALITY","IMBALANCED","N80_P25_S10",6,80,25,10,15,0.4,"longTAPIO",5,0.301573323533287,0.546775920443522,0.905999999999949
"DIMENSIONALITY","IMBALANCED","N80_P25_S10",6,80,25,10,15,0.4,"kml3d",NA,0.284145084863833,0.437142305916709,0.716000000000349
"DIMENSIONALITY","IMBALANCED","N80_P25_S10",7,80,25,10,15,0.4,"longTAPIO",5,0.420110045166244,0.524231151605903,0.890000000000327
"DIMENSIONALITY","IMBALANCED","N80_P25_S10",7,80,25,10,15,0.4,"kml3d",NA,0.216739104401913,0.317366896915442,0.707000000000335
"DIMENSIONALITY","IMBALANCED","N80_P25_S10",8,80,25,10,15,0.4,"longTAPIO",5,0.372729463559913,0.504016329524145,0.895999999999731
"DIMENSIONALITY","IMBALANCED","N80_P25_S10",8,80,25,10,15,0.4,"kml3d",NA,0.174134651687955,0.307294030264226,0.721000000000458
"DIMENSIONALITY","IMBALANCED","N80_P25_S10",9,80,25,10,15,0.4,"longTAPIO",5,0.411906852574407,0.52074709864725,0.873000000000502
"DIMENSIONALITY","IMBALANCED","N80_P25_S10",9,80,25,10,15,0.4,"kml3d",NA,0.152253328181531,0.312523229870105,0.707999999999629
"DIMENSIONALITY","IMBALANCED","N80_P25_S10",10,80,25,10,15,0.4,"longTAPIO",5,0.567571907135611,0.668925807473116,0.889000000000124
"DIMENSIONALITY","IMBALANCED","N80_P25_S10",10,80,25,10,15,0.4,"kml3d",NA,0.208092126291863,0.292557804391377,0.711999999999534
"DIMENSIONALITY","IMBALANCED","N80_P25_S10",11,80,25,10,15,0.4,"longTAPIO",5,0.312093611592354,0.500888542559505,0.910999999999149
"DIMENSIONALITY","IMBALANCED","N80_P25_S10",11,80,25,10,15,0.4,"kml3d",NA,0.276012981553654,0.409886575300207,0.710000000000036
"DIMENSIONALITY","IMBALANCED","N80_P25_S10",12,80,25,10,15,0.4,"longTAPIO",5,0.361534713677068,0.484605947026284,0.871000000000095
"DIMENSIONALITY","IMBALANCED","N80_P25_S10",12,80,25,10,15,0.4,"kml3d",NA,0.315038385124985,0.527591996160596,0.710000000000036
"DIMENSIONALITY","IMBALANCED","N80_P25_S10",13,80,25,10,15,0.4,"longTAPIO",5,0.451253653554953,0.600760674032794,0.888000000000829
"DIMENSIONALITY","IMBALANCED","N80_P25_S10",13,80,25,10,15,0.4,"kml3d",NA,0.286782477879892,0.392044866739153,0.712999999999738
"DIMENSIONALITY","IMBALANCED","N80_P25_S10",14,80,25,10,15,0.4,"longTAPIO",5,0.534536668561683,0.664358626834879,0.891999999999825
"DIMENSIONALITY","IMBALANCED","N80_P25_S10",14,80,25,10,15,0.4,"kml3d",NA,0.543651064526919,0.595808448974574,0.704999999999927
"DIMENSIONALITY","IMBALANCED","N80_P25_S10",15,80,25,10,15,0.4,"longTAPIO",5,0.553869020005281,0.663944971959044,0.878999999999905
"DIMENSIONALITY","IMBALANCED","N80_P25_S10",15,80,25,10,15,0.4,"kml3d",NA,0.418474466299465,0.459371434275124,0.713999999999942
"DIMENSIONALITY","IMBALANCED","N80_P25_S10",16,80,25,10,15,0.4,"longTAPIO",5,0.236782868455723,0.412156275748942,0.892000000000735
"DIMENSIONALITY","IMBALANCED","N80_P25_S10",16,80,25,10,15,0.4,"kml3d",NA,0.275349295714499,0.324712689906041,0.850000000000364
"DIMENSIONALITY","IMBALANCED","N80_P25_S10",17,80,25,10,15,0.4,"longTAPIO",5,0.555782729320748,0.681761266664401,0.875
"DIMENSIONALITY","IMBALANCED","N80_P25_S10",17,80,25,10,15,0.4,"kml3d",NA,0.377606422078442,0.431348988204666,0.713000000000648
"DIMENSIONALITY","IMBALANCED","N80_P25_S10",18,80,25,10,15,0.4,"longTAPIO",5,0.538240816181941,0.634993882271143,0.88799999999992
"DIMENSIONALITY","IMBALANCED","N80_P25_S10",18,80,25,10,15,0.4,"kml3d",NA,0.268955138050765,0.369506132475076,0.710000000000036
"DIMENSIONALITY","IMBALANCED","N80_P25_S10",19,80,25,10,15,0.4,"longTAPIO",5,0.56466936914112,0.690472053263272,0.894000000000233
"DIMENSIONALITY","IMBALANCED","N80_P25_S10",19,80,25,10,15,0.4,"kml3d",NA,0.266931004002788,0.350601898960511,0.713999999999942
"DIMENSIONALITY","IMBALANCED","N80_P25_S10",20,80,25,10,15,0.4,"longTAPIO",5,0.325922150396972,0.559979702439236,0.877999999999702
"DIMENSIONALITY","IMBALANCED","N80_P25_S10",20,80,25,10,15,0.4,"kml3d",NA,0.27402307548126,0.426058861324595,0.71599999999944
"DIMENSIONALITY","IMBALANCED","N80_P50_S20",1,80,50,20,30,0.4,"longTAPIO",8,0.492254982963352,0.564430741662826,0.980000000000473
"DIMENSIONALITY","IMBALANCED","N80_P50_S20",1,80,50,20,30,0.4,"kml3d",NA,0.218095663741105,0.286881676734933,1.64800000000014
"DIMENSIONALITY","IMBALANCED","N80_P50_S20",2,80,50,20,30,0.4,"longTAPIO",8,0.611740302541901,0.728724427195339,0.987999999999374
"DIMENSIONALITY","IMBALANCED","N80_P50_S20",2,80,50,20,30,0.4,"kml3d",NA,0.549773103924093,0.635766922578928,1.64099999999962
"DIMENSIONALITY","IMBALANCED","N80_P50_S20",3,80,50,20,30,0.4,"longTAPIO",8,0.840004798030721,0.818433935418493,0.992000000000189
"DIMENSIONALITY","IMBALANCED","N80_P50_S20",3,80,50,20,30,0.4,"kml3d",NA,0.252213613724405,0.424751985909795,1.6239999999998
"DIMENSIONALITY","IMBALANCED","N80_P50_S20",4,80,50,20,30,0.4,"longTAPIO",8,0.386282923941995,0.670468026688532,0.988999999999578
"DIMENSIONALITY","IMBALANCED","N80_P50_S20",4,80,50,20,30,0.4,"kml3d",NA,0.329505263667887,0.519902020631512,1.63199999999961
"DIMENSIONALITY","IMBALANCED","N80_P50_S20",5,80,50,20,30,0.4,"longTAPIO",8,0.514893395773123,0.649434605768216,0.981999999999971
"DIMENSIONALITY","IMBALANCED","N80_P50_S20",5,80,50,20,30,0.4,"kml3d",NA,0.325390599930116,0.443543728598916,1.62199999999939
"DIMENSIONALITY","IMBALANCED","N80_P50_S20",6,80,50,20,30,0.4,"longTAPIO",8,0.414315872665523,0.534612986644353,0.981000000000677
"DIMENSIONALITY","IMBALANCED","N80_P50_S20",6,80,50,20,30,0.4,"kml3d",NA,0.252345152523611,0.37106483433937,1.61299999999937
"DIMENSIONALITY","IMBALANCED","N80_P50_S20",7,80,50,20,30,0.4,"longTAPIO",8,0.390304446097299,0.576502598400611,0.963999999999942
"DIMENSIONALITY","IMBALANCED","N80_P50_S20",7,80,50,20,30,0.4,"kml3d",NA,0.213766053577146,0.326468890949989,1.61899999999969
"DIMENSIONALITY","IMBALANCED","N80_P50_S20",8,80,50,20,30,0.4,"longTAPIO",8,0.265640229594599,0.432097080758431,1.11399999999958
"DIMENSIONALITY","IMBALANCED","N80_P50_S20",8,80,50,20,30,0.4,"kml3d",NA,0.104556250320708,0.179837621394975,1.625
"DIMENSIONALITY","IMBALANCED","N80_P50_S20",9,80,50,20,30,0.4,"longTAPIO",8,0.3589082040038,0.509633739121783,0.985000000000582
"DIMENSIONALITY","IMBALANCED","N80_P50_S20",9,80,50,20,30,0.4,"kml3d",NA,0.369950147645114,0.475167290526448,1.63699999999972
"DIMENSIONALITY","IMBALANCED","N80_P50_S20",10,80,50,20,30,0.4,"longTAPIO",8,0.429207227750637,0.570392397182358,0.976999999999862
"DIMENSIONALITY","IMBALANCED","N80_P50_S20",10,80,50,20,30,0.4,"kml3d",NA,0.283573629955011,0.414955885825043,1.63900000000012
"DIMENSIONALITY","IMBALANCED","N80_P50_S20",11,80,50,20,30,0.4,"longTAPIO",8,0.357586828790015,0.474950601646221,0.979999999999563
"DIMENSIONALITY","IMBALANCED","N80_P50_S20",11,80,50,20,30,0.4,"kml3d",NA,0.324697156807458,0.391034542644476,1.63899999999921
"DIMENSIONALITY","IMBALANCED","N80_P50_S20",12,80,50,20,30,0.4,"longTAPIO",8,0.516055874931356,0.627825151996495,0.978000000000065
"DIMENSIONALITY","IMBALANCED","N80_P50_S20",12,80,50,20,30,0.4,"kml3d",NA,0.42968710371664,0.531080380014627,1.63199999999961
"DIMENSIONALITY","IMBALANCED","N80_P50_S20",13,80,50,20,30,0.4,"longTAPIO",8,0.234451545746377,0.365942240437696,0.981999999999971
"DIMENSIONALITY","IMBALANCED","N80_P50_S20",13,80,50,20,30,0.4,"kml3d",NA,0.259078846922825,0.298527939623676,1.62700000000041
"DIMENSIONALITY","IMBALANCED","N80_P50_S20",14,80,50,20,30,0.4,"longTAPIO",8,0.467682973846359,0.568208447149276,0.988000000000284
"DIMENSIONALITY","IMBALANCED","N80_P50_S20",14,80,50,20,30,0.4,"kml3d",NA,0.390362028277965,0.469799723794223,1.61999999999989
"DIMENSIONALITY","IMBALANCED","N80_P50_S20",15,80,50,20,30,0.4,"longTAPIO",8,0.28445597885332,0.437271051275464,0.983999999999469
"DIMENSIONALITY","IMBALANCED","N80_P50_S20",15,80,50,20,30,0.4,"kml3d",NA,0.246400492905476,0.377008667441472,1.63700000000063
"DIMENSIONALITY","IMBALANCED","N80_P50_S20",16,80,50,20,30,0.4,"longTAPIO",8,0.336981239340534,0.485057850714516,0.980999999999767
"DIMENSIONALITY","IMBALANCED","N80_P50_S20",16,80,50,20,30,0.4,"kml3d",NA,0.448205752380689,0.553204463729835,1.63400000000001
"DIMENSIONALITY","IMBALANCED","N80_P50_S20",17,80,50,20,30,0.4,"longTAPIO",8,0.274269118730916,0.445623899587401,0.979000000000269
"DIMENSIONALITY","IMBALANCED","N80_P50_S20",17,80,50,20,30,0.4,"kml3d",NA,0.602180178972417,0.626558535791132,1.61399999999958
"DIMENSIONALITY","IMBALANCED","N80_P50_S20",18,80,50,20,30,0.4,"longTAPIO",8,0.477144369925874,0.631025368881838,0.970000000000255
"DIMENSIONALITY","IMBALANCED","N80_P50_S20",18,80,50,20,30,0.4,"kml3d",NA,0.342657245678387,0.58541868369073,1.63799999999992
"DIMENSIONALITY","IMBALANCED","N80_P50_S20",19,80,50,20,30,0.4,"longTAPIO",8,0.361391196275726,0.517926727854814,0.971000000000458
"DIMENSIONALITY","IMBALANCED","N80_P50_S20",19,80,50,20,30,0.4,"kml3d",NA,0.373146184574847,0.492405596966097,1.63900000000012
"DIMENSIONALITY","IMBALANCED","N80_P50_S20",20,80,50,20,30,0.4,"longTAPIO",8,0.425581511394986,0.586818385113498,0.984000000000378
"DIMENSIONALITY","IMBALANCED","N80_P50_S20",20,80,50,20,30,0.4,"kml3d",NA,0.547211630285339,0.617798875814375,1.63200000000052
"DIMENSIONALITY","IMBALANCED","N80_P100_S40",1,80,100,40,60,0.4,"longTAPIO",10,0.2347722779146,0.416413813917524,1.07800000000043
"DIMENSIONALITY","IMBALANCED","N80_P100_S40",1,80,100,40,60,0.4,"kml3d",NA,0.184088461137556,0.339961474233158,5.58899999999994
"DIMENSIONALITY","IMBALANCED","N80_P100_S40",2,80,100,40,60,0.4,"longTAPIO",10,0.42241941611176,0.559522412145829,1.08399999999983
"DIMENSIONALITY","IMBALANCED","N80_P100_S40",2,80,100,40,60,0.4,"kml3d",NA,0.283348855536053,0.391987559659997,6.08199999999943
"DIMENSIONALITY","IMBALANCED","N80_P100_S40",3,80,100,40,60,0.4,"longTAPIO",10,0.368806326685729,0.511257758934562,1.27400000000034
"DIMENSIONALITY","IMBALANCED","N80_P100_S40",3,80,100,40,60,0.4,"kml3d",NA,0.478406861512149,0.599291210286693,5.74300000000039
"DIMENSIONALITY","IMBALANCED","N80_P100_S40",4,80,100,40,60,0.4,"longTAPIO",10,0.491513498488586,0.638099570552963,1.09900000000016
"DIMENSIONALITY","IMBALANCED","N80_P100_S40",4,80,100,40,60,0.4,"kml3d",NA,0.305557483911724,0.521031561776024,3.8130000000001
"DIMENSIONALITY","IMBALANCED","N80_P100_S40",5,80,100,40,60,0.4,"longTAPIO",10,0.698656076943512,0.740921954301339,0.714999999999236
"DIMENSIONALITY","IMBALANCED","N80_P100_S40",5,80,100,40,60,0.4,"kml3d",NA,0.634141321276406,0.700072309365544,3.60199999999986
"DIMENSIONALITY","IMBALANCED","N80_P100_S40",6,80,100,40,60,0.4,"longTAPIO",10,0.305252132544753,0.488517577683889,0.713999999999942
"DIMENSIONALITY","IMBALANCED","N80_P100_S40",6,80,100,40,60,0.4,"kml3d",NA,0.520854716805076,0.609442252473944,3.77000000000044
"DIMENSIONALITY","IMBALANCED","N80_P100_S40",7,80,100,40,60,0.4,"longTAPIO",10,0.287038125600791,0.54314817976916,0.707999999999629
"DIMENSIONALITY","IMBALANCED","N80_P100_S40",7,80,100,40,60,0.4,"kml3d",NA,0.200172584669013,0.366230382661897,3.59299999999985
"DIMENSIONALITY","IMBALANCED","N80_P100_S40",8,80,100,40,60,0.4,"longTAPIO",10,0.50017090534951,0.609130036105639,0.707999999999629
"DIMENSIONALITY","IMBALANCED","N80_P100_S40",8,80,100,40,60,0.4,"kml3d",NA,0.45523051220986,0.542155460965808,3.70499999999993
"DIMENSIONALITY","IMBALANCED","N80_P100_S40",9,80,100,40,60,0.4,"longTAPIO",10,0.535362342712682,0.680147175855427,0.707000000000335
"DIMENSIONALITY","IMBALANCED","N80_P100_S40",9,80,100,40,60,0.4,"kml3d",NA,0.297047124135299,0.449031315899625,3.59200000000055
"DIMENSIONALITY","IMBALANCED","N80_P100_S40",10,80,100,40,60,0.4,"longTAPIO",10,0.539575457036079,0.654270515342211,0.707999999999629
"DIMENSIONALITY","IMBALANCED","N80_P100_S40",10,80,100,40,60,0.4,"kml3d",NA,0.29939867687777,0.464367014904297,3.71000000000004
"DIMENSIONALITY","IMBALANCED","N80_P100_S40",11,80,100,40,60,0.4,"longTAPIO",10,0.543362952216883,0.718724185187739,0.707999999999629
"DIMENSIONALITY","IMBALANCED","N80_P100_S40",11,80,100,40,60,0.4,"kml3d",NA,0.411124169148469,0.597249926858261,3.60800000000017
"DIMENSIONALITY","IMBALANCED","N80_P100_S40",12,80,100,40,60,0.4,"longTAPIO",10,0.543214142169133,0.627637321387664,0.71100000000024
"DIMENSIONALITY","IMBALANCED","N80_P100_S40",12,80,100,40,60,0.4,"kml3d",NA,0.675917644225808,0.707741631415227,3.60500000000047
"DIMENSIONALITY","IMBALANCED","N80_P100_S40",13,80,100,40,60,0.4,"longTAPIO",10,0.452092530523452,0.555570798881121,0.71100000000024
"DIMENSIONALITY","IMBALANCED","N80_P100_S40",13,80,100,40,60,0.4,"kml3d",NA,0.391087362249642,0.409480998151991,3.71800000000076
"DIMENSIONALITY","IMBALANCED","N80_P100_S40",14,80,100,40,60,0.4,"longTAPIO",10,0.476394484993598,0.59646896414893,0.712000000000444
"DIMENSIONALITY","IMBALANCED","N80_P100_S40",14,80,100,40,60,0.4,"kml3d",NA,0.488703056925791,0.618617801983973,3.62400000000071
"DIMENSIONALITY","IMBALANCED","N80_P100_S40",15,80,100,40,60,0.4,"longTAPIO",10,0.544769751517169,0.600917394510825,0.709999999999127
"DIMENSIONALITY","IMBALANCED","N80_P100_S40",15,80,100,40,60,0.4,"kml3d",NA,0.603768487993558,0.683084741077438,3.72199999999975
"DIMENSIONALITY","IMBALANCED","N80_P100_S40",16,80,100,40,60,0.4,"longTAPIO",10,0.466813032063575,0.575148876439284,0.707999999999629
"DIMENSIONALITY","IMBALANCED","N80_P100_S40",16,80,100,40,60,0.4,"kml3d",NA,0.152683040919341,0.294974575919593,3.60599999999977
"DIMENSIONALITY","IMBALANCED","N80_P100_S40",17,80,100,40,60,0.4,"longTAPIO",10,0.34301250424393,0.498243778885209,0.708000000000538
"DIMENSIONALITY","IMBALANCED","N80_P100_S40",17,80,100,40,60,0.4,"kml3d",NA,0.314359591187041,0.467434526519314,3.69200000000001
"DIMENSIONALITY","IMBALANCED","N80_P100_S40",18,80,100,40,60,0.4,"longTAPIO",10,0.271595887691633,0.480778180253972,0.708000000000538
"DIMENSIONALITY","IMBALANCED","N80_P100_S40",18,80,100,40,60,0.4,"kml3d",NA,0.286612311952537,0.446607302107281,3.61999999999989
"DIMENSIONALITY","IMBALANCED","N80_P100_S40",19,80,100,40,60,0.4,"longTAPIO",10,0.555875887419366,0.713105893372759,0.708999999999833
"DIMENSIONALITY","IMBALANCED","N80_P100_S40",19,80,100,40,60,0.4,"kml3d",NA,0.318002456844526,0.42314238265251,3.59700000000066
"DIMENSIONALITY","IMBALANCED","N80_P100_S40",20,80,100,40,60,0.4,"longTAPIO",10,0.332490457676151,0.523648811690103,0.708000000000538
"DIMENSIONALITY","IMBALANCED","N80_P100_S40",20,80,100,40,60,0.4,"kml3d",NA,0.443960591474184,0.580796399229173,3.70900000000074
"DIMENSIONALITY","IMBALANCED","N120_P10_S4",1,120,10,4,6,0.4,"longTAPIO",4,0.609133039857671,0.670515480253085,0.953999999999724
"DIMENSIONALITY","IMBALANCED","N120_P10_S4",1,120,10,4,6,0.4,"kml3d",NA,0.236185967758892,0.31829673618153,0.318000000000211
"DIMENSIONALITY","IMBALANCED","N120_P10_S4",2,120,10,4,6,0.4,"longTAPIO",4,0.385598798651121,0.500442188083509,0.965000000000146
"DIMENSIONALITY","IMBALANCED","N120_P10_S4",2,120,10,4,6,0.4,"kml3d",NA,0.278558586557721,0.325601012652305,0.311000000000604
"DIMENSIONALITY","IMBALANCED","N120_P10_S4",3,120,10,4,6,0.4,"longTAPIO",4,0.198279047697033,0.176485728927682,0.958000000000538
"DIMENSIONALITY","IMBALANCED","N120_P10_S4",3,120,10,4,6,0.4,"kml3d",NA,0.0489817209455317,0.0899426216482269,0.309999999999491
"DIMENSIONALITY","IMBALANCED","N120_P10_S4",4,120,10,4,6,0.4,"longTAPIO",4,0.326765663613377,0.472146473140556,0.951000000000022
"DIMENSIONALITY","IMBALANCED","N120_P10_S4",4,120,10,4,6,0.4,"kml3d",NA,0.206200035318001,0.248236104491891,0.314000000000306
"DIMENSIONALITY","IMBALANCED","N120_P10_S4",5,120,10,4,6,0.4,"longTAPIO",4,0.224836009158204,0.446053593731232,0.962000000000444
"DIMENSIONALITY","IMBALANCED","N120_P10_S4",5,120,10,4,6,0.4,"kml3d",NA,0.0602950193487197,0.087206885007823,0.314000000000306
"DIMENSIONALITY","IMBALANCED","N120_P10_S4",6,120,10,4,6,0.4,"longTAPIO",4,0.521739330136508,0.709851432616528,0.953999999999724
"DIMENSIONALITY","IMBALANCED","N120_P10_S4",6,120,10,4,6,0.4,"kml3d",NA,0.172490404149626,0.193352216873771,0.309000000000196
"DIMENSIONALITY","IMBALANCED","N120_P10_S4",7,120,10,4,6,0.4,"longTAPIO",4,0.365523716047539,0.532759205975539,0.954999999999927
"DIMENSIONALITY","IMBALANCED","N120_P10_S4",7,120,10,4,6,0.4,"kml3d",NA,0.169934364269664,0.242666051699228,0.312000000000808
"DIMENSIONALITY","IMBALANCED","N120_P10_S4",8,120,10,4,6,0.4,"longTAPIO",4,0.424123251694708,0.589438555803309,0.951999999999316
"DIMENSIONALITY","IMBALANCED","N120_P10_S4",8,120,10,4,6,0.4,"kml3d",NA,0.189751042137207,0.252428565195529,0.312999999999192
"DIMENSIONALITY","IMBALANCED","N120_P10_S4",9,120,10,4,6,0.4,"longTAPIO",4,0.190825492470487,0.355569519691194,1.05100000000039
"DIMENSIONALITY","IMBALANCED","N120_P10_S4",9,120,10,4,6,0.4,"kml3d",NA,0.0151861020567462,0.117632562143825,0.313000000000102
"DIMENSIONALITY","IMBALANCED","N120_P10_S4",10,120,10,4,6,0.4,"longTAPIO",4,0.475936440535024,0.625741658745299,0.956999999999425
"DIMENSIONALITY","IMBALANCED","N120_P10_S4",10,120,10,4,6,0.4,"kml3d",NA,0.115291239241126,0.118189914456951,0.3100000000004
"DIMENSIONALITY","IMBALANCED","N120_P10_S4",11,120,10,4,6,0.4,"longTAPIO",4,0.252532437497581,0.375140352126803,0.954999999999927
"DIMENSIONALITY","IMBALANCED","N120_P10_S4",11,120,10,4,6,0.4,"kml3d",NA,0.082163135636849,0.117206765318634,0.318000000000211
"DIMENSIONALITY","IMBALANCED","N120_P10_S4",12,120,10,4,6,0.4,"longTAPIO",4,0.530496044129294,0.63512054737336,0.960999999999331
"DIMENSIONALITY","IMBALANCED","N120_P10_S4",12,120,10,4,6,0.4,"kml3d",NA,0.197606884808321,0.296882386930283,0.317000000000007
"DIMENSIONALITY","IMBALANCED","N120_P10_S4",13,120,10,4,6,0.4,"longTAPIO",4,0.591843776498238,0.640337766195664,0.956000000000131
"DIMENSIONALITY","IMBALANCED","N120_P10_S4",13,120,10,4,6,0.4,"kml3d",NA,0.165749097472924,0.186842701456831,0.311999999999898
"DIMENSIONALITY","IMBALANCED","N120_P10_S4",14,120,10,4,6,0.4,"longTAPIO",4,0.467306969889615,0.582554090897798,0.957999999999629
"DIMENSIONALITY","IMBALANCED","N120_P10_S4",14,120,10,4,6,0.4,"kml3d",NA,0.0875468380998183,0.127296365042012,0.314000000000306
"DIMENSIONALITY","IMBALANCED","N120_P10_S4",15,120,10,4,6,0.4,"longTAPIO",4,0.136259461790315,0.284770968516184,0.953999999999724
"DIMENSIONALITY","IMBALANCED","N120_P10_S4",15,120,10,4,6,0.4,"kml3d",NA,0.0538548198861593,0.099587863668328,0.3100000000004
"DIMENSIONALITY","IMBALANCED","N120_P10_S4",16,120,10,4,6,0.4,"longTAPIO",4,0.44473938977546,0.595135964001174,0.970000000000255
"DIMENSIONALITY","IMBALANCED","N120_P10_S4",16,120,10,4,6,0.4,"kml3d",NA,0.179050977556645,0.206130569261594,0.315999999999804
"DIMENSIONALITY","IMBALANCED","N120_P10_S4",17,120,10,4,6,0.4,"longTAPIO",4,0.376404985046278,0.49179571466859,0.960000000000036
"DIMENSIONALITY","IMBALANCED","N120_P10_S4",17,120,10,4,6,0.4,"kml3d",NA,0.163842900238102,0.209494153416048,0.313000000000102
"DIMENSIONALITY","IMBALANCED","N120_P10_S4",18,120,10,4,6,0.4,"longTAPIO",4,0.436337530763602,0.598894573943756,0.954999999999927
"DIMENSIONALITY","IMBALANCED","N120_P10_S4",18,120,10,4,6,0.4,"kml3d",NA,0.114460319842024,0.192769211937362,0.318999999999505
"DIMENSIONALITY","IMBALANCED","N120_P10_S4",19,120,10,4,6,0.4,"longTAPIO",4,0.475090192070245,0.632928670155248,1.06400000000031
"DIMENSIONALITY","IMBALANCED","N120_P10_S4",19,120,10,4,6,0.4,"kml3d",NA,0.239000060246133,0.309602772464761,0.313000000000102
"DIMENSIONALITY","IMBALANCED","N120_P10_S4",20,120,10,4,6,0.4,"longTAPIO",4,0.341283276851447,0.501784668618081,0.956000000000131
"DIMENSIONALITY","IMBALANCED","N120_P10_S4",20,120,10,4,6,0.4,"kml3d",NA,0.0704312961547642,0.138630169248958,0.311999999999898
"DIMENSIONALITY","IMBALANCED","N120_P25_S10",1,120,25,10,15,0.4,"longTAPIO",5,0.393755724368299,0.528796654442861,0.988000000000284
"DIMENSIONALITY","IMBALANCED","N120_P25_S10",1,120,25,10,15,0.4,"kml3d",NA,0.250283595766573,0.337886883767374,0.582000000000335
"DIMENSIONALITY","IMBALANCED","N120_P25_S10",2,120,25,10,15,0.4,"longTAPIO",5,0.300465974323261,0.461024361408055,0.994999999999891
"DIMENSIONALITY","IMBALANCED","N120_P25_S10",2,120,25,10,15,0.4,"kml3d",NA,0.37201529118908,0.414132006053412,0.578999999999724
"DIMENSIONALITY","IMBALANCED","N120_P25_S10",3,120,25,10,15,0.4,"longTAPIO",5,0.380812927099236,0.494972714458823,0.983999999999469
"DIMENSIONALITY","IMBALANCED","N120_P25_S10",3,120,25,10,15,0.4,"kml3d",NA,0.315895016969811,0.44653362872766,0.582999999999629
"DIMENSIONALITY","IMBALANCED","N120_P25_S10",4,120,25,10,15,0.4,"longTAPIO",5,0.206132259145967,0.379199834920854,0.983999999999469
"DIMENSIONALITY","IMBALANCED","N120_P25_S10",4,120,25,10,15,0.4,"kml3d",NA,0.160423556880153,0.293583459933588,0.577000000000226
"DIMENSIONALITY","IMBALANCED","N120_P25_S10",5,120,25,10,15,0.4,"longTAPIO",5,0.486857973193354,0.601271978416523,0.992000000000189
"DIMENSIONALITY","IMBALANCED","N120_P25_S10",5,120,25,10,15,0.4,"kml3d",NA,0.3966514448504,0.518079650172256,0.57300000000032
"DIMENSIONALITY","IMBALANCED","N120_P25_S10",6,120,25,10,15,0.4,"longTAPIO",5,0.344812223456446,0.453989867709968,0.993999999999687
"DIMENSIONALITY","IMBALANCED","N120_P25_S10",6,120,25,10,15,0.4,"kml3d",NA,0.227091138346493,0.322329808478642,0.579999999999927
"DIMENSIONALITY","IMBALANCED","N120_P25_S10",7,120,25,10,15,0.4,"longTAPIO",5,0.483430256860754,0.588648447121197,0.981999999999971
"DIMENSIONALITY","IMBALANCED","N120_P25_S10",7,120,25,10,15,0.4,"kml3d",NA,0.321612009273558,0.370255476286457,0.581999999999425
"DIMENSIONALITY","IMBALANCED","N120_P25_S10",8,120,25,10,15,0.4,"longTAPIO",5,0.353259023153434,0.526349021129813,1.08700000000044
"DIMENSIONALITY","IMBALANCED","N120_P25_S10",8,120,25,10,15,0.4,"kml3d",NA,0.299515373269608,0.471330367266876,0.578999999999724
"DIMENSIONALITY","IMBALANCED","N120_P25_S10",9,120,25,10,15,0.4,"longTAPIO",5,0.517337540840105,0.603019442069284,0.985999999999876
"DIMENSIONALITY","IMBALANCED","N120_P25_S10",9,120,25,10,15,0.4,"kml3d",NA,0.373359547865606,0.469347127379184,0.58600000000024
"DIMENSIONALITY","IMBALANCED","N120_P25_S10",10,120,25,10,15,0.4,"longTAPIO",5,0.523600929474255,0.666171881754978,0.984000000000378
"DIMENSIONALITY","IMBALANCED","N120_P25_S10",10,120,25,10,15,0.4,"kml3d",NA,0.395482601862886,0.490971005226346,0.583999999999833
"DIMENSIONALITY","IMBALANCED","N120_P25_S10",11,120,25,10,15,0.4,"longTAPIO",5,0.453427364967161,0.54636258874847,0.984000000000378
"DIMENSIONALITY","IMBALANCED","N120_P25_S10",11,120,25,10,15,0.4,"kml3d",NA,0.352971932315446,0.438204284620773,0.589000000000851
"DIMENSIONALITY","IMBALANCED","N120_P25_S10",12,120,25,10,15,0.4,"longTAPIO",5,0.375698879009129,0.549488570890857,0.985999999999876
"DIMENSIONALITY","IMBALANCED","N120_P25_S10",12,120,25,10,15,0.4,"kml3d",NA,0.316977310269377,0.429346459224242,0.58600000000024
"DIMENSIONALITY","IMBALANCED","N120_P25_S10",13,120,25,10,15,0.4,"longTAPIO",5,0.399056648536924,0.497161672491294,0.993999999999687
"DIMENSIONALITY","IMBALANCED","N120_P25_S10",13,120,25,10,15,0.4,"kml3d",NA,0.32056594205011,0.393240146727666,0.579999999999927
"DIMENSIONALITY","IMBALANCED","N120_P25_S10",14,120,25,10,15,0.4,"longTAPIO",5,0.284762700084477,0.496498183560219,0.984000000000378
"DIMENSIONALITY","IMBALANCED","N120_P25_S10",14,120,25,10,15,0.4,"kml3d",NA,0.3735290755855,0.526734820694932,0.585000000000036
"DIMENSIONALITY","IMBALANCED","N120_P25_S10",15,120,25,10,15,0.4,"longTAPIO",5,0.550907437491031,0.665124934451077,0.985000000000582
"DIMENSIONALITY","IMBALANCED","N120_P25_S10",15,120,25,10,15,0.4,"kml3d",NA,0.367628172464852,0.475762236375115,0.582000000000335
"DIMENSIONALITY","IMBALANCED","N120_P25_S10",16,120,25,10,15,0.4,"longTAPIO",5,0.4151811504229,0.587605167933044,1.09299999999985
"DIMENSIONALITY","IMBALANCED","N120_P25_S10",16,120,25,10,15,0.4,"kml3d",NA,0.347920813280171,0.497180720537898,0.581999999999425
"DIMENSIONALITY","IMBALANCED","N120_P25_S10",17,120,25,10,15,0.4,"longTAPIO",5,0.505895249241941,0.704434753303621,0.984000000000378
"DIMENSIONALITY","IMBALANCED","N120_P25_S10",17,120,25,10,15,0.4,"kml3d",NA,0.378566594175264,0.492900362999618,0.581000000000131
"DIMENSIONALITY","IMBALANCED","N120_P25_S10",18,120,25,10,15,0.4,"longTAPIO",5,0.619592700687742,0.620410155987625,0.982999999999265
"DIMENSIONALITY","IMBALANCED","N120_P25_S10",18,120,25,10,15,0.4,"kml3d",NA,0.536813406367247,0.563654526614226,0.585999999999331
"DIMENSIONALITY","IMBALANCED","N120_P25_S10",19,120,25,10,15,0.4,"longTAPIO",5,0.652079482922449,0.737984775818097,0.993999999999687
"DIMENSIONALITY","IMBALANCED","N120_P25_S10",19,120,25,10,15,0.4,"kml3d",NA,0.367807979559176,0.420403949467369,0.583999999999833
"DIMENSIONALITY","IMBALANCED","N120_P25_S10",20,120,25,10,15,0.4,"longTAPIO",5,0.453651705206352,0.487469006000346,0.990999999999985
"DIMENSIONALITY","IMBALANCED","N120_P25_S10",20,120,25,10,15,0.4,"kml3d",NA,0.194544424872814,0.259103704755773,0.578000000000429
"DIMENSIONALITY","IMBALANCED","N120_P50_S20",1,120,50,20,30,0.4,"longTAPIO",8,0.288004105606895,0.499451890821902,1.07999999999993
"DIMENSIONALITY","IMBALANCED","N120_P50_S20",1,120,50,20,30,0.4,"kml3d",NA,0.423328218977401,0.554801917035777,1.58799999999974
"DIMENSIONALITY","IMBALANCED","N120_P50_S20",2,120,50,20,30,0.4,"longTAPIO",8,0.467988247020904,0.54960609104353,1.08899999999994
"DIMENSIONALITY","IMBALANCED","N120_P50_S20",2,120,50,20,30,0.4,"kml3d",NA,0.230976559487506,0.310869864074988,1.56600000000071
"DIMENSIONALITY","IMBALANCED","N120_P50_S20",3,120,50,20,30,0.4,"longTAPIO",8,0.332041097875503,0.563037180234752,1.18199999999979
"DIMENSIONALITY","IMBALANCED","N120_P50_S20",3,120,50,20,30,0.4,"kml3d",NA,0.20045238622152,0.326760731272226,1.58199999999943
"DIMENSIONALITY","IMBALANCED","N120_P50_S20",4,120,50,20,30,0.4,"longTAPIO",8,0.599548545668738,0.69139993880332,1.08899999999994
"DIMENSIONALITY","IMBALANCED","N120_P50_S20",4,120,50,20,30,0.4,"kml3d",NA,0.571173754191194,0.64436257748916,1.5679999999993
"DIMENSIONALITY","IMBALANCED","N120_P50_S20",5,120,50,20,30,0.4,"longTAPIO",8,0.339184061583551,0.507512106255623,1.08899999999994
"DIMENSIONALITY","IMBALANCED","N120_P50_S20",5,120,50,20,30,0.4,"kml3d",NA,0.282102320987863,0.389084635429287,1.59000000000015
"DIMENSIONALITY","IMBALANCED","N120_P50_S20",6,120,50,20,30,0.4,"longTAPIO",8,0.300033611831365,0.453958838286944,1.08799999999974
"DIMENSIONALITY","IMBALANCED","N120_P50_S20",6,120,50,20,30,0.4,"kml3d",NA,0.251503398854494,0.379078591251627,1.57800000000043
"DIMENSIONALITY","IMBALANCED","N120_P50_S20",7,120,50,20,30,0.4,"longTAPIO",8,0.262015307284506,0.433415679745203,1.09099999999944
"DIMENSIONALITY","IMBALANCED","N120_P50_S20",7,120,50,20,30,0.4,"kml3d",NA,0.173516208097186,0.256070784364847,1.57600000000002
"DIMENSIONALITY","IMBALANCED","N120_P50_S20",8,120,50,20,30,0.4,"longTAPIO",8,0.449529578825824,0.686444849427674,1.08699999999953
"DIMENSIONALITY","IMBALANCED","N120_P50_S20",8,120,50,20,30,0.4,"kml3d",NA,0.282996604241329,0.372724770620882,1.60400000000027
"DIMENSIONALITY","IMBALANCED","N120_P50_S20",9,120,50,20,30,0.4,"longTAPIO",8,0.506398447146497,0.56166507233869,1.08799999999974
"DIMENSIONALITY","IMBALANCED","N120_P50_S20",9,120,50,20,30,0.4,"kml3d",NA,0.288153902570385,0.376920449311861,1.56700000000001
"DIMENSIONALITY","IMBALANCED","N120_P50_S20",10,120,50,20,30,0.4,"longTAPIO",8,0.546358371709404,0.707834988604655,1.08699999999953
"DIMENSIONALITY","IMBALANCED","N120_P50_S20",10,120,50,20,30,0.4,"kml3d",NA,0.40024971181846,0.507454173409737,1.56700000000001
"DIMENSIONALITY","IMBALANCED","N120_P50_S20",11,120,50,20,30,0.4,"longTAPIO",8,0.550147392112394,0.68823445589922,1.08799999999974
"DIMENSIONALITY","IMBALANCED","N120_P50_S20",11,120,50,20,30,0.4,"kml3d",NA,0.655824106350595,0.680418517393446,1.57300000000032
"DIMENSIONALITY","IMBALANCED","N120_P50_S20",12,120,50,20,30,0.4,"longTAPIO",8,0.430667410892273,0.552634737675591,1.08800000000065
"DIMENSIONALITY","IMBALANCED","N120_P50_S20",12,120,50,20,30,0.4,"kml3d",NA,0.272959978660073,0.402817539501513,1.58200000000033
"DIMENSIONALITY","IMBALANCED","N120_P50_S20",13,120,50,20,30,0.4,"longTAPIO",8,0.254760664091547,0.421897619356132,1.08899999999994
"DIMENSIONALITY","IMBALANCED","N120_P50_S20",13,120,50,20,30,0.4,"kml3d",NA,0.238095311768334,0.357191587022685,1.58000000000084
"DIMENSIONALITY","IMBALANCED","N120_P50_S20",14,120,50,20,30,0.4,"longTAPIO",8,0.418637340524305,0.570900378560434,1.07999999999993
"DIMENSIONALITY","IMBALANCED","N120_P50_S20",14,120,50,20,30,0.4,"kml3d",NA,0.256416103292166,0.344467135425374,1.67000000000007
"DIMENSIONALITY","IMBALANCED","N120_P50_S20",15,120,50,20,30,0.4,"longTAPIO",8,0.491311821734977,0.571038140598737,1.08800000000065
"DIMENSIONALITY","IMBALANCED","N120_P50_S20",15,120,50,20,30,0.4,"kml3d",NA,0.518760843504519,0.617480470003638,1.57099999999991
"DIMENSIONALITY","IMBALANCED","N120_P50_S20",16,120,50,20,30,0.4,"longTAPIO",8,0.430305318974609,0.584623418299753,1.08600000000024
"DIMENSIONALITY","IMBALANCED","N120_P50_S20",16,120,50,20,30,0.4,"kml3d",NA,0.257507541729498,0.381269674214958,1.57399999999961
"DIMENSIONALITY","IMBALANCED","N120_P50_S20",17,120,50,20,30,0.4,"longTAPIO",8,0.629640882540134,0.700853575878311,1.08800000000065
"DIMENSIONALITY","IMBALANCED","N120_P50_S20",17,120,50,20,30,0.4,"kml3d",NA,0.254482770487469,0.327910423166556,1.57600000000002
"DIMENSIONALITY","IMBALANCED","N120_P50_S20",18,120,50,20,30,0.4,"longTAPIO",8,0.401468255971462,0.526258659368408,1.08600000000024
"DIMENSIONALITY","IMBALANCED","N120_P50_S20",18,120,50,20,30,0.4,"kml3d",NA,0.4216271560774,0.613427023240229,1.57800000000043
"DIMENSIONALITY","IMBALANCED","N120_P50_S20",19,120,50,20,30,0.4,"longTAPIO",8,0.591870759073707,0.720857583315925,1.08700000000044
"DIMENSIONALITY","IMBALANCED","N120_P50_S20",19,120,50,20,30,0.4,"kml3d",NA,0.719323197200522,0.75429949404136,1.57499999999982
"DIMENSIONALITY","IMBALANCED","N120_P50_S20",20,120,50,20,30,0.4,"longTAPIO",8,0.247287537193497,0.401872789436783,1.17700000000059
"DIMENSIONALITY","IMBALANCED","N120_P50_S20",20,120,50,20,30,0.4,"kml3d",NA,0.297513066726604,0.523312991795208,1.58100000000013
"DIMENSIONALITY","IMBALANCED","N120_P100_S40",1,120,100,40,60,0.4,"longTAPIO",10,0.353357132562969,0.506696281414859,1.15900000000056
"DIMENSIONALITY","IMBALANCED","N120_P100_S40",1,120,100,40,60,0.4,"kml3d",NA,0.600402251947355,0.643188021424015,5.09600000000046
"DIMENSIONALITY","IMBALANCED","N120_P100_S40",2,120,100,40,60,0.4,"longTAPIO",10,0.516324551478907,0.65294973269116,1.16399999999976
"DIMENSIONALITY","IMBALANCED","N120_P100_S40",2,120,100,40,60,0.4,"kml3d",NA,0.395859736961754,0.493035309633158,5.23400000000038
"DIMENSIONALITY","IMBALANCED","N120_P100_S40",3,120,100,40,60,0.4,"longTAPIO",10,0.343514325861182,0.545433173835463,1.16300000000047
"DIMENSIONALITY","IMBALANCED","N120_P100_S40",3,120,100,40,60,0.4,"kml3d",NA,0.316644838900806,0.467164797843045,5.24199999999928
"DIMENSIONALITY","IMBALANCED","N120_P100_S40",4,120,100,40,60,0.4,"longTAPIO",10,0.41244696360703,0.558798938730127,1.16600000000017
"DIMENSIONALITY","IMBALANCED","N120_P100_S40",4,120,100,40,60,0.4,"kml3d",NA,0.41772956822085,0.609401206399768,5.12800000000061
"DIMENSIONALITY","IMBALANCED","N120_P100_S40",5,120,100,40,60,0.4,"longTAPIO",10,0.559640862026022,0.713105893372758,1.16300000000047
"DIMENSIONALITY","IMBALANCED","N120_P100_S40",5,120,100,40,60,0.4,"kml3d",NA,0.471838164078641,0.558538480844147,5.27799999999934
"DIMENSIONALITY","IMBALANCED","N120_P100_S40",6,120,100,40,60,0.4,"longTAPIO",10,0.471211575368935,0.599201742919782,1.16600000000017
"DIMENSIONALITY","IMBALANCED","N120_P100_S40",6,120,100,40,60,0.4,"kml3d",NA,0.511062184795992,0.614827008326171,5.20100000000002
"DIMENSIONALITY","IMBALANCED","N120_P100_S40",7,120,100,40,60,0.4,"longTAPIO",10,0.587260738446194,0.710444033248378,1.31500000000051
"DIMENSIONALITY","IMBALANCED","N120_P100_S40",7,120,100,40,60,0.4,"kml3d",NA,0.444929831198041,0.587687145570211,5.1840000000002
"DIMENSIONALITY","IMBALANCED","N120_P100_S40",8,120,100,40,60,0.4,"longTAPIO",10,0.514477128104094,0.665136049118628,1.16800000000057
"DIMENSIONALITY","IMBALANCED","N120_P100_S40",8,120,100,40,60,0.4,"kml3d",NA,0.438766658409969,0.567606079421885,5.25600000000031
"DIMENSIONALITY","IMBALANCED","N120_P100_S40",9,120,100,40,60,0.4,"longTAPIO",10,0.416346155862621,0.589347934829454,1.22999999999956
"DIMENSIONALITY","IMBALANCED","N120_P100_S40",9,120,100,40,60,0.4,"kml3d",NA,0.351535469929884,0.465978977234252,5.26499999999942
"DIMENSIONALITY","IMBALANCED","N120_P100_S40",10,120,100,40,60,0.4,"longTAPIO",10,0.545128230074222,0.58535157368802,1.26499999999942
"DIMENSIONALITY","IMBALANCED","N120_P100_S40",10,120,100,40,60,0.4,"kml3d",NA,0.463807735904984,0.527402020669024,5.20100000000002
"DIMENSIONALITY","IMBALANCED","N120_P100_S40",11,120,100,40,60,0.4,"longTAPIO",10,0.573887291677886,0.704589610823623,1.17000000000007
"DIMENSIONALITY","IMBALANCED","N120_P100_S40",11,120,100,40,60,0.4,"kml3d",NA,0.489864230010335,0.658607795384279,5.1869999999999
"DIMENSIONALITY","IMBALANCED","N120_P100_S40",12,120,100,40,60,0.4,"longTAPIO",10,0.458863121334743,0.51341931058914,1.16699999999946
"DIMENSIONALITY","IMBALANCED","N120_P100_S40",12,120,100,40,60,0.4,"kml3d",NA,0.479869950676743,0.537003396259124,5.11000000000058
"DIMENSIONALITY","IMBALANCED","N120_P100_S40",13,120,100,40,60,0.4,"longTAPIO",10,0.632069542899584,0.673274741226246,1.16499999999996
"DIMENSIONALITY","IMBALANCED","N120_P100_S40",13,120,100,40,60,0.4,"kml3d",NA,0.484937595543604,0.55052765762162,5.23199999999997
"DIMENSIONALITY","IMBALANCED","N120_P100_S40",14,120,100,40,60,0.4,"longTAPIO",10,0.449644280248534,0.614185595234214,1.17200000000048
"DIMENSIONALITY","IMBALANCED","N120_P100_S40",14,120,100,40,60,0.4,"kml3d",NA,0.386463639874255,0.566285763838573,5.12700000000041
"DIMENSIONALITY","IMBALANCED","N120_P100_S40",15,120,100,40,60,0.4,"longTAPIO",10,0.26187736615999,0.453318002754092,1.16399999999976
"DIMENSIONALITY","IMBALANCED","N120_P100_S40",15,120,100,40,60,0.4,"kml3d",NA,0.294642492156772,0.406496012624075,5.21399999999994
"DIMENSIONALITY","IMBALANCED","N120_P100_S40",16,120,100,40,60,0.4,"longTAPIO",10,0.345490933540919,0.540917394192781,1.16299999999956
"DIMENSIONALITY","IMBALANCED","N120_P100_S40",16,120,100,40,60,0.4,"kml3d",NA,0.374028322892542,0.49690966811129,5.25200000000041
"DIMENSIONALITY","IMBALANCED","N120_P100_S40",17,120,100,40,60,0.4,"longTAPIO",10,0.472279759597821,0.595326049264615,1.16300000000047
"DIMENSIONALITY","IMBALANCED","N120_P100_S40",17,120,100,40,60,0.4,"kml3d",NA,0.541223654542124,0.605028968715498,5.11199999999917
"DIMENSIONALITY","IMBALANCED","N120_P100_S40",18,120,100,40,60,0.4,"longTAPIO",10,0.556011798018371,0.579393558866883,1.16499999999996
"DIMENSIONALITY","IMBALANCED","N120_P100_S40",18,120,100,40,60,0.4,"kml3d",NA,0.481098109477234,0.549645759379618,5.23199999999997
"DIMENSIONALITY","IMBALANCED","N120_P100_S40",19,120,100,40,60,0.4,"longTAPIO",10,0.534059186208708,0.672348417529444,1.16900000000078
"DIMENSIONALITY","IMBALANCED","N120_P100_S40",19,120,100,40,60,0.4,"kml3d",NA,0.385213727239035,0.499606546770111,5.25900000000001
"DIMENSIONALITY","IMBALANCED","N120_P100_S40",20,120,100,40,60,0.4,"longTAPIO",10,0.363999401369118,0.515115734010217,1.16199999999935
"DIMENSIONALITY","IMBALANCED","N120_P100_S40",20,120,100,40,60,0.4,"kml3d",NA,0.294752715831272,0.40244162388829,5.11400000000049
"DIMENSIONALITY","IMBALANCED","N200_P10_S4",1,200,10,4,6,0.4,"longTAPIO",4,0.275340880616471,0.443262066233759,2.22400000000016
"DIMENSIONALITY","IMBALANCED","N200_P10_S4",1,200,10,4,6,0.4,"kml3d",NA,0.126266913801685,0.159234121157143,0.483000000000175
"DIMENSIONALITY","IMBALANCED","N200_P10_S4",2,200,10,4,6,0.4,"longTAPIO",4,0.439441330091069,0.650437887462035,2.14900000000034
"DIMENSIONALITY","IMBALANCED","N200_P10_S4",2,200,10,4,6,0.4,"kml3d",NA,0.118331471228856,0.155280116866002,0.492999999999483
"DIMENSIONALITY","IMBALANCED","N200_P10_S4",3,200,10,4,6,0.4,"longTAPIO",4,0.434341567853917,0.585305519499559,2.16899999999987
"DIMENSIONALITY","IMBALANCED","N200_P10_S4",3,200,10,4,6,0.4,"kml3d",NA,0.269091649604514,0.333318098518299,0.485999999999876
"DIMENSIONALITY","IMBALANCED","N200_P10_S4",4,200,10,4,6,0.4,"longTAPIO",4,0.224816950310602,0.33224362223181,2.26000000000022
"DIMENSIONALITY","IMBALANCED","N200_P10_S4",4,200,10,4,6,0.4,"kml3d",NA,0.088781741578908,0.119806046663746,0.485000000000582
"DIMENSIONALITY","IMBALANCED","N200_P10_S4",5,200,10,4,6,0.4,"longTAPIO",4,0.596476592114787,0.645446778310807,2.14699999999993
"DIMENSIONALITY","IMBALANCED","N200_P10_S4",5,200,10,4,6,0.4,"kml3d",NA,0.291770690969845,0.350846370366813,0.479000000000269
"DIMENSIONALITY","IMBALANCED","N200_P10_S4",6,200,10,4,6,0.4,"longTAPIO",4,0.394681012211409,0.508652260322376,2.16199999999935
"DIMENSIONALITY","IMBALANCED","N200_P10_S4",6,200,10,4,6,0.4,"kml3d",NA,0.182454701460441,0.217275232807017,0.489999999999782
"DIMENSIONALITY","IMBALANCED","N200_P10_S4",7,200,10,4,6,0.4,"longTAPIO",4,0.282588836687288,0.433387710759485,2.18099999999959
"DIMENSIONALITY","IMBALANCED","N200_P10_S4",7,200,10,4,6,0.4,"kml3d",NA,0.085881532542252,0.102657444877083,0.513000000000829
"DIMENSIONALITY","IMBALANCED","N200_P10_S4",8,200,10,4,6,0.4,"longTAPIO",4,0.546143185577112,0.673645978232041,2.27800000000025
"DIMENSIONALITY","IMBALANCED","N200_P10_S4",8,200,10,4,6,0.4,"kml3d",NA,0.35770634703365,0.407403670676412,0.490999999999985
"DIMENSIONALITY","IMBALANCED","N200_P10_S4",9,200,10,4,6,0.4,"longTAPIO",4,0.47934465645464,0.616847752811853,2.1850000000004
"DIMENSIONALITY","IMBALANCED","N200_P10_S4",9,200,10,4,6,0.4,"kml3d",NA,0.323762034170969,0.35669195314483,0.49199999999928
"DIMENSIONALITY","IMBALANCED","N200_P10_S4",10,200,10,4,6,0.4,"longTAPIO",4,0.317262468188336,0.39531480897285,2.22299999999996
"DIMENSIONALITY","IMBALANCED","N200_P10_S4",10,200,10,4,6,0.4,"kml3d",NA,0.0660992998522954,0.0849799126186958,0.48700000000008
"DIMENSIONALITY","IMBALANCED","N200_P10_S4",11,200,10,4,6,0.4,"longTAPIO",4,0.350422666414261,0.537764818705058,2.16000000000076
"DIMENSIONALITY","IMBALANCED","N200_P10_S4",11,200,10,4,6,0.4,"kml3d",NA,0.137560093037044,0.10858749180058,0.48700000000008
"DIMENSIONALITY","IMBALANCED","N200_P10_S4",12,200,10,4,6,0.4,"longTAPIO",4,0.645403618320398,0.756512149274543,2.23899999999958
"DIMENSIONALITY","IMBALANCED","N200_P10_S4",12,200,10,4,6,0.4,"kml3d",NA,0.401155231675623,0.475239790196892,0.503999999999905
"DIMENSIONALITY","IMBALANCED","N200_P10_S4",13,200,10,4,6,0.4,"longTAPIO",4,0.465049928673324,0.506565165702098,2.15000000000055
"DIMENSIONALITY","IMBALANCED","N200_P10_S4",13,200,10,4,6,0.4,"kml3d",NA,0.122498822933662,0.142224939284246,0.489000000000487
"DIMENSIONALITY","IMBALANCED","N200_P10_S4",14,200,10,4,6,0.4,"longTAPIO",4,0.368338487803806,0.519020530905903,2.15500000000065
"DIMENSIONALITY","IMBALANCED","N200_P10_S4",14,200,10,4,6,0.4,"kml3d",NA,0.156570696184495,0.174495084334778,0.483999999999469
"DIMENSIONALITY","IMBALANCED","N200_P10_S4",15,200,10,4,6,0.4,"longTAPIO",4,0.417352718827576,0.470940120484741,2.15300000000025
"DIMENSIONALITY","IMBALANCED","N200_P10_S4",15,200,10,4,6,0.4,"kml3d",NA,0.208249658278921,0.283064820664769,0.623000000000502
"DIMENSIONALITY","IMBALANCED","N200_P10_S4",16,200,10,4,6,0.4,"longTAPIO",4,0.245556539043906,0.35070022693723,2.14300000000003
"DIMENSIONALITY","IMBALANCED","N200_P10_S4",16,200,10,4,6,0.4,"kml3d",NA,0.0696962546355886,0.11107357335888,0.488000000000284
"DIMENSIONALITY","IMBALANCED","N200_P10_S4",17,200,10,4,6,0.4,"longTAPIO",4,0.379940760649675,0.523802567082224,2.16100000000006
"DIMENSIONALITY","IMBALANCED","N200_P10_S4",17,200,10,4,6,0.4,"kml3d",NA,0.214847867241632,0.237635258660679,0.506000000000313
"DIMENSIONALITY","IMBALANCED","N200_P10_S4",18,200,10,4,6,0.4,"longTAPIO",4,0.30448560416701,0.396803660234427,2.21900000000005
"DIMENSIONALITY","IMBALANCED","N200_P10_S4",18,200,10,4,6,0.4,"kml3d",NA,0.0959758272212601,0.0953364991769988,0.506999999999607
"DIMENSIONALITY","IMBALANCED","N200_P10_S4",19,200,10,4,6,0.4,"longTAPIO",4,0.172636408534204,0.34714734359584,2.41100000000006
"DIMENSIONALITY","IMBALANCED","N200_P10_S4",19,200,10,4,6,0.4,"kml3d",NA,0.109444419842781,0.118185968598494,0.496000000000095
"DIMENSIONALITY","IMBALANCED","N200_P10_S4",20,200,10,4,6,0.4,"longTAPIO",4,0.426139105548456,0.54803943732678,2.19599999999991
"DIMENSIONALITY","IMBALANCED","N200_P10_S4",20,200,10,4,6,0.4,"kml3d",NA,0.131991737307464,0.153864778152954,0.501999999999498
"DIMENSIONALITY","IMBALANCED","N200_P25_S10",1,200,25,10,15,0.4,"longTAPIO",5,0.562983050426876,0.712907632505969,2.21500000000015
"DIMENSIONALITY","IMBALANCED","N200_P25_S10",1,200,25,10,15,0.4,"kml3d",NA,0.450766752720733,0.551905304680676,0.951000000000022
"DIMENSIONALITY","IMBALANCED","N200_P25_S10",2,200,25,10,15,0.4,"longTAPIO",5,0.155269571351422,0.277405229422942,2.27299999999923
"DIMENSIONALITY","IMBALANCED","N200_P25_S10",2,200,25,10,15,0.4,"kml3d",NA,0.251792010172353,0.315107303680832,0.950000000000728
"DIMENSIONALITY","IMBALANCED","N200_P25_S10",3,200,25,10,15,0.4,"longTAPIO",5,0.542480342113106,0.665447916743183,2.29799999999977
"DIMENSIONALITY","IMBALANCED","N200_P25_S10",3,200,25,10,15,0.4,"kml3d",NA,0.411956284443896,0.503493014015247,1.01100000000042
"DIMENSIONALITY","IMBALANCED","N200_P25_S10",4,200,25,10,15,0.4,"longTAPIO",5,0.49330605674243,0.626105873432692,2.22400000000016
"DIMENSIONALITY","IMBALANCED","N200_P25_S10",4,200,25,10,15,0.4,"kml3d",NA,0.455583220432815,0.502049763255324,0.96599999999944
"DIMENSIONALITY","IMBALANCED","N200_P25_S10",5,200,25,10,15,0.4,"longTAPIO",5,0.249134121360557,0.491099370647293,2.20300000000043
"DIMENSIONALITY","IMBALANCED","N200_P25_S10",5,200,25,10,15,0.4,"kml3d",NA,0.288000316705641,0.342977218336909,0.954999999999927
"DIMENSIONALITY","IMBALANCED","N200_P25_S10",6,200,25,10,15,0.4,"longTAPIO",5,0.315829633564182,0.501568093989436,2.30799999999999
"DIMENSIONALITY","IMBALANCED","N200_P25_S10",6,200,25,10,15,0.4,"kml3d",NA,0.27030305954401,0.346300134823793,0.945999999999913
"DIMENSIONALITY","IMBALANCED","N200_P25_S10",7,200,25,10,15,0.4,"longTAPIO",5,0.635609191955968,0.720977225502524,2.1880000000001
"DIMENSIONALITY","IMBALANCED","N200_P25_S10",7,200,25,10,15,0.4,"kml3d",NA,0.483071687628374,0.618305431807028,0.936999999999898
"DIMENSIONALITY","IMBALANCED","N200_P25_S10",8,200,25,10,15,0.4,"longTAPIO",5,0.494896130721214,0.601716277337358,2.18599999999969
"DIMENSIONALITY","IMBALANCED","N200_P25_S10",8,200,25,10,15,0.4,"kml3d",NA,0.475716797382452,0.532621054315788,0.945999999999913
"DIMENSIONALITY","IMBALANCED","N200_P25_S10",9,200,25,10,15,0.4,"longTAPIO",5,0.51716339611801,0.618776190221254,2.28299999999945
"DIMENSIONALITY","IMBALANCED","N200_P25_S10",9,200,25,10,15,0.4,"kml3d",NA,0.454986629217002,0.533941231959002,0.954999999999927
"DIMENSIONALITY","IMBALANCED","N200_P25_S10",10,200,25,10,15,0.4,"longTAPIO",5,0.244490595638929,0.448927243587841,2.20800000000054
"DIMENSIONALITY","IMBALANCED","N200_P25_S10",10,200,25,10,15,0.4,"kml3d",NA,0.230488508213371,0.284972858289797,0.966000000000349
"DIMENSIONALITY","IMBALANCED","N200_P25_S10",11,200,25,10,15,0.4,"longTAPIO",5,0.333126208324937,0.505825717600663,3.10300000000007
"DIMENSIONALITY","IMBALANCED","N200_P25_S10",11,200,25,10,15,0.4,"kml3d",NA,0.307235408121072,0.407652553312211,1.59400000000005
"DIMENSIONALITY","IMBALANCED","N200_P25_S10",12,200,25,10,15,0.4,"longTAPIO",5,0.509043289131955,0.605514130083638,3.52300000000014
"DIMENSIONALITY","IMBALANCED","N200_P25_S10",12,200,25,10,15,0.4,"kml3d",NA,0.636114969066456,0.677191145263338,1.68100000000049
"DIMENSIONALITY","IMBALANCED","N200_P25_S10",13,200,25,10,15,0.4,"longTAPIO",5,0.344486602491339,0.489292277637411,3.70899999999983
"DIMENSIONALITY","IMBALANCED","N200_P25_S10",13,200,25,10,15,0.4,"kml3d",NA,0.428467599725663,0.504964954035212,1.53600000000006
"DIMENSIONALITY","IMBALANCED","N200_P25_S10",14,200,25,10,15,0.4,"longTAPIO",5,0.512491418729065,0.620812871659335,3.53100000000086
"DIMENSIONALITY","IMBALANCED","N200_P25_S10",14,200,25,10,15,0.4,"kml3d",NA,0.374506170700933,0.457831514304501,1.68499999999949
"DIMENSIONALITY","IMBALANCED","N200_P25_S10",15,200,25,10,15,0.4,"longTAPIO",5,0.758290534993947,0.754126702211364,3.71799999999985
"DIMENSIONALITY","IMBALANCED","N200_P25_S10",15,200,25,10,15,0.4,"kml3d",NA,0.399141973955254,0.508616351626193,1.61300000000028
"DIMENSIONALITY","IMBALANCED","N200_P25_S10",16,200,25,10,15,0.4,"longTAPIO",5,0.558460026035847,0.688646542434477,4.10499999999956
"DIMENSIONALITY","IMBALANCED","N200_P25_S10",16,200,25,10,15,0.4,"kml3d",NA,0.452569440036235,0.551089777746718,1.56500000000051
"DIMENSIONALITY","IMBALANCED","N200_P25_S10",17,200,25,10,15,0.4,"longTAPIO",5,0.293646305121091,0.373180886020899,3.51000000000022
"DIMENSIONALITY","IMBALANCED","N200_P25_S10",17,200,25,10,15,0.4,"kml3d",NA,0.300555533084415,0.3441784807054,1.53200000000015
"DIMENSIONALITY","IMBALANCED","N200_P25_S10",18,200,25,10,15,0.4,"longTAPIO",5,0.383633659157365,0.573180017397744,3.5019999999995
"DIMENSIONALITY","IMBALANCED","N200_P25_S10",18,200,25,10,15,0.4,"kml3d",NA,0.188304050139117,0.283180032262119,1.54699999999957
"DIMENSIONALITY","IMBALANCED","N200_P25_S10",19,200,25,10,15,0.4,"longTAPIO",5,0.477332792971887,0.596137916036879,3.60199999999986
"DIMENSIONALITY","IMBALANCED","N200_P25_S10",19,200,25,10,15,0.4,"kml3d",NA,0.348226481845937,0.442284638244712,1.51899999999932
"DIMENSIONALITY","IMBALANCED","N200_P25_S10",20,200,25,10,15,0.4,"longTAPIO",5,0.300508378784033,0.489888043228165,3.70899999999983
"DIMENSIONALITY","IMBALANCED","N200_P25_S10",20,200,25,10,15,0.4,"kml3d",NA,0.293394753335672,0.402272046952038,1.55799999999999
"DIMENSIONALITY","IMBALANCED","N200_P50_S20",1,200,50,20,30,0.4,"longTAPIO",8,0.354089553088417,0.512235018940775,3.59899999999925
"DIMENSIONALITY","IMBALANCED","N200_P50_S20",1,200,50,20,30,0.4,"kml3d",NA,0.396825457158767,0.546895207406233,4.42099999999937
"DIMENSIONALITY","IMBALANCED","N200_P50_S20",2,200,50,20,30,0.4,"longTAPIO",8,0.357282947564173,0.551042927166658,3.6260000000002
"DIMENSIONALITY","IMBALANCED","N200_P50_S20",2,200,50,20,30,0.4,"kml3d",NA,0.352563120049665,0.509082626013496,4.03400000000056
"DIMENSIONALITY","IMBALANCED","N200_P50_S20",3,200,50,20,30,0.4,"longTAPIO",8,0.494776305881272,0.631890668628306,3.48299999999927
"DIMENSIONALITY","IMBALANCED","N200_P50_S20",3,200,50,20,30,0.4,"kml3d",NA,0.461456018218568,0.57713219325483,3.97800000000007
"DIMENSIONALITY","IMBALANCED","N200_P50_S20",4,200,50,20,30,0.4,"longTAPIO",8,0.527980233116161,0.66328702688243,3.61899999999969
"DIMENSIONALITY","IMBALANCED","N200_P50_S20",4,200,50,20,30,0.4,"kml3d",NA,0.426682032723168,0.506570963728837,3.94300000000021
"DIMENSIONALITY","IMBALANCED","N200_P50_S20",5,200,50,20,30,0.4,"longTAPIO",8,0.524701580200118,0.640496329016217,3.49300000000039
"DIMENSIONALITY","IMBALANCED","N200_P50_S20",5,200,50,20,30,0.4,"kml3d",NA,0.411125042802897,0.488722553865736,3.94999999999982
"DIMENSIONALITY","IMBALANCED","N200_P50_S20",6,200,50,20,30,0.4,"longTAPIO",8,0.418378413066907,0.554660882580835,3.60699999999997
"DIMENSIONALITY","IMBALANCED","N200_P50_S20",6,200,50,20,30,0.4,"kml3d",NA,0.438094660138031,0.584189631913462,3.95600000000013
"DIMENSIONALITY","IMBALANCED","N200_P50_S20",7,200,50,20,30,0.4,"longTAPIO",8,0.531122955166957,0.632642881868318,3.52899999999954
"DIMENSIONALITY","IMBALANCED","N200_P50_S20",7,200,50,20,30,0.4,"kml3d",NA,0.434013800752926,0.518076304717554,4.03600000000006
"DIMENSIONALITY","IMBALANCED","N200_P50_S20",8,200,50,20,30,0.4,"longTAPIO",8,0.303235691928809,0.471282042830616,3.61100000000079
"DIMENSIONALITY","IMBALANCED","N200_P50_S20",8,200,50,20,30,0.4,"kml3d",NA,0.343118516966093,0.55077931158759,3.96699999999964
"DIMENSIONALITY","IMBALANCED","N200_P50_S20",9,200,50,20,30,0.4,"longTAPIO",8,0.425823244143888,0.561253416775849,3.47699999999986
"DIMENSIONALITY","IMBALANCED","N200_P50_S20",9,200,50,20,30,0.4,"kml3d",NA,0.345332679701458,0.441012854462613,3.97099999999955
"DIMENSIONALITY","IMBALANCED","N200_P50_S20",10,200,50,20,30,0.4,"longTAPIO",8,0.56452351869631,0.71281853431726,3.48899999999958
"DIMENSIONALITY","IMBALANCED","N200_P50_S20",10,200,50,20,30,0.4,"kml3d",NA,0.388452984450212,0.477796335848522,4.11300000000028
"DIMENSIONALITY","IMBALANCED","N200_P50_S20",11,200,50,20,30,0.4,"longTAPIO",8,0.588205984727484,0.646628388592143,3.5019999999995
"DIMENSIONALITY","IMBALANCED","N200_P50_S20",11,200,50,20,30,0.4,"kml3d",NA,0.5117488630461,0.622820977130018,3.93499999999949
"DIMENSIONALITY","IMBALANCED","N200_P50_S20",12,200,50,20,30,0.4,"longTAPIO",8,0.522245967817635,0.618559131582425,3.47000000000025
"DIMENSIONALITY","IMBALANCED","N200_P50_S20",12,200,50,20,30,0.4,"kml3d",NA,0.260025519427262,0.326030153564129,4.00399999999991
"DIMENSIONALITY","IMBALANCED","N200_P50_S20",13,200,50,20,30,0.4,"longTAPIO",8,0.434042914575161,0.56385924237293,3.49699999999939
"DIMENSIONALITY","IMBALANCED","N200_P50_S20",13,200,50,20,30,0.4,"kml3d",NA,0.293936783225507,0.384253716344366,3.94700000000012
"DIMENSIONALITY","IMBALANCED","N200_P50_S20",14,200,50,20,30,0.4,"longTAPIO",8,0.335783169540938,0.546489909716251,3.52300000000014
"DIMENSIONALITY","IMBALANCED","N200_P50_S20",14,200,50,20,30,0.4,"kml3d",NA,0.255275204812614,0.396859282343532,4.21399999999994
"DIMENSIONALITY","IMBALANCED","N200_P50_S20",15,200,50,20,30,0.4,"longTAPIO",8,0.51286932200199,0.629751244450899,4.22600000000057
"DIMENSIONALITY","IMBALANCED","N200_P50_S20",15,200,50,20,30,0.4,"kml3d",NA,0.564819273590229,0.642234110025211,4.23800000000028
"DIMENSIONALITY","IMBALANCED","N200_P50_S20",16,200,50,20,30,0.4,"longTAPIO",8,0.429803426642944,0.548117581287959,3.80799999999999
"DIMENSIONALITY","IMBALANCED","N200_P50_S20",16,200,50,20,30,0.4,"kml3d",NA,0.417036262733447,0.527532399783581,4.14099999999962
"DIMENSIONALITY","IMBALANCED","N200_P50_S20",17,200,50,20,30,0.4,"longTAPIO",8,0.362633626973324,0.57220377029573,3.98499999999967
"DIMENSIONALITY","IMBALANCED","N200_P50_S20",17,200,50,20,30,0.4,"kml3d",NA,0.282794700745656,0.378722718833791,4.6309999999994
"DIMENSIONALITY","IMBALANCED","N200_P50_S20",18,200,50,20,30,0.4,"longTAPIO",8,0.546287113522099,0.685474647505863,3.84699999999975
"DIMENSIONALITY","IMBALANCED","N200_P50_S20",18,200,50,20,30,0.4,"kml3d",NA,0.66068924255698,0.689324917736399,4.29500000000007
"DIMENSIONALITY","IMBALANCED","N200_P50_S20",19,200,50,20,30,0.4,"longTAPIO",8,0.292969119388006,0.473312695357886,3.95100000000002
"DIMENSIONALITY","IMBALANCED","N200_P50_S20",19,200,50,20,30,0.4,"kml3d",NA,0.271189680929219,0.383834707035847,4.31900000000041
"DIMENSIONALITY","IMBALANCED","N200_P50_S20",20,200,50,20,30,0.4,"longTAPIO",8,0.488438286138255,0.625010477587282,4.06999999999971
"DIMENSIONALITY","IMBALANCED","N200_P50_S20",20,200,50,20,30,0.4,"kml3d",NA,0.449637890471054,0.572992337961232,4.41600000000017
"DIMENSIONALITY","IMBALANCED","N200_P100_S40",1,200,100,40,60,0.4,"longTAPIO",10,0.274862369338465,0.463098079354617,3.98500000000058
"DIMENSIONALITY","IMBALANCED","N200_P100_S40",1,200,100,40,60,0.4,"kml3d",NA,0.26602356714798,0.354499897065137,13.6170000000002
"DIMENSIONALITY","IMBALANCED","N200_P100_S40",2,200,100,40,60,0.4,"longTAPIO",10,0.460196206715158,0.611264941591451,3.86099999999988
"DIMENSIONALITY","IMBALANCED","N200_P100_S40",2,200,100,40,60,0.4,"kml3d",NA,0.363524528673765,0.497562294811505,13.8990000000003
"DIMENSIONALITY","IMBALANCED","N200_P100_S40",3,200,100,40,60,0.4,"longTAPIO",10,0.420197831779307,0.677098399888622,3.69000000000051
"DIMENSIONALITY","IMBALANCED","N200_P100_S40",3,200,100,40,60,0.4,"kml3d",NA,0.294567709362406,0.417187555249562,15.4699999999993
"DIMENSIONALITY","IMBALANCED","N200_P100_S40",4,200,100,40,60,0.4,"longTAPIO",10,0.347118816832642,0.53767295610619,4.18000000000029
"DIMENSIONALITY","IMBALANCED","N200_P100_S40",4,200,100,40,60,0.4,"kml3d",NA,0.322343558127584,0.408482321384755,14.6629999999996
"DIMENSIONALITY","IMBALANCED","N200_P100_S40",5,200,100,40,60,0.4,"longTAPIO",10,0.172130202847375,0.390062879532517,3.83899999999994
"DIMENSIONALITY","IMBALANCED","N200_P100_S40",5,200,100,40,60,0.4,"kml3d",NA,0.396041588916202,0.500550035259591,14.4339999999993
"DIMENSIONALITY","IMBALANCED","N200_P100_S40",6,200,100,40,60,0.4,"longTAPIO",10,0.460194879348849,0.60290122919921,4.09799999999996
"DIMENSIONALITY","IMBALANCED","N200_P100_S40",6,200,100,40,60,0.4,"kml3d",NA,0.46473948189723,0.574809067543724,13.3690000000006
"DIMENSIONALITY","IMBALANCED","N200_P100_S40",7,200,100,40,60,0.4,"longTAPIO",10,0.54173102931226,0.682604574390988,4.29799999999977
"DIMENSIONALITY","IMBALANCED","N200_P100_S40",7,200,100,40,60,0.4,"kml3d",NA,0.365830648442801,0.497886273663925,14.7109999999993
"DIMENSIONALITY","IMBALANCED","N200_P100_S40",8,200,100,40,60,0.4,"longTAPIO",10,0.197676168606854,0.430053653291044,4.08500000000004
"DIMENSIONALITY","IMBALANCED","N200_P100_S40",8,200,100,40,60,0.4,"kml3d",NA,0.259058820113283,0.434734975928023,14.2089999999998
"DIMENSIONALITY","IMBALANCED","N200_P100_S40",9,200,100,40,60,0.4,"longTAPIO",10,0.419470875836283,0.602698203148472,3.90599999999995
"DIMENSIONALITY","IMBALANCED","N200_P100_S40",9,200,100,40,60,0.4,"kml3d",NA,0.381092453646263,0.461827237699437,14.8190000000004
"DIMENSIONALITY","IMBALANCED","N200_P100_S40",10,200,100,40,60,0.4,"longTAPIO",10,0.33729222822781,0.434299958129997,4.24600000000009
"DIMENSIONALITY","IMBALANCED","N200_P100_S40",10,200,100,40,60,0.4,"kml3d",NA,0.370577354778955,0.524047643536277,14.8389999999999
"DIMENSIONALITY","IMBALANCED","N200_P100_S40",11,200,100,40,60,0.4,"longTAPIO",10,0.220007661160685,0.37654491916385,3.90900000000056
"DIMENSIONALITY","IMBALANCED","N200_P100_S40",11,200,100,40,60,0.4,"kml3d",NA,0.145724625623043,0.276971777892523,14.2930000000006
"DIMENSIONALITY","IMBALANCED","N200_P100_S40",12,200,100,40,60,0.4,"longTAPIO",10,0.6033468881758,0.71122886185944,4.39800000000014
"DIMENSIONALITY","IMBALANCED","N200_P100_S40",12,200,100,40,60,0.4,"kml3d",NA,0.546341146788732,0.647788719668351,14.5209999999997
"DIMENSIONALITY","IMBALANCED","N200_P100_S40",13,200,100,40,60,0.4,"longTAPIO",10,0.318315057753878,0.492746974944782,4.38299999999981
"DIMENSIONALITY","IMBALANCED","N200_P100_S40",13,200,100,40,60,0.4,"kml3d",NA,0.434057124192691,0.558969937722359,14.7940000000008
"DIMENSIONALITY","IMBALANCED","N200_P100_S40",14,200,100,40,60,0.4,"longTAPIO",10,0.514463050766531,0.640480204610975,3.72600000000057
"DIMENSIONALITY","IMBALANCED","N200_P100_S40",14,200,100,40,60,0.4,"kml3d",NA,0.420287176984318,0.572481839771274,13.2449999999999
"DIMENSIONALITY","IMBALANCED","N200_P100_S40",15,200,100,40,60,0.4,"longTAPIO",10,0.631488438683362,0.710447296220991,3.78799999999956
"DIMENSIONALITY","IMBALANCED","N200_P100_S40",15,200,100,40,60,0.4,"kml3d",NA,0.474684197639071,0.615100498289902,13.5920000000006
"DIMENSIONALITY","IMBALANCED","N200_P100_S40",16,200,100,40,60,0.4,"longTAPIO",10,0.294157434094117,0.543344155375365,3.73199999999997
"DIMENSIONALITY","IMBALANCED","N200_P100_S40",16,200,100,40,60,0.4,"kml3d",NA,0.289767883524439,0.418632576614367,13.4380000000001
"DIMENSIONALITY","IMBALANCED","N200_P100_S40",17,200,100,40,60,0.4,"longTAPIO",10,0.429980531686171,0.564496595529244,3.82800000000043
"DIMENSIONALITY","IMBALANCED","N200_P100_S40",17,200,100,40,60,0.4,"kml3d",NA,0.415863375815796,0.512391771674446,13.3649999999998
"DIMENSIONALITY","IMBALANCED","N200_P100_S40",18,200,100,40,60,0.4,"longTAPIO",10,0.316801081721365,0.540003127056449,3.66600000000017
"DIMENSIONALITY","IMBALANCED","N200_P100_S40",18,200,100,40,60,0.4,"kml3d",NA,0.324743491495691,0.468359245338732,14.4930000000004
"DIMENSIONALITY","IMBALANCED","N200_P100_S40",19,200,100,40,60,0.4,"longTAPIO",10,0.361914968253701,0.521771427297861,4.3149999999996
"DIMENSIONALITY","IMBALANCED","N200_P100_S40",19,200,100,40,60,0.4,"kml3d",NA,0.52023363925591,0.631809654564535,15.3270000000002
"DIMENSIONALITY","IMBALANCED","N200_P100_S40",20,200,100,40,60,0.4,"longTAPIO",10,0.491226018342408,0.619722488557223,4.17500000000018
"DIMENSIONALITY","IMBALANCED","N200_P100_S40",20,200,100,40,60,0.4,"kml3d",NA,0.491703696911975,0.60487360130209,15.7699999999995
"NUISANCE","BALANCED","N120_P8_S8",1,120,8,8,0,1,"longTAPIO",3,0.719791795761557,0.790784402202633,1.57800000000043
"NUISANCE","BALANCED","N120_P8_S8",1,120,8,8,0,1,"kml3d",NA,0.806643661355866,0.822253814510335,0.465000000000146
"NUISANCE","BALANCED","N120_P8_S8",2,120,8,8,0,1,"longTAPIO",3,0.726400175173957,0.796196727534836,1.55199999999968
"NUISANCE","BALANCED","N120_P8_S8",2,120,8,8,0,1,"kml3d",NA,0.62583426072509,0.695785271210535,0.471000000000458
"NUISANCE","BALANCED","N120_P8_S8",3,120,8,8,0,1,"longTAPIO",3,0.768257428708936,0.812360718048262,1.47800000000007
"NUISANCE","BALANCED","N120_P8_S8",3,120,8,8,0,1,"kml3d",NA,0.781067956521601,0.80237926288727,0.471999999999753
"NUISANCE","BALANCED","N120_P8_S8",4,120,8,8,0,1,"longTAPIO",3,0.843887178969676,0.88243946815583,1.48700000000008
"NUISANCE","BALANCED","N120_P8_S8",4,120,8,8,0,1,"kml3d",NA,0.753191232566929,0.787371076331083,0.466000000000349
"NUISANCE","BALANCED","N120_P8_S8",5,120,8,8,0,1,"longTAPIO",3,0.955960235321142,0.955027991117732,1.46100000000024
"NUISANCE","BALANCED","N120_P8_S8",5,120,8,8,0,1,"kml3d",NA,0.608072859378634,0.677172732014783,0.478000000000065
"NUISANCE","BALANCED","N120_P8_S8",6,120,8,8,0,1,"longTAPIO",3,0.828311974879063,0.873355651440036,1.54799999999977
"NUISANCE","BALANCED","N120_P8_S8",6,120,8,8,0,1,"kml3d",NA,0.785839237845933,0.824330704487867,0.48700000000008
"NUISANCE","BALANCED","N120_P8_S8",7,120,8,8,0,1,"longTAPIO",3,0.709263441132865,0.780686506411104,1.3730000000005
"NUISANCE","BALANCED","N120_P8_S8",7,120,8,8,0,1,"kml3d",NA,0.669762574399895,0.735152254485249,0.458999999999833
"NUISANCE","BALANCED","N120_P8_S8",8,120,8,8,0,1,"longTAPIO",3,0.751707062245563,0.814034020891917,1.52499999999964
"NUISANCE","BALANCED","N120_P8_S8",8,120,8,8,0,1,"kml3d",NA,0.707660460650198,0.761605606780309,0.518000000000029
"NUISANCE","BALANCED","N120_P8_S8",9,120,8,8,0,1,"longTAPIO",3,0.747787982434573,0.799048726588246,1.4380000000001
"NUISANCE","BALANCED","N120_P8_S8",9,120,8,8,0,1,"kml3d",NA,0.673063424456958,0.718336273966236,0.467000000000553
"NUISANCE","BALANCED","N120_P8_S8",10,120,8,8,0,1,"longTAPIO",3,0.688430942687128,0.764733992654997,1.38900000000012
"NUISANCE","BALANCED","N120_P8_S8",10,120,8,8,0,1,"kml3d",NA,0.603211031045476,0.671701059862525,0.471999999999753
"NUISANCE","BALANCED","N120_P8_S8",11,120,8,8,0,1,"longTAPIO",3,1,1,1.53200000000015
"NUISANCE","BALANCED","N120_P8_S8",11,120,8,8,0,1,"kml3d",NA,0.810615705846405,0.840187875958799,0.469999999999345
"NUISANCE","BALANCED","N120_P8_S8",12,120,8,8,0,1,"longTAPIO",3,0.733917565190793,0.801865289577262,1.39300000000003
"NUISANCE","BALANCED","N120_P8_S8",12,120,8,8,0,1,"kml3d",NA,0.710614134489616,0.768803847345379,0.463999999999942
"NUISANCE","BALANCED","N120_P8_S8",13,120,8,8,0,1,"longTAPIO",3,0.775248911158577,0.841596040632915,1.38400000000001
"NUISANCE","BALANCED","N120_P8_S8",13,120,8,8,0,1,"kml3d",NA,0.711940396914354,0.76780148425852,0.460000000000036
"NUISANCE","BALANCED","N120_P8_S8",14,120,8,8,0,1,"longTAPIO",3,0.692593749112896,0.74916729601842,1.36599999999999
"NUISANCE","BALANCED","N120_P8_S8",14,120,8,8,0,1,"kml3d",NA,0.700833322698792,0.73510320579159,0.464000000000851
"NUISANCE","BALANCED","N120_P8_S8",15,120,8,8,0,1,"longTAPIO",3,0.813654870028187,0.864786979256811,1.39000000000033
"NUISANCE","BALANCED","N120_P8_S8",15,120,8,8,0,1,"kml3d",NA,0.694774328012676,0.750292554455836,0.470999999999549
"NUISANCE","BALANCED","N120_P8_S8",16,120,8,8,0,1,"longTAPIO",3,1,1,1.38299999999981
"NUISANCE","BALANCED","N120_P8_S8",16,120,8,8,0,1,"kml3d",NA,0.702710062281721,0.74915012294929,0.458999999999833
"NUISANCE","BALANCED","N120_P8_S8",17,120,8,8,0,1,"longTAPIO",3,0.629474372876017,0.715838717987006,1.37100000000009
"NUISANCE","BALANCED","N120_P8_S8",17,120,8,8,0,1,"kml3d",NA,0.621154496682063,0.685205687917168,0.469000000000051
"NUISANCE","BALANCED","N120_P8_S8",18,120,8,8,0,1,"longTAPIO",3,0.745219210744003,0.821345282873471,1.39000000000033
"NUISANCE","BALANCED","N120_P8_S8",18,120,8,8,0,1,"kml3d",NA,0.660754831222564,0.720836078216716,0.465000000000146
"NUISANCE","BALANCED","N120_P8_S8",19,120,8,8,0,1,"longTAPIO",3,0.7447771864326,0.798927407199933,1.38599999999951
"NUISANCE","BALANCED","N120_P8_S8",19,120,8,8,0,1,"kml3d",NA,0.636779133992066,0.697798611952585,0.461999999999534
"NUISANCE","BALANCED","N120_P8_S8",20,120,8,8,0,1,"longTAPIO",3,0.632751363942297,0.709879306130143,1.39099999999962
"NUISANCE","BALANCED","N120_P8_S8",20,120,8,8,0,1,"kml3d",NA,0.615841205204062,0.696323442233513,0.46100000000024
"NUISANCE","BALANCED","N120_P16_S8",1,120,16,8,8,0.5,"longTAPIO",4,0.842432267264209,0.862373514854448,1.40399999999954
"NUISANCE","BALANCED","N120_P16_S8",1,120,16,8,8,0.5,"kml3d",NA,0.72860081976364,0.748645144243527,0.825000000000728
"NUISANCE","BALANCED","N120_P16_S8",2,120,16,8,8,0.5,"longTAPIO",4,0.676087115329033,0.736358502796124,1.42900000000009
"NUISANCE","BALANCED","N120_P16_S8",2,120,16,8,8,0.5,"kml3d",NA,0.520231719313586,0.599131671100709,0.680999999999585
"NUISANCE","BALANCED","N120_P16_S8",3,120,16,8,8,0.5,"longTAPIO",4,0.454665385995163,0.58053274241631,1.44500000000062
"NUISANCE","BALANCED","N120_P16_S8",3,120,16,8,8,0.5,"kml3d",NA,0.630895613106166,0.682670866869354,0.684000000000196
"NUISANCE","BALANCED","N120_P16_S8",4,120,16,8,8,0.5,"longTAPIO",4,0.69841104454285,0.76345243427278,1.40800000000036
"NUISANCE","BALANCED","N120_P16_S8",4,120,16,8,8,0.5,"kml3d",NA,0.613298570743646,0.685552421369989,0.686999999999898
"NUISANCE","BALANCED","N120_P16_S8",5,120,16,8,8,0.5,"longTAPIO",4,0.603810395126281,0.699775356510775,1.45399999999972
"NUISANCE","BALANCED","N120_P16_S8",5,120,16,8,8,0.5,"kml3d",NA,0.578728758650695,0.661334515652797,0.67699999999968
"NUISANCE","BALANCED","N120_P16_S8",6,120,16,8,8,0.5,"longTAPIO",4,0.712491029935729,0.763548084862647,1.42800000000079
"NUISANCE","BALANCED","N120_P16_S8",6,120,16,8,8,0.5,"kml3d",NA,0.707155022841953,0.737630519924793,0.692000000000007
"NUISANCE","BALANCED","N120_P16_S8",7,120,16,8,8,0.5,"longTAPIO",4,0.828311974879063,0.873355651440036,1.43299999999999
"NUISANCE","BALANCED","N120_P16_S8",7,120,16,8,8,0.5,"kml3d",NA,0.837982699193628,0.846837663666566,0.686999999999898
"NUISANCE","BALANCED","N120_P16_S8",8,120,16,8,8,0.5,"longTAPIO",4,1,1,1.43099999999959
"NUISANCE","BALANCED","N120_P16_S8",8,120,16,8,8,0.5,"kml3d",NA,0.766162310866575,0.782171687356901,0.682999999999993
"NUISANCE","BALANCED","N120_P16_S8",9,120,16,8,8,0.5,"longTAPIO",4,0.827252054941823,0.859155187296407,1.40799999999945
"NUISANCE","BALANCED","N120_P16_S8",9,120,16,8,8,0.5,"kml3d",NA,0.627224188004921,0.668841742879718,0.682000000000698
"NUISANCE","BALANCED","N120_P16_S8",10,120,16,8,8,0.5,"longTAPIO",4,0.810025542784163,0.837494394587911,1.41199999999935
"NUISANCE","BALANCED","N120_P16_S8",10,120,16,8,8,0.5,"kml3d",NA,0.729780600204463,0.767310926172466,0.692000000000007
"NUISANCE","BALANCED","N120_P16_S8",11,120,16,8,8,0.5,"longTAPIO",4,0.796199857018032,0.831762647221482,1.57000000000062
"NUISANCE","BALANCED","N120_P16_S8",11,120,16,8,8,0.5,"kml3d",NA,0.71854286860113,0.761237803404554,0.677000000000589
"NUISANCE","BALANCED","N120_P16_S8",12,120,16,8,8,0.5,"longTAPIO",4,0.730892329745561,0.796816856379414,1.42700000000059
"NUISANCE","BALANCED","N120_P16_S8",12,120,16,8,8,0.5,"kml3d",NA,0.673695622541266,0.686230448772481,0.694000000000415
"NUISANCE","BALANCED","N120_P16_S8",13,120,16,8,8,0.5,"longTAPIO",4,0.760143261880579,0.811251664300975,1.48700000000008
"NUISANCE","BALANCED","N120_P16_S8",13,120,16,8,8,0.5,"kml3d",NA,0.6933976235139,0.709227547820074,0.715000000000146
"NUISANCE","BALANCED","N120_P16_S8",14,120,16,8,8,0.5,"longTAPIO",4,0.87727897738847,0.889176353347186,1.70200000000023
"NUISANCE","BALANCED","N120_P16_S8",14,120,16,8,8,0.5,"kml3d",NA,0.718636838246729,0.754093612765324,0.71599999999944
"NUISANCE","BALANCED","N120_P16_S8",15,120,16,8,8,0.5,"longTAPIO",4,0.758302059452789,0.793035462108656,1.60000000000036
"NUISANCE","BALANCED","N120_P16_S8",15,120,16,8,8,0.5,"kml3d",NA,0.710776065581043,0.744827286475739,0.703999999999724
"NUISANCE","BALANCED","N120_P16_S8",16,120,16,8,8,0.5,"longTAPIO",4,0.803253950575841,0.845245496190591,1.5590000000002
"NUISANCE","BALANCED","N120_P16_S8",16,120,16,8,8,0.5,"kml3d",NA,0.678578069697151,0.735926857350383,0.692000000000007
"NUISANCE","BALANCED","N120_P16_S8",17,120,16,8,8,0.5,"longTAPIO",4,0.664435327143166,0.724731221101395,1.54100000000017
"NUISANCE","BALANCED","N120_P16_S8",17,120,16,8,8,0.5,"kml3d",NA,0.656877564240985,0.699556871184868,0.694999999999709
"NUISANCE","BALANCED","N120_P16_S8",18,120,16,8,8,0.5,"longTAPIO",4,0.679567573528736,0.748575844658644,1.58500000000004
"NUISANCE","BALANCED","N120_P16_S8",18,120,16,8,8,0.5,"kml3d",NA,0.607440979891569,0.696831515684625,0.704999999999927
"NUISANCE","BALANCED","N120_P16_S8",19,120,16,8,8,0.5,"longTAPIO",4,0.757780139229251,0.81838028344664,1.54500000000007
"NUISANCE","BALANCED","N120_P16_S8",19,120,16,8,8,0.5,"kml3d",NA,0.648241762063286,0.701925003646711,0.695000000000618
"NUISANCE","BALANCED","N120_P16_S8",20,120,16,8,8,0.5,"longTAPIO",4,0.876992381414224,0.884214302798619,1.67000000000007
"NUISANCE","BALANCED","N120_P16_S8",20,120,16,8,8,0.5,"kml3d",NA,0.751980619186626,0.776944302905325,0.713999999999942
"NUISANCE","BALANCED","N120_P32_S8",1,120,32,8,24,0.25,"longTAPIO",6,0.713451557761917,0.781764859233073,1.95400000000063
"NUISANCE","BALANCED","N120_P32_S8",1,120,32,8,24,0.25,"kml3d",NA,0.529177533235799,0.60312138471796,1.69300000000021
"NUISANCE","BALANCED","N120_P32_S8",2,120,32,8,24,0.25,"longTAPIO",6,0.617069088869068,0.704490899828216,1.79799999999977
"NUISANCE","BALANCED","N120_P32_S8",2,120,32,8,24,0.25,"kml3d",NA,0.600777907924221,0.654829869927467,1.71900000000005
"NUISANCE","BALANCED","N120_P32_S8",3,120,32,8,24,0.25,"longTAPIO",6,0.685307086661444,0.764886682532776,1.75999999999931
"NUISANCE","BALANCED","N120_P32_S8",3,120,32,8,24,0.25,"kml3d",NA,0.471485074132178,0.544670326073746,1.62400000000071
"NUISANCE","BALANCED","N120_P32_S8",4,120,32,8,24,0.25,"longTAPIO",6,0.782601388677084,0.830114440542445,1.68199999999979
"NUISANCE","BALANCED","N120_P32_S8",4,120,32,8,24,0.25,"kml3d",NA,0.705247246814943,0.7346719243576,1.60300000000007
"NUISANCE","BALANCED","N120_P32_S8",5,120,32,8,24,0.25,"longTAPIO",6,0.667868136074385,0.720338811304401,1.60699999999997
"NUISANCE","BALANCED","N120_P32_S8",5,120,32,8,24,0.25,"kml3d",NA,0.648094201825963,0.703500051204012,1.60199999999986
"NUISANCE","BALANCED","N120_P32_S8",6,120,32,8,24,0.25,"longTAPIO",6,0.775248911158577,0.841596040632915,1.69599999999991
"NUISANCE","BALANCED","N120_P32_S8",6,120,32,8,24,0.25,"kml3d",NA,0.732232910492524,0.760769166443643,1.64699999999993
"NUISANCE","BALANCED","N120_P32_S8",7,120,32,8,24,0.25,"longTAPIO",6,0.782419287651718,0.808433205952337,1.6820000000007
"NUISANCE","BALANCED","N120_P32_S8",7,120,32,8,24,0.25,"kml3d",NA,0.720694917538082,0.774780869150486,1.54300000000057
"NUISANCE","BALANCED","N120_P32_S8",8,120,32,8,24,0.25,"longTAPIO",6,0.877753681086634,0.902496636752747,1.75800000000072
"NUISANCE","BALANCED","N120_P32_S8",8,120,32,8,24,0.25,"kml3d",NA,0.667326426862746,0.705293277175635,1.57399999999961
"NUISANCE","BALANCED","N120_P32_S8",9,120,32,8,24,0.25,"longTAPIO",6,0.612063132773192,0.692933854849361,1.60999999999967
"NUISANCE","BALANCED","N120_P32_S8",9,120,32,8,24,0.25,"kml3d",NA,0.654747252955861,0.698761505106449,1.64899999999943
"NUISANCE","BALANCED","N120_P32_S8",10,120,32,8,24,0.25,"longTAPIO",6,0.664155304895015,0.715673386718113,1.67100000000028
"NUISANCE","BALANCED","N120_P32_S8",10,120,32,8,24,0.25,"kml3d",NA,0.434696773397495,0.532884474762615,1.5659999999998
"NUISANCE","BALANCED","N120_P32_S8",11,120,32,8,24,0.25,"longTAPIO",6,0.877753681086634,0.902496636752747,1.63199999999961
"NUISANCE","BALANCED","N120_P32_S8",11,120,32,8,24,0.25,"kml3d",NA,0.589554544209584,0.629920271889623,1.57300000000032
"NUISANCE","BALANCED","N120_P32_S8",12,120,32,8,24,0.25,"longTAPIO",6,0.659468035875625,0.722689465710853,1.61199999999917
"NUISANCE","BALANCED","N120_P32_S8",12,120,32,8,24,0.25,"kml3d",NA,0.686079164920088,0.730715604174904,1.61699999999928
"NUISANCE","BALANCED","N120_P32_S8",13,120,32,8,24,0.25,"longTAPIO",6,0.649843160972308,0.7288252256065,1.61700000000019
"NUISANCE","BALANCED","N120_P32_S8",13,120,32,8,24,0.25,"kml3d",NA,0.380830198525734,0.474365083995129,1.59300000000076
"NUISANCE","BALANCED","N120_P32_S8",14,120,32,8,24,0.25,"longTAPIO",6,0.768976090237509,0.813992138439839,1.62599999999929
"NUISANCE","BALANCED","N120_P32_S8",14,120,32,8,24,0.25,"kml3d",NA,0.668969984884474,0.728562361181268,1.65500000000065
"NUISANCE","BALANCED","N120_P32_S8",15,120,32,8,24,0.25,"longTAPIO",6,0.759987472596304,0.814035217329111,1.79199999999946
"NUISANCE","BALANCED","N120_P32_S8",15,120,32,8,24,0.25,"kml3d",NA,0.61335575857192,0.626744209170139,1.56899999999951
"NUISANCE","BALANCED","N120_P32_S8",16,120,32,8,24,0.25,"longTAPIO",6,0.702955027489737,0.760737113822212,1.63699999999972
"NUISANCE","BALANCED","N120_P32_S8",16,120,32,8,24,0.25,"kml3d",NA,0.607754121816042,0.652128293220753,1.63599999999951
"NUISANCE","BALANCED","N120_P32_S8",17,120,32,8,24,0.25,"longTAPIO",6,0.896020335213281,0.913714386456744,1.64100000000053
"NUISANCE","BALANCED","N120_P32_S8",17,120,32,8,24,0.25,"kml3d",NA,0.458508308019992,0.531751951826187,1.61499999999978
"NUISANCE","BALANCED","N120_P32_S8",18,120,32,8,24,0.25,"longTAPIO",6,0.787119856887299,0.84895390050084,1.64199999999983
"NUISANCE","BALANCED","N120_P32_S8",18,120,32,8,24,0.25,"kml3d",NA,0.689726839925755,0.716715287190341,1.58600000000024
"NUISANCE","BALANCED","N120_P32_S8",19,120,32,8,24,0.25,"longTAPIO",6,0.678920365547493,0.756854154996996,1.61800000000039
"NUISANCE","BALANCED","N120_P32_S8",19,120,32,8,24,0.25,"kml3d",NA,0.649996697043382,0.682777763431143,1.65499999999975
"NUISANCE","BALANCED","N120_P32_S8",20,120,32,8,24,0.25,"longTAPIO",6,0.797143480639744,0.835759288297355,1.66799999999967
"NUISANCE","BALANCED","N120_P32_S8",20,120,32,8,24,0.25,"kml3d",NA,0.568879731714267,0.651385208242895,1.67799999999988
"NUISANCE","BALANCED","N120_P64_S8",1,120,64,8,56,0.125,"longTAPIO",8,0.651288216790635,0.717354900663602,2.01999999999953
"NUISANCE","BALANCED","N120_P64_S8",1,120,64,8,56,0.125,"kml3d",NA,0.373945599161658,0.440124034081679,6.19499999999971
"NUISANCE","BALANCED","N120_P64_S8",2,120,64,8,56,0.125,"longTAPIO",8,0.778890399171977,0.819814970374542,1.86599999999999
"NUISANCE","BALANCED","N120_P64_S8",2,120,64,8,56,0.125,"kml3d",NA,0.520292659900873,0.553070298389894,6.05000000000018
"NUISANCE","BALANCED","N120_P64_S8",3,120,64,8,56,0.125,"longTAPIO",8,0.62896495079844,0.668802161515483,1.73999999999978
"NUISANCE","BALANCED","N120_P64_S8",3,120,64,8,56,0.125,"kml3d",NA,0.222376308356371,0.298784055821048,5.68199999999979
"NUISANCE","BALANCED","N120_P64_S8",4,120,64,8,56,0.125,"longTAPIO",8,0.547985874260576,0.60714189513683,1.74499999999989
"NUISANCE","BALANCED","N120_P64_S8",4,120,64,8,56,0.125,"kml3d",NA,0.390616629205412,0.426945728048389,5.81400000000031
"NUISANCE","BALANCED","N120_P64_S8",5,120,64,8,56,0.125,"longTAPIO",8,0.695773832784939,0.756820093318108,1.875
"NUISANCE","BALANCED","N120_P64_S8",5,120,64,8,56,0.125,"kml3d",NA,0.542578840775388,0.57695070926828,5.89599999999973
"NUISANCE","BALANCED","N120_P64_S8",6,120,64,8,56,0.125,"longTAPIO",8,0.533645320981169,0.569149384041422,1.76600000000053
"NUISANCE","BALANCED","N120_P64_S8",6,120,64,8,56,0.125,"kml3d",NA,0.127874088589278,0.168679710707501,5.64000000000033
"NUISANCE","BALANCED","N120_P64_S8",7,120,64,8,56,0.125,"longTAPIO",8,0.470699393575646,0.5477001994037,1.71599999999944
"NUISANCE","BALANCED","N120_P64_S8",7,120,64,8,56,0.125,"kml3d",NA,0.126691425896086,0.172482501260432,5.69700000000012
"NUISANCE","BALANCED","N120_P64_S8",8,120,64,8,56,0.125,"longTAPIO",8,0.761988173325383,0.820575215471334,1.73099999999977
"NUISANCE","BALANCED","N120_P64_S8",8,120,64,8,56,0.125,"kml3d",NA,0.373365537280769,0.38237573199163,5.80600000000049
"NUISANCE","BALANCED","N120_P64_S8",9,120,64,8,56,0.125,"longTAPIO",8,0.75955842168543,0.786680805776931,1.75200000000041
"NUISANCE","BALANCED","N120_P64_S8",9,120,64,8,56,0.125,"kml3d",NA,0.230040268954554,0.299487849749847,5.69499999999971
"NUISANCE","BALANCED","N120_P64_S8",10,120,64,8,56,0.125,"longTAPIO",8,0.372518076022088,0.529641772776297,1.72000000000025
"NUISANCE","BALANCED","N120_P64_S8",10,120,64,8,56,0.125,"kml3d",NA,0.32609445018959,0.338955043826788,5.64999999999964
"NUISANCE","BALANCED","N120_P64_S8",11,120,64,8,56,0.125,"longTAPIO",8,0.722514443662616,0.730571531697692,1.72400000000016
"NUISANCE","BALANCED","N120_P64_S8",11,120,64,8,56,0.125,"kml3d",NA,0.150475974822753,0.21243370054655,5.65899999999965
"NUISANCE","BALANCED","N120_P64_S8",12,120,64,8,56,0.125,"longTAPIO",8,0.673870149961777,0.737886935634865,1.85300000000007
"NUISANCE","BALANCED","N120_P64_S8",12,120,64,8,56,0.125,"kml3d",NA,0.232968753397552,0.309587109895243,5.67900000000009
"NUISANCE","BALANCED","N120_P64_S8",13,120,64,8,56,0.125,"longTAPIO",8,0.604150279507395,0.63906691632804,1.73300000000017
"NUISANCE","BALANCED","N120_P64_S8",13,120,64,8,56,0.125,"kml3d",NA,0.403088465889919,0.447839888493122,5.69499999999971
"NUISANCE","BALANCED","N120_P64_S8",14,120,64,8,56,0.125,"longTAPIO",8,0.740087050525234,0.775379871413728,1.73099999999977
"NUISANCE","BALANCED","N120_P64_S8",14,120,64,8,56,0.125,"kml3d",NA,0.356890745605407,0.42244563026137,5.66100000000006
"NUISANCE","BALANCED","N120_P64_S8",15,120,64,8,56,0.125,"longTAPIO",8,0.586646082593593,0.678960218037145,1.72199999999975
"NUISANCE","BALANCED","N120_P64_S8",15,120,64,8,56,0.125,"kml3d",NA,0.156772611855354,0.201671479973538,5.75900000000001
"NUISANCE","BALANCED","N120_P64_S8",16,120,64,8,56,0.125,"longTAPIO",8,0.721120874914902,0.75366111969671,1.72500000000036
"NUISANCE","BALANCED","N120_P64_S8",16,120,64,8,56,0.125,"kml3d",NA,0.371457405021037,0.412275277423553,5.66100000000006
"NUISANCE","BALANCED","N120_P64_S8",17,120,64,8,56,0.125,"longTAPIO",8,0.570854847963282,0.656868179948697,1.75399999999991
"NUISANCE","BALANCED","N120_P64_S8",17,120,64,8,56,0.125,"kml3d",NA,0.370985130489616,0.424926991080151,5.65599999999995
"NUISANCE","BALANCED","N120_P64_S8",18,120,64,8,56,0.125,"longTAPIO",8,0.679741325931139,0.736594414492058,1.71699999999964
"NUISANCE","BALANCED","N120_P64_S8",18,120,64,8,56,0.125,"kml3d",NA,0.414555550047097,0.417084211382634,5.65099999999984
"NUISANCE","BALANCED","N120_P64_S8",19,120,64,8,56,0.125,"longTAPIO",8,0.598842504922015,0.671451641013353,1.8769999999995
"NUISANCE","BALANCED","N120_P64_S8",19,120,64,8,56,0.125,"kml3d",NA,0.291171969816896,0.339087259403616,5.65100000000075
"NUISANCE","BALANCED","N120_P64_S8",20,120,64,8,56,0.125,"longTAPIO",8,0.602929852746856,0.643368579645519,1.72299999999996
"NUISANCE","BALANCED","N120_P64_S8",20,120,64,8,56,0.125,"kml3d",NA,0.440535290968877,0.486948268491216,5.68499999999949
"NUISANCE","BALANCED","N120_P100_S8",1,120,100,8,92,0.08,"longTAPIO",10,0.468201122004928,0.51097503467605,1.84400000000005
"NUISANCE","BALANCED","N120_P100_S8",1,120,100,8,92,0.08,"kml3d",NA,0.144818469712195,0.209345562450474,8.19799999999941
"NUISANCE","BALANCED","N120_P100_S8",2,120,100,8,92,0.08,"longTAPIO",10,0.533418503140637,0.583246175426139,1.89900000000034
"NUISANCE","BALANCED","N120_P100_S8",2,120,100,8,92,0.08,"kml3d",NA,0.237557032240965,0.27209208444513,8.59299999999985
"NUISANCE","BALANCED","N120_P100_S8",3,120,100,8,92,0.08,"longTAPIO",10,0.348518731768456,0.425278651470717,1.85199999999986
"NUISANCE","BALANCED","N120_P100_S8",3,120,100,8,92,0.08,"kml3d",NA,0.0897280637230909,0.116566503906044,8.38000000000011
"NUISANCE","BALANCED","N120_P100_S8",4,120,100,8,92,0.08,"longTAPIO",10,0.380525403602112,0.449407699015178,1.84200000000055
"NUISANCE","BALANCED","N120_P100_S8",4,120,100,8,92,0.08,"kml3d",NA,0.0838317484932249,0.0996594439382097,8.23700000000008
"NUISANCE","BALANCED","N120_P100_S8",5,120,100,8,92,0.08,"longTAPIO",10,0.489226132083938,0.512586822847006,1.84599999999955
"NUISANCE","BALANCED","N120_P100_S8",5,120,100,8,92,0.08,"kml3d",NA,0.106954732385205,0.168716802596734,8.42499999999927
"NUISANCE","BALANCED","N120_P100_S8",6,120,100,8,92,0.08,"longTAPIO",10,0.515825627476882,0.573230294493667,1.84900000000016
"NUISANCE","BALANCED","N120_P100_S8",6,120,100,8,92,0.08,"kml3d",NA,0.0848788307343807,0.128627758599892,8.87299999999959
"NUISANCE","BALANCED","N120_P100_S8",7,120,100,8,92,0.08,"longTAPIO",10,0.533245473657787,0.548411202190423,2.02400000000034
"NUISANCE","BALANCED","N120_P100_S8",7,120,100,8,92,0.08,"kml3d",NA,0.178717352471449,0.189589544453534,8.88799999999992
"NUISANCE","BALANCED","N120_P100_S8",8,120,100,8,92,0.08,"longTAPIO",10,0.506560335033748,0.566025609789199,1.87599999999929
"NUISANCE","BALANCED","N120_P100_S8",8,120,100,8,92,0.08,"kml3d",NA,0.192479371091928,0.208479440211849,7.84400000000005
"NUISANCE","BALANCED","N120_P100_S8",9,120,100,8,92,0.08,"longTAPIO",10,0.372028790664069,0.366466552126252,1.72400000000016
"NUISANCE","BALANCED","N120_P100_S8",9,120,100,8,92,0.08,"kml3d",NA,0.135548400143108,0.202279184947409,7.8149999999996
"NUISANCE","BALANCED","N120_P100_S8",10,120,100,8,92,0.08,"longTAPIO",10,0.480571274250579,0.532591962124591,1.74300000000039
"NUISANCE","BALANCED","N120_P100_S8",10,120,100,8,92,0.08,"kml3d",NA,0.207145123348987,0.210420235131366,7.69799999999941
"NUISANCE","BALANCED","N120_P100_S8",11,120,100,8,92,0.08,"longTAPIO",10,0.398222702278083,0.480355423962751,1.71999999999935
"NUISANCE","BALANCED","N120_P100_S8",11,120,100,8,92,0.08,"kml3d",NA,0.21633749791265,0.29271510923981,8.17199999999957
"NUISANCE","BALANCED","N120_P100_S8",12,120,100,8,92,0.08,"longTAPIO",10,0.562880655050986,0.598529410641213,1.72100000000046
"NUISANCE","BALANCED","N120_P100_S8",12,120,100,8,92,0.08,"kml3d",NA,0.193182939703978,0.245292579683883,7.67000000000007
"NUISANCE","BALANCED","N120_P100_S8",13,120,100,8,92,0.08,"longTAPIO",10,0.336820187397749,0.379785976140979,1.86399999999958
"NUISANCE","BALANCED","N120_P100_S8",13,120,100,8,92,0.08,"kml3d",NA,0.050888063236345,0.109857844043788,9.02399999999943
"NUISANCE","BALANCED","N120_P100_S8",14,120,100,8,92,0.08,"longTAPIO",10,0.494521857709369,0.562767894029341,1.74600000000009
"NUISANCE","BALANCED","N120_P100_S8",14,120,100,8,92,0.08,"kml3d",NA,0.130820178984243,0.153601892263588,7.8739999999998
"NUISANCE","BALANCED","N120_P100_S8",15,120,100,8,92,0.08,"longTAPIO",10,0.7523744463298,0.796383859301679,1.96399999999994
"NUISANCE","BALANCED","N120_P100_S8",15,120,100,8,92,0.08,"kml3d",NA,0.195139292675799,0.219251166397359,9.25799999999981
"NUISANCE","BALANCED","N120_P100_S8",16,120,100,8,92,0.08,"longTAPIO",10,0.372196432175628,0.403796063787419,2.11800000000039
"NUISANCE","BALANCED","N120_P100_S8",16,120,100,8,92,0.08,"kml3d",NA,0.199066466207475,0.208865840686006,7.75600000000031
"NUISANCE","BALANCED","N120_P100_S8",17,120,100,8,92,0.08,"longTAPIO",10,0.354961300463599,0.44548860080634,1.73299999999927
"NUISANCE","BALANCED","N120_P100_S8",17,120,100,8,92,0.08,"kml3d",NA,0.0963729745498263,0.162087966505673,7.69400000000041
"NUISANCE","BALANCED","N120_P100_S8",18,120,100,8,92,0.08,"longTAPIO",10,0.654036901210405,0.677640253658476,1.93000000000029
"NUISANCE","BALANCED","N120_P100_S8",18,120,100,8,92,0.08,"kml3d",NA,0.148437605126259,0.169004661104029,7.74299999999948
"NUISANCE","BALANCED","N120_P100_S8",19,120,100,8,92,0.08,"longTAPIO",10,0.517924752084829,0.571593517591678,1.72800000000007
"NUISANCE","BALANCED","N120_P100_S8",19,120,100,8,92,0.08,"kml3d",NA,0.118984286340465,0.161775377242636,7.85500000000047
"NUISANCE","BALANCED","N120_P100_S8",20,120,100,8,92,0.08,"longTAPIO",10,0.471875245379022,0.541835934574635,1.72800000000007
"NUISANCE","BALANCED","N120_P100_S8",20,120,100,8,92,0.08,"kml3d",NA,0.0920471281296024,0.13609284988302,7.69399999999951
"NUISANCE","IMBALANCED","N120_P8_S8",1,120,8,8,0,1,"longTAPIO",3,0.448418692438029,0.605449424175405,1.39800000000014
"NUISANCE","IMBALANCED","N120_P8_S8",1,120,8,8,0,1,"kml3d",NA,0.411480206536082,0.559853869320711,0.465000000000146
"NUISANCE","IMBALANCED","N120_P8_S8",2,120,8,8,0,1,"longTAPIO",3,0.221412915937922,0.356894527578363,1.53799999999956
"NUISANCE","IMBALANCED","N120_P8_S8",2,120,8,8,0,1,"kml3d",NA,0.262447252495822,0.390255619651445,0.465000000000146
"NUISANCE","IMBALANCED","N120_P8_S8",3,120,8,8,0,1,"longTAPIO",3,0.342428634444514,0.483997622760837,1.39099999999962
"NUISANCE","IMBALANCED","N120_P8_S8",3,120,8,8,0,1,"kml3d",NA,0.266989372473193,0.388624344752519,0.460999999999331
"NUISANCE","IMBALANCED","N120_P8_S8",4,120,8,8,0,1,"longTAPIO",3,0.505831737461913,0.646142401831193,1.38500000000022
"NUISANCE","IMBALANCED","N120_P8_S8",4,120,8,8,0,1,"kml3d",NA,0.519959060164212,0.637339120237155,0.460000000000036
"NUISANCE","IMBALANCED","N120_P8_S8",5,120,8,8,0,1,"longTAPIO",3,0.420422525438015,0.55962227103217,1.36400000000049
"NUISANCE","IMBALANCED","N120_P8_S8",5,120,8,8,0,1,"kml3d",NA,0.542896767905126,0.575268862352172,0.472999999999956
"NUISANCE","IMBALANCED","N120_P8_S8",6,120,8,8,0,1,"longTAPIO",3,0.204407057419511,0.356223834088814,1.39899999999943
"NUISANCE","IMBALANCED","N120_P8_S8",6,120,8,8,0,1,"kml3d",NA,0.22290977267232,0.358609184089857,0.458999999999833
"NUISANCE","IMBALANCED","N120_P8_S8",7,120,8,8,0,1,"longTAPIO",3,0.539361896626344,0.648416524309855,1.38699999999972
"NUISANCE","IMBALANCED","N120_P8_S8",7,120,8,8,0,1,"kml3d",NA,0.449539451388221,0.549435345338358,0.472999999999956
"NUISANCE","IMBALANCED","N120_P8_S8",8,120,8,8,0,1,"longTAPIO",3,0.540963574696439,0.621875217707212,1.37800000000061
"NUISANCE","IMBALANCED","N120_P8_S8",8,120,8,8,0,1,"kml3d",NA,0.481313076215828,0.55343484340276,0.462999999999738
"NUISANCE","IMBALANCED","N120_P8_S8",9,120,8,8,0,1,"longTAPIO",3,0.229807891696537,0.431653673987473,1.38700000000063
"NUISANCE","IMBALANCED","N120_P8_S8",9,120,8,8,0,1,"kml3d",NA,0.178448813223521,0.287827335631559,0.461999999999534
"NUISANCE","IMBALANCED","N120_P8_S8",10,120,8,8,0,1,"longTAPIO",3,0.538650829198372,0.68160388698865,1.38000000000011
"NUISANCE","IMBALANCED","N120_P8_S8",10,120,8,8,0,1,"kml3d",NA,0.555757847688405,0.66467855650736,0.467000000000553
"NUISANCE","IMBALANCED","N120_P8_S8",11,120,8,8,0,1,"longTAPIO",3,0.175686851555354,0.33068456763793,1.3769999999995
"NUISANCE","IMBALANCED","N120_P8_S8",11,120,8,8,0,1,"kml3d",NA,0.188254842063047,0.307973981735129,0.457999999999629
"NUISANCE","IMBALANCED","N120_P8_S8",12,120,8,8,0,1,"longTAPIO",3,0.343454187175856,0.453262984074171,1.49200000000019
"NUISANCE","IMBALANCED","N120_P8_S8",12,120,8,8,0,1,"kml3d",NA,0.230956283136711,0.312998245028665,0.511000000000422
"NUISANCE","IMBALANCED","N120_P8_S8",13,120,8,8,0,1,"longTAPIO",3,0.260563569362983,0.469157844583365,1.52800000000025
"NUISANCE","IMBALANCED","N120_P8_S8",13,120,8,8,0,1,"kml3d",NA,0.278799999482892,0.379336895844827,0.460000000000036
"NUISANCE","IMBALANCED","N120_P8_S8",14,120,8,8,0,1,"longTAPIO",3,0.805630102833654,0.802268331576307,1.39099999999962
"NUISANCE","IMBALANCED","N120_P8_S8",14,120,8,8,0,1,"kml3d",NA,0.617039646700217,0.662911953257671,0.480999999999767
"NUISANCE","IMBALANCED","N120_P8_S8",15,120,8,8,0,1,"longTAPIO",3,0.546529034250746,0.649255207381234,1.39899999999943
"NUISANCE","IMBALANCED","N120_P8_S8",15,120,8,8,0,1,"kml3d",NA,0.489842979201337,0.600186487319013,0.462999999999738
"NUISANCE","IMBALANCED","N120_P8_S8",16,120,8,8,0,1,"longTAPIO",3,0.28194922703366,0.430224440944752,1.39599999999973
"NUISANCE","IMBALANCED","N120_P8_S8",16,120,8,8,0,1,"kml3d",NA,0.339890091858374,0.432291456168086,0.465000000000146
"NUISANCE","IMBALANCED","N120_P8_S8",17,120,8,8,0,1,"longTAPIO",3,0.439118573004531,0.593968168139114,1.39599999999973
"NUISANCE","IMBALANCED","N120_P8_S8",17,120,8,8,0,1,"kml3d",NA,0.413744147123268,0.514762032246925,0.474999999999454
"NUISANCE","IMBALANCED","N120_P8_S8",18,120,8,8,0,1,"longTAPIO",3,0.367611152833753,0.51910082960762,1.40100000000075
"NUISANCE","IMBALANCED","N120_P8_S8",18,120,8,8,0,1,"kml3d",NA,0.40664346177484,0.529464909266306,0.462999999999738
"NUISANCE","IMBALANCED","N120_P8_S8",19,120,8,8,0,1,"longTAPIO",3,0.418776210817875,0.560823710993978,1.38799999999992
"NUISANCE","IMBALANCED","N120_P8_S8",19,120,8,8,0,1,"kml3d",NA,0.331787833584575,0.428338567417579,0.466999999999643
"NUISANCE","IMBALANCED","N120_P8_S8",20,120,8,8,0,1,"longTAPIO",3,0.589255427463268,0.732814827971342,1.40300000000025
"NUISANCE","IMBALANCED","N120_P8_S8",20,120,8,8,0,1,"kml3d",NA,0.518200416131834,0.631194972070635,0.462999999999738
"NUISANCE","IMBALANCED","N120_P16_S8",1,120,16,8,8,0.5,"longTAPIO",4,0.517756165194243,0.637891353919454,1.4380000000001
"NUISANCE","IMBALANCED","N120_P16_S8",1,120,16,8,8,0.5,"kml3d",NA,0.366281307049364,0.429716334128092,0.677999999999884
"NUISANCE","IMBALANCED","N120_P16_S8",2,120,16,8,8,0.5,"longTAPIO",4,0.410674269565093,0.586604628875724,1.42399999999998
"NUISANCE","IMBALANCED","N120_P16_S8",2,120,16,8,8,0.5,"kml3d",NA,0.169223095733969,0.289674576520406,0.673999999999978
"NUISANCE","IMBALANCED","N120_P16_S8",3,120,16,8,8,0.5,"longTAPIO",4,0.567001874586984,0.713710849538939,1.56700000000001
"NUISANCE","IMBALANCED","N120_P16_S8",3,120,16,8,8,0.5,"kml3d",NA,0.220662767302882,0.333380223253398,0.681999999999789
"NUISANCE","IMBALANCED","N120_P16_S8",4,120,16,8,8,0.5,"longTAPIO",4,0.490863846818725,0.621130191624838,1.4380000000001
"NUISANCE","IMBALANCED","N120_P16_S8",4,120,16,8,8,0.5,"kml3d",NA,0.202196196506454,0.322507152401383,0.681999999999789
"NUISANCE","IMBALANCED","N120_P16_S8",5,120,16,8,8,0.5,"longTAPIO",4,0.241230826905847,0.446066437575534,1.42500000000018
"NUISANCE","IMBALANCED","N120_P16_S8",5,120,16,8,8,0.5,"kml3d",NA,0.307598328418815,0.407865025268816,0.684999999999491
"NUISANCE","IMBALANCED","N120_P16_S8",6,120,16,8,8,0.5,"longTAPIO",4,0.242066814190463,0.423224711505099,1.4360000000006
"NUISANCE","IMBALANCED","N120_P16_S8",6,120,16,8,8,0.5,"kml3d",NA,0.245539772366456,0.370760852622211,0.672999999999774
"NUISANCE","IMBALANCED","N120_P16_S8",7,120,16,8,8,0.5,"longTAPIO",4,0.296702281837089,0.48686881248917,1.4409999999998
"NUISANCE","IMBALANCED","N120_P16_S8",7,120,16,8,8,0.5,"kml3d",NA,0.331438981603209,0.462871173308515,0.680000000000291
"NUISANCE","IMBALANCED","N120_P16_S8",8,120,16,8,8,0.5,"longTAPIO",4,0.321775737122493,0.437299642071495,1.4380000000001
"NUISANCE","IMBALANCED","N120_P16_S8",8,120,16,8,8,0.5,"kml3d",NA,0.236524073422172,0.303752690289599,0.685999999999694
"NUISANCE","IMBALANCED","N120_P16_S8",9,120,16,8,8,0.5,"longTAPIO",4,0.477437098647391,0.615667134365846,1.65099999999984
"NUISANCE","IMBALANCED","N120_P16_S8",9,120,16,8,8,0.5,"kml3d",NA,0.46026460734532,0.561143503672111,0.7549999999992
"NUISANCE","IMBALANCED","N120_P16_S8",10,120,16,8,8,0.5,"longTAPIO",4,0.559317667155755,0.689265985727599,1.53799999999956
"NUISANCE","IMBALANCED","N120_P16_S8",10,120,16,8,8,0.5,"kml3d",NA,0.355776109553184,0.47187507946452,0.730999999999767
"NUISANCE","IMBALANCED","N120_P16_S8",11,120,16,8,8,0.5,"longTAPIO",4,0.338038386858339,0.529406155381301,1.73999999999978
"NUISANCE","IMBALANCED","N120_P16_S8",11,120,16,8,8,0.5,"kml3d",NA,0.291216781511195,0.441153283027604,0.739000000000487
"NUISANCE","IMBALANCED","N120_P16_S8",12,120,16,8,8,0.5,"longTAPIO",4,0.363303844085205,0.486174547717163,1.59900000000016
"NUISANCE","IMBALANCED","N120_P16_S8",12,120,16,8,8,0.5,"kml3d",NA,0.27662067176856,0.364943582368109,0.707999999999629
"NUISANCE","IMBALANCED","N120_P16_S8",13,120,16,8,8,0.5,"longTAPIO",4,0.358546047811505,0.499883243885837,1.85000000000036
"NUISANCE","IMBALANCED","N120_P16_S8",13,120,16,8,8,0.5,"kml3d",NA,0.209351831500283,0.35102950787861,0.712000000000444
"NUISANCE","IMBALANCED","N120_P16_S8",14,120,16,8,8,0.5,"longTAPIO",4,0.554448002940924,0.617863811319273,1.42799999999988
"NUISANCE","IMBALANCED","N120_P16_S8",14,120,16,8,8,0.5,"kml3d",NA,0.271615058427441,0.382188614235757,0.683999999999287
"NUISANCE","IMBALANCED","N120_P16_S8",15,120,16,8,8,0.5,"longTAPIO",4,0.302569146064089,0.424642276633025,1.42799999999988
"NUISANCE","IMBALANCED","N120_P16_S8",15,120,16,8,8,0.5,"kml3d",NA,0.312584802946117,0.40709060420967,0.731999999999971
"NUISANCE","IMBALANCED","N120_P16_S8",16,120,16,8,8,0.5,"longTAPIO",4,0.390842832519509,0.549898421093377,1.67200000000048
"NUISANCE","IMBALANCED","N120_P16_S8",16,120,16,8,8,0.5,"kml3d",NA,0.334508407006146,0.461363874441537,0.738999999999578
"NUISANCE","IMBALANCED","N120_P16_S8",17,120,16,8,8,0.5,"longTAPIO",4,0.665097977242373,0.661094414157454,1.64700000000084
"NUISANCE","IMBALANCED","N120_P16_S8",17,120,16,8,8,0.5,"kml3d",NA,0.725389484851792,0.71677118708555,0.699000000000524
"NUISANCE","IMBALANCED","N120_P16_S8",18,120,16,8,8,0.5,"longTAPIO",4,0.291787084369486,0.443266635248603,1.80400000000009
"NUISANCE","IMBALANCED","N120_P16_S8",18,120,16,8,8,0.5,"kml3d",NA,0.338191992633542,0.553638995299592,0.701000000000022
"NUISANCE","IMBALANCED","N120_P16_S8",19,120,16,8,8,0.5,"longTAPIO",4,0.325525627962726,0.401533845859274,2.03700000000026
"NUISANCE","IMBALANCED","N120_P16_S8",19,120,16,8,8,0.5,"kml3d",NA,0.0838449975122535,0.142203617095276,1.01300000000083
"NUISANCE","IMBALANCED","N120_P16_S8",20,120,16,8,8,0.5,"longTAPIO",4,0.343941687023086,0.481545111968926,1.83700000000044
"NUISANCE","IMBALANCED","N120_P16_S8",20,120,16,8,8,0.5,"kml3d",NA,0.30561912053163,0.355989898681428,0.739000000000487
"NUISANCE","IMBALANCED","N120_P32_S8",1,120,32,8,24,0.25,"longTAPIO",6,0.491604113641433,0.623665252850453,1.71500000000015
"NUISANCE","IMBALANCED","N120_P32_S8",1,120,32,8,24,0.25,"kml3d",NA,0.419694839169716,0.46632739771534,1.55600000000049
"NUISANCE","IMBALANCED","N120_P32_S8",2,120,32,8,24,0.25,"longTAPIO",6,0.393039105104461,0.643672625706925,1.77700000000004
"NUISANCE","IMBALANCED","N120_P32_S8",2,120,32,8,24,0.25,"kml3d",NA,0.14197670568665,0.305898255932142,1.57600000000002
"NUISANCE","IMBALANCED","N120_P32_S8",3,120,32,8,24,0.25,"longTAPIO",6,0.285963539854499,0.515027099389555,1.60999999999967
"NUISANCE","IMBALANCED","N120_P32_S8",3,120,32,8,24,0.25,"kml3d",NA,0.126910765532476,0.131873780496574,1.53999999999996
"NUISANCE","IMBALANCED","N120_P32_S8",4,120,32,8,24,0.25,"longTAPIO",6,0.581290317466446,0.625871773003916,1.53799999999956
"NUISANCE","IMBALANCED","N120_P32_S8",4,120,32,8,24,0.25,"kml3d",NA,0.257950206816057,0.349318989509917,1.52599999999984
"NUISANCE","IMBALANCED","N120_P32_S8",5,120,32,8,24,0.25,"longTAPIO",6,0.341196389193159,0.509122646084659,1.54099999999926
"NUISANCE","IMBALANCED","N120_P32_S8",5,120,32,8,24,0.25,"kml3d",NA,0.31516031232383,0.399726921891095,1.58299999999963
"NUISANCE","IMBALANCED","N120_P32_S8",6,120,32,8,24,0.25,"longTAPIO",6,0.322933743833695,0.457884726643593,1.5010000000002
"NUISANCE","IMBALANCED","N120_P32_S8",6,120,32,8,24,0.25,"kml3d",NA,0.283261571370196,0.351720749939638,1.59300000000076
"NUISANCE","IMBALANCED","N120_P32_S8",7,120,32,8,24,0.25,"longTAPIO",6,0.464908775641284,0.577908106393972,1.53700000000026
"NUISANCE","IMBALANCED","N120_P32_S8",7,120,32,8,24,0.25,"kml3d",NA,0.207894682976844,0.272978245150959,1.59499999999935
"NUISANCE","IMBALANCED","N120_P32_S8",8,120,32,8,24,0.25,"longTAPIO",6,0.261916849479739,0.369137841888032,1.61300000000028
"NUISANCE","IMBALANCED","N120_P32_S8",8,120,32,8,24,0.25,"kml3d",NA,0.166460638289317,0.211005597143792,1.64400000000023
"NUISANCE","IMBALANCED","N120_P32_S8",9,120,32,8,24,0.25,"longTAPIO",6,0.348473837776371,0.433896337263626,1.90700000000015
"NUISANCE","IMBALANCED","N120_P32_S8",9,120,32,8,24,0.25,"kml3d",NA,0.0937466178237626,0.169083660771273,1.66100000000006
"NUISANCE","IMBALANCED","N120_P32_S8",10,120,32,8,24,0.25,"longTAPIO",6,0.540520841816109,0.635638505013567,1.75
"NUISANCE","IMBALANCED","N120_P32_S8",10,120,32,8,24,0.25,"kml3d",NA,0.16538008437073,0.225605938921543,1.68399999999929
"NUISANCE","IMBALANCED","N120_P32_S8",11,120,32,8,24,0.25,"longTAPIO",6,0.279169520599761,0.418382696636913,1.73399999999947
"NUISANCE","IMBALANCED","N120_P32_S8",11,120,32,8,24,0.25,"kml3d",NA,0.193151800877276,0.269987043025828,1.65799999999945
"NUISANCE","IMBALANCED","N120_P32_S8",12,120,32,8,24,0.25,"longTAPIO",6,0.375704210658098,0.567135821043979,1.67100000000028
"NUISANCE","IMBALANCED","N120_P32_S8",12,120,32,8,24,0.25,"kml3d",NA,0.228499146926705,0.311617391822537,1.6190000000006
"NUISANCE","IMBALANCED","N120_P32_S8",13,120,32,8,24,0.25,"longTAPIO",6,0.368918386860903,0.52515556313668,1.53200000000015
"NUISANCE","IMBALANCED","N120_P32_S8",13,120,32,8,24,0.25,"kml3d",NA,0.23171469876194,0.303266038954818,1.56999999999971
"NUISANCE","IMBALANCED","N120_P32_S8",14,120,32,8,24,0.25,"longTAPIO",6,0.383915028080218,0.509062864123197,1.61599999999999
"NUISANCE","IMBALANCED","N120_P32_S8",14,120,32,8,24,0.25,"kml3d",NA,0.156676349444709,0.196760675678468,1.59299999999985
"NUISANCE","IMBALANCED","N120_P32_S8",15,120,32,8,24,0.25,"longTAPIO",6,0.242570381760931,0.429821627982454,1.55999999999949
"NUISANCE","IMBALANCED","N120_P32_S8",15,120,32,8,24,0.25,"kml3d",NA,0.280286154554429,0.34816943067838,1.61899999999969
"NUISANCE","IMBALANCED","N120_P32_S8",16,120,32,8,24,0.25,"longTAPIO",6,0.263115021986293,0.379934665380005,1.72400000000016
"NUISANCE","IMBALANCED","N120_P32_S8",16,120,32,8,24,0.25,"kml3d",NA,0.198356482104506,0.288866823794107,1.59000000000015
"NUISANCE","IMBALANCED","N120_P32_S8",17,120,32,8,24,0.25,"longTAPIO",6,0.359586188735172,0.48794512698483,1.52199999999993
"NUISANCE","IMBALANCED","N120_P32_S8",17,120,32,8,24,0.25,"kml3d",NA,0.097717537817182,0.170532760160105,1.53400000000056
"NUISANCE","IMBALANCED","N120_P32_S8",18,120,32,8,24,0.25,"longTAPIO",6,0.486121574398077,0.641546854789708,1.54600000000028
"NUISANCE","IMBALANCED","N120_P32_S8",18,120,32,8,24,0.25,"kml3d",NA,0.626906654292659,0.622569397470909,1.65499999999975
"NUISANCE","IMBALANCED","N120_P32_S8",19,120,32,8,24,0.25,"longTAPIO",6,0.404420263422738,0.55031756168463,1.64399999999932
"NUISANCE","IMBALANCED","N120_P32_S8",19,120,32,8,24,0.25,"kml3d",NA,0.146043886586946,0.251880356146383,1.62700000000041
"NUISANCE","IMBALANCED","N120_P32_S8",20,120,32,8,24,0.25,"longTAPIO",6,0.493174476746759,0.616187401102791,1.6299999999992
"NUISANCE","IMBALANCED","N120_P32_S8",20,120,32,8,24,0.25,"kml3d",NA,0.329625274034034,0.394712809692649,1.65200000000004
"NUISANCE","IMBALANCED","N120_P64_S8",1,120,64,8,56,0.125,"longTAPIO",8,0.285881910159623,0.429658286401493,1.86099999999988
"NUISANCE","IMBALANCED","N120_P64_S8",1,120,64,8,56,0.125,"kml3d",NA,-0.0129391150983748,0.0395617458468727,5.94599999999991
"NUISANCE","IMBALANCED","N120_P64_S8",2,120,64,8,56,0.125,"longTAPIO",8,0.255075033996469,0.374192926552989,1.79099999999926
"NUISANCE","IMBALANCED","N120_P64_S8",2,120,64,8,56,0.125,"kml3d",NA,0.0547045684441707,0.119672972079453,5.76800000000003
"NUISANCE","IMBALANCED","N120_P64_S8",3,120,64,8,56,0.125,"longTAPIO",8,0.311497159501828,0.384013421188815,1.85800000000017
"NUISANCE","IMBALANCED","N120_P64_S8",3,120,64,8,56,0.125,"kml3d",NA,0.169456544396074,0.181272896779128,5.79099999999926
"NUISANCE","IMBALANCED","N120_P64_S8",4,120,64,8,56,0.125,"longTAPIO",8,0.176275711690642,0.224187081382171,1.83600000000024
"NUISANCE","IMBALANCED","N120_P64_S8",4,120,64,8,56,0.125,"kml3d",NA,0.123269574688873,0.140147032866428,5.57400000000052
"NUISANCE","IMBALANCED","N120_P64_S8",5,120,64,8,56,0.125,"longTAPIO",8,0.25958047066047,0.269447735469702,1.61799999999948
"NUISANCE","IMBALANCED","N120_P64_S8",5,120,64,8,56,0.125,"kml3d",NA,0.111371585469136,0.125379199506171,5.85599999999977
"NUISANCE","IMBALANCED","N120_P64_S8",6,120,64,8,56,0.125,"longTAPIO",8,0.411601773618681,0.443343832436393,1.76900000000023
"NUISANCE","IMBALANCED","N120_P64_S8",6,120,64,8,56,0.125,"kml3d",NA,0.217581465319055,0.200567041909786,5.40899999999965
"NUISANCE","IMBALANCED","N120_P64_S8",7,120,64,8,56,0.125,"longTAPIO",8,0.351845738861433,0.515824108219898,1.64100000000053
"NUISANCE","IMBALANCED","N120_P64_S8",7,120,64,8,56,0.125,"kml3d",NA,0.165171486858919,0.161920698577533,5.34500000000025
"NUISANCE","IMBALANCED","N120_P64_S8",8,120,64,8,56,0.125,"longTAPIO",8,0.113517796657661,0.201867039350367,1.63000000000011
"NUISANCE","IMBALANCED","N120_P64_S8",8,120,64,8,56,0.125,"kml3d",NA,0.058676981953815,0.0971250909681653,5.39599999999973
"NUISANCE","IMBALANCED","N120_P64_S8",9,120,64,8,56,0.125,"longTAPIO",8,0.306656815065598,0.329670677860448,1.80400000000009
"NUISANCE","IMBALANCED","N120_P64_S8",9,120,64,8,56,0.125,"kml3d",NA,0.051486613149359,0.095850399702995,5.68199999999979
"NUISANCE","IMBALANCED","N120_P64_S8",10,120,64,8,56,0.125,"longTAPIO",8,0.189872248698419,0.338981085379486,1.69200000000001
"NUISANCE","IMBALANCED","N120_P64_S8",10,120,64,8,56,0.125,"kml3d",NA,0.0775156782383594,0.118630829863698,5.63900000000012
"NUISANCE","IMBALANCED","N120_P64_S8",11,120,64,8,56,0.125,"longTAPIO",8,0.232606723998204,0.291684395089584,1.76499999999942
"NUISANCE","IMBALANCED","N120_P64_S8",11,120,64,8,56,0.125,"kml3d",NA,0.133718877618232,0.169693777374382,5.98199999999997
"NUISANCE","IMBALANCED","N120_P64_S8",12,120,64,8,56,0.125,"longTAPIO",8,0.195350574346175,0.347370134826858,1.80499999999938
"NUISANCE","IMBALANCED","N120_P64_S8",12,120,64,8,56,0.125,"kml3d",NA,0.18928046369344,0.275686581581648,5.64099999999962
"NUISANCE","IMBALANCED","N120_P64_S8",13,120,64,8,56,0.125,"longTAPIO",8,0.252321217532507,0.328198709856729,1.85999999999967
"NUISANCE","IMBALANCED","N120_P64_S8",13,120,64,8,56,0.125,"kml3d",NA,0.203207017387111,0.201610248117808,5.72499999999945
"NUISANCE","IMBALANCED","N120_P64_S8",14,120,64,8,56,0.125,"longTAPIO",8,0.323466803137976,0.423513245967378,1.61800000000039
"NUISANCE","IMBALANCED","N120_P64_S8",14,120,64,8,56,0.125,"kml3d",NA,0.135415580447879,0.177660426360425,5.5610000000006
"NUISANCE","IMBALANCED","N120_P64_S8",15,120,64,8,56,0.125,"longTAPIO",8,0.203066365717327,0.353207258985079,1.63400000000001
"NUISANCE","IMBALANCED","N120_P64_S8",15,120,64,8,56,0.125,"kml3d",NA,0.0914163402486065,0.106885981892277,5.66699999999946
"NUISANCE","IMBALANCED","N120_P64_S8",16,120,64,8,56,0.125,"longTAPIO",8,0.395062204735457,0.551686039169669,1.96200000000044
"NUISANCE","IMBALANCED","N120_P64_S8",16,120,64,8,56,0.125,"kml3d",NA,0.248403709600766,0.301091357633947,5.46799999999985
"NUISANCE","IMBALANCED","N120_P64_S8",17,120,64,8,56,0.125,"longTAPIO",8,0.199633924697216,0.328809092754502,1.8779999999997
"NUISANCE","IMBALANCED","N120_P64_S8",17,120,64,8,56,0.125,"kml3d",NA,0.0467301852356237,0.082764593611912,5.46600000000035
"NUISANCE","IMBALANCED","N120_P64_S8",18,120,64,8,56,0.125,"longTAPIO",8,0.263196983049049,0.417147000726055,1.61599999999999
"NUISANCE","IMBALANCED","N120_P64_S8",18,120,64,8,56,0.125,"kml3d",NA,0.0396431166764119,0.109016434225736,5.32799999999952
"NUISANCE","IMBALANCED","N120_P64_S8",19,120,64,8,56,0.125,"longTAPIO",8,0.446119529731662,0.514477523796521,1.62299999999959
"NUISANCE","IMBALANCED","N120_P64_S8",19,120,64,8,56,0.125,"kml3d",NA,0.142754499731699,0.221092852670658,5.35699999999997
"NUISANCE","IMBALANCED","N120_P64_S8",20,120,64,8,56,0.125,"longTAPIO",8,0.157721248211149,0.303331975149779,1.61299999999937
"NUISANCE","IMBALANCED","N120_P64_S8",20,120,64,8,56,0.125,"kml3d",NA,0.0434091154957426,0.129950727705543,5.43900000000031
"NUISANCE","IMBALANCED","N120_P100_S8",1,120,100,8,92,0.08,"longTAPIO",10,0.0288431426606033,0.0538808236117029,1.73700000000008
"NUISANCE","IMBALANCED","N120_P100_S8",1,120,100,8,92,0.08,"kml3d",NA,0.0572963521238073,0.0933099470153789,7.70099999999911
"NUISANCE","IMBALANCED","N120_P100_S8",2,120,100,8,92,0.08,"longTAPIO",10,0.280851823312256,0.327191855291278,1.72900000000027
"NUISANCE","IMBALANCED","N120_P100_S8",2,120,100,8,92,0.08,"kml3d",NA,0.0980788552568526,0.0748079255794391,7.82700000000023
"NUISANCE","IMBALANCED","N120_P100_S8",3,120,100,8,92,0.08,"longTAPIO",10,0.0958750827867627,0.151807385744753,1.73499999999967
"NUISANCE","IMBALANCED","N120_P100_S8",3,120,100,8,92,0.08,"kml3d",NA,0.0472279333319203,0.0893776793609364,7.68099999999959
"NUISANCE","IMBALANCED","N120_P100_S8",4,120,100,8,92,0.08,"longTAPIO",10,0.162588908657425,0.253777445227369,1.72800000000007
"NUISANCE","IMBALANCED","N120_P100_S8",4,120,100,8,92,0.08,"kml3d",NA,0.0661033627571163,0.12579704693887,7.72500000000036
"NUISANCE","IMBALANCED","N120_P100_S8",5,120,100,8,92,0.08,"longTAPIO",10,0.114064171871234,0.217190010863765,1.72299999999996
"NUISANCE","IMBALANCED","N120_P100_S8",5,120,100,8,92,0.08,"kml3d",NA,0.0507986269221339,0.106588657661821,7.81900000000041
"NUISANCE","IMBALANCED","N120_P100_S8",6,120,100,8,92,0.08,"longTAPIO",10,0.0822691209435138,0.136689181973349,1.72999999999956
"NUISANCE","IMBALANCED","N120_P100_S8",6,120,100,8,92,0.08,"kml3d",NA,0.0501762583867018,0.090960024721164,8.19599999999991
"NUISANCE","IMBALANCED","N120_P100_S8",7,120,100,8,92,0.08,"longTAPIO",10,0.0528069812707801,0.18853945173217,1.88699999999972
"NUISANCE","IMBALANCED","N120_P100_S8",7,120,100,8,92,0.08,"kml3d",NA,0.0223121051860491,0.097502550515643,8.63799999999992
"NUISANCE","IMBALANCED","N120_P100_S8",8,120,100,8,92,0.08,"longTAPIO",10,0.352840781147649,0.327994701646025,2.16600000000017
"NUISANCE","IMBALANCED","N120_P100_S8",8,120,100,8,92,0.08,"kml3d",NA,0.0434505127683351,0.127611302415188,9.69400000000041
"NUISANCE","IMBALANCED","N120_P100_S8",9,120,100,8,92,0.08,"longTAPIO",10,0.287375606003252,0.307375933956328,2.1909999999998
"NUISANCE","IMBALANCED","N120_P100_S8",9,120,100,8,92,0.08,"kml3d",NA,0.130076314762954,0.130982045566827,9.55099999999948
"NUISANCE","IMBALANCED","N120_P100_S8",10,120,100,8,92,0.08,"longTAPIO",10,0.203292052454064,0.345293369374677,1.98400000000038
"NUISANCE","IMBALANCED","N120_P100_S8",10,120,100,8,92,0.08,"kml3d",NA,0.156006127288874,0.195845726283651,8.55599999999959
"NUISANCE","IMBALANCED","N120_P100_S8",11,120,100,8,92,0.08,"longTAPIO",10,0.0891068885083319,0.173021465051399,2.1190000000006
"NUISANCE","IMBALANCED","N120_P100_S8",11,120,100,8,92,0.08,"kml3d",NA,0.000972729413054612,0.0493438084052609,9.07600000000002
"NUISANCE","IMBALANCED","N120_P100_S8",12,120,100,8,92,0.08,"longTAPIO",10,0.103804500317587,0.107572917593079,2.10400000000027
"NUISANCE","IMBALANCED","N120_P100_S8",12,120,100,8,92,0.08,"kml3d",NA,0.0880093494069732,0.11645608621674,8.54000000000087
"NUISANCE","IMBALANCED","N120_P100_S8",13,120,100,8,92,0.08,"longTAPIO",10,0.0552758052938178,0.0869258372515649,1.77400000000034
"NUISANCE","IMBALANCED","N120_P100_S8",13,120,100,8,92,0.08,"kml3d",NA,0.033528905778588,0.0793208299042074,7.88400000000001
"NUISANCE","IMBALANCED","N120_P100_S8",14,120,100,8,92,0.08,"longTAPIO",10,0.154861789763139,0.23856556267871,1.83700000000044
"NUISANCE","IMBALANCED","N120_P100_S8",14,120,100,8,92,0.08,"kml3d",NA,0.133517681626016,0.118601077192775,8.65099999999984
"NUISANCE","IMBALANCED","N120_P100_S8",15,120,100,8,92,0.08,"longTAPIO",10,0.306122953040676,0.455827213122148,1.74099999999999
"NUISANCE","IMBALANCED","N120_P100_S8",15,120,100,8,92,0.08,"kml3d",NA,0.0717472805752174,0.141404927936061,7.67099999999937
"NUISANCE","IMBALANCED","N120_P100_S8",16,120,100,8,92,0.08,"longTAPIO",10,0.0195878448920101,0.0825335494223437,1.73999999999978
"NUISANCE","IMBALANCED","N120_P100_S8",16,120,100,8,92,0.08,"kml3d",NA,0.0937974323996621,0.0869132685623514,7.79200000000037
"NUISANCE","IMBALANCED","N120_P100_S8",17,120,100,8,92,0.08,"longTAPIO",10,0.397892217773482,0.466244560795952,1.73300000000017
"NUISANCE","IMBALANCED","N120_P100_S8",17,120,100,8,92,0.08,"kml3d",NA,0.0844526289052578,0.195757707883495,7.71299999999974
"NUISANCE","IMBALANCED","N120_P100_S8",18,120,100,8,92,0.08,"longTAPIO",10,0.196413818866244,0.30724162397184,1.72999999999956
"NUISANCE","IMBALANCED","N120_P100_S8",18,120,100,8,92,0.08,"kml3d",NA,0.0823329252704057,0.102861889289968,7.76800000000003
"NUISANCE","IMBALANCED","N120_P100_S8",19,120,100,8,92,0.08,"longTAPIO",10,0.0835019881927122,0.147804456245444,1.72399999999925
"NUISANCE","IMBALANCED","N120_P100_S8",19,120,100,8,92,0.08,"kml3d",NA,0.0411313493655063,0.131603088702714,8.01599999999962
"NUISANCE","IMBALANCED","N120_P100_S8",20,120,100,8,92,0.08,"longTAPIO",10,0.172702048291247,0.158377981818903,1.75900000000001
"NUISANCE","IMBALANCED","N120_P100_S8",20,120,100,8,92,0.08,"kml3d",NA,0.0763280543016578,0.136664353061524,7.77799999999934
