"run","visit","cluster","feature","importance"
1,1,1,"y1",0.849058029491421
1,1,1,"y2",0.947495407571969
1,1,1,"y3",0.758639345400543
1,1,1,"y4",0.785635147088298
1,1,1,"y5",0.705764722109873
1,1,2,"y1",0.776782747732647
1,1,2,"y2",0.956728456726605
1,1,2,"y3",0.695802457175344
1,1,2,"y4",0.757687599224947
1,1,2,"y5",0.644352425248924
1,1,3,"y1",0.915019895350124
1,1,3,"y2",0.845645654499328
1,1,3,"y3",0.731551124878198
1,1,3,"y4",0.763036613347714
1,1,3,"y5",0.659603006941809
1,1,4,"y1",0.773777676124736
1,1,4,"y2",0.826473658650038
1,1,4,"y3",0.653176412331582
1,1,4,"y4",0.97250562330952
1,1,4,"y5",0.610552803789272
1,2,1,"y1",0.820302960782875
1,2,1,"y2",0.962481883360262
1,2,1,"y3",0.798928173075808
1,2,1,"y4",0.785273140994769
1,2,1,"y5",0.764806006826302
1,2,2,"y1",0.812975076453991
1,2,2,"y2",0.957368433960027
1,2,2,"y3",0.776826244117142
1,2,2,"y4",0.808991040828343
1,2,2,"y5",0.665660404904839
1,2,3,"y1",0.961005093039063
1,2,3,"y2",0.880979314250317
1,2,3,"y3",0.81792752617712
1,2,3,"y4",0.797955020320154
1,2,3,"y5",0.699489606351961
1,2,4,"y1",0.911798497133684
1,2,4,"y2",0.887128400811418
1,2,4,"y3",0.822818051395327
1,2,4,"y4",0.956969212098298
1,2,4,"y5",0.659201275463223
1,3,1,"y1",0.861748009379488
1,3,1,"y2",0.96775681139321
1,3,1,"y3",0.811957816080577
1,3,1,"y4",0.785566434236851
1,3,1,"y5",0.657333992682852
1,3,2,"y1",0.775144757671858
1,3,2,"y2",0.93916474435383
1,3,2,"y3",0.752321866951947
1,3,2,"y4",0.818218736719756
1,3,2,"y5",0.631460505683354
1,3,3,"y1",0.973972061930118
1,3,3,"y2",0.907566546597326
1,3,3,"y3",0.83277056877724
1,3,3,"y4",0.772362400245925
1,3,3,"y5",0.715671313890101
1,3,4,"y1",0.955077201161691
1,3,4,"y2",0.921974430501481
1,3,4,"y3",0.848086225946342
1,3,4,"y4",0.980737344365259
1,3,4,"y5",0.634684779480577
1,4,1,"y1",0.868044866310337
1,4,1,"y2",0.994247258858725
1,4,1,"y3",0.782497216698192
1,4,1,"y4",0.819347937934493
1,4,1,"y5",0.657727473247531
1,4,2,"y1",0.851690668499893
1,4,2,"y2",0.888191760725281
1,4,2,"y3",0.780650081160684
1,4,2,"y4",0.851085201049906
1,4,2,"y5",0.684003729938236
1,4,3,"y1",0.977845078057435
1,4,3,"y2",0.945975349240344
1,4,3,"y3",0.84737465932333
1,4,3,"y4",0.824366054999413
1,4,3,"y5",0.740096514015015
1,4,4,"y1",0.973000627438203
1,4,4,"y2",0.958894021124141
1,4,4,"y3",0.929707770700921
1,4,4,"y4",0.924882796567789
1,4,4,"y5",0.677060265472293
1,5,1,"y1",0.874949331858559
1,5,1,"y2",0.97047036155979
1,5,1,"y3",0.77850546067799
1,5,1,"y4",0.816347500373252
1,5,1,"y5",0.685258933436331
1,5,2,"y1",0.954011807004527
1,5,2,"y2",0.836455688442421
1,5,2,"y3",0.840642011619135
1,5,2,"y4",0.834902307633655
1,5,2,"y5",0.745326113827333
1,5,3,"y1",0.971536119029564
1,5,3,"y2",0.964035456437539
1,5,3,"y3",0.855789261355197
1,5,3,"y4",0.825160973453795
1,5,3,"y5",0.748114941480656
1,5,4,"y1",0.970714498151787
1,5,4,"y2",0.951163829947678
1,5,4,"y3",0.892145407354534
1,5,4,"y4",0.967992313719084
1,5,4,"y5",0.641066634053738
1,6,1,"y1",0.871452417573766
1,6,1,"y2",0.967210868626153
1,6,1,"y3",0.747948817369234
1,6,1,"y4",0.855798095432532
1,6,1,"y5",0.68244568186884
1,6,2,"y1",0.993709505100933
1,6,2,"y2",0.855866070311313
1,6,2,"y3",0.845350308695337
1,6,2,"y4",0.75969409222503
1,6,2,"y5",0.738362337251215
1,6,3,"y1",0.984892348504479
1,6,3,"y2",0.946580583822169
1,6,3,"y3",0.855413297775038
1,6,3,"y4",0.818137265890277
1,6,3,"y5",0.770157128138794
1,6,4,"y1",0.972475006069297
1,6,4,"y2",0.955976870034226
1,6,4,"y3",0.913745207450265
1,6,4,"y4",0.963944978248775
1,6,4,"y5",0.653415494456485
1,7,1,"y1",0.871545924930435
1,7,1,"y2",0.98225772754546
1,7,1,"y3",0.744919047016233
1,7,1,"y4",0.860394549167532
1,7,1,"y5",0.66500712265071
1,7,2,"y1",0.999932180965574
1,7,2,"y2",0.877795048064813
1,7,2,"y3",0.870279747622266
1,7,2,"y4",0.763041735750219
1,7,2,"y5",0.722794976384687
1,7,3,"y1",0.969063188198068
1,7,3,"y2",0.973907351270287
1,7,3,"y3",0.85697765851127
1,7,3,"y4",0.83406989693766
1,7,3,"y5",0.779352699137609
1,7,4,"y1",0.967066933412704
1,7,4,"y2",0.964014378877654
1,7,4,"y3",0.926669357610142
1,7,4,"y4",0.956707664027029
1,7,4,"y5",0.65065569817856
1,8,1,"y1",0.870324704062971
1,8,1,"y2",0.983930552118868
1,8,1,"y3",0.753450960957732
1,8,1,"y4",0.841736659056025
1,8,1,"y5",0.663419260160628
1,8,2,"y1",1
1,8,2,"y2",0.843826322587718
1,8,2,"y3",0.84049045880834
1,8,2,"y4",0.769659359669362
1,8,2,"y5",0.725622055694873
1,8,3,"y1",0.970810262345029
1,8,3,"y2",0.973544213662436
1,8,3,"y3",0.84489632728317
1,8,3,"y4",0.85451473701365
1,8,3,"y5",0.768105994528362
1,8,4,"y1",0.957133904728643
1,8,4,"y2",0.961968932384624
1,8,4,"y3",0.921399369697259
1,8,4,"y4",0.956594559643343
1,8,4,"y5",0.645898469054272
1,9,1,"y1",0.873715743316126
1,9,1,"y2",0.989626077524384
1,9,1,"y3",0.748522901729787
1,9,1,"y4",0.840860331239108
1,9,1,"y5",0.671862861192986
1,9,2,"y1",1
1,9,2,"y2",0.849203832513209
1,9,2,"y3",0.844328919272761
1,9,2,"y4",0.762781795889145
1,9,2,"y5",0.732356183340698
1,9,3,"y1",0.964365059223985
1,9,3,"y2",0.95916150124373
1,9,3,"y3",0.840487764556876
1,9,3,"y4",0.859606250058221
1,9,3,"y5",0.781808046753696
1,9,4,"y1",0.966353788812066
1,9,4,"y2",0.957740442126031
1,9,4,"y3",0.920641530340814
1,9,4,"y4",0.960598142589917
1,9,4,"y5",0.646422750039916
1,10,1,"y1",0.861818700986497
1,10,1,"y2",0.993509807925237
1,10,1,"y3",0.756432568418827
1,10,1,"y4",0.850087758242453
1,10,1,"y5",0.665231259949672
1,10,2,"y1",1
1,10,2,"y2",0.84333490645692
1,10,2,"y3",0.828161746619917
1,10,2,"y4",0.7713649093431
1,10,2,"y5",0.733163553264133
1,10,3,"y1",0.968782948992653
1,10,3,"y2",0.968016381116799
1,10,3,"y3",0.840366440260428
1,10,3,"y4",0.865331361658725
1,10,3,"y5",0.777224743942684
1,10,4,"y1",0.967993702484093
1,10,4,"y2",0.951145117421423
1,10,4,"y3",0.915567584560093
1,10,4,"y4",0.967051311575316
1,10,4,"y5",0.653339507122251
2,1,1,"y1",0.808490105540519
2,1,1,"y2",0.916271900212209
2,1,1,"y3",0.751950103595629
2,1,1,"y4",0.794334580519233
2,1,1,"y5",0.729606027998859
2,1,2,"y1",0.837545183686797
2,1,2,"y2",0.90704565098132
2,1,2,"y3",0.818114262180906
2,1,2,"y4",0.816565382448575
2,1,2,"y5",0.797671665437644
2,1,3,"y1",0.979499638573946
2,1,3,"y2",0.78728091145201
2,1,3,"y3",0.695673248547135
2,1,3,"y4",0.778393557433604
2,1,3,"y5",0.733838196740735
2,1,4,"y1",0.77726047349638
2,1,4,"y2",0.821986162010161
2,1,4,"y3",0.733371746750917
2,1,4,"y4",0.955552116072174
2,1,4,"y5",0.672355130136042
2,2,1,"y1",0.909736744031313
2,2,1,"y2",0.973599612877801
2,2,1,"y3",0.794490481213924
2,2,1,"y4",0.819333288879351
2,2,1,"y5",0.742097735098669
2,2,2,"y1",0.907148808051047
2,2,2,"y2",0.921308340517135
2,2,2,"y3",0.805909668928426
2,2,2,"y4",0.817461098285432
2,2,2,"y5",0.765144679040152
2,2,3,"y1",0.929663604386683
2,2,3,"y2",0.857944594101594
2,2,3,"y3",0.823054187115011
2,2,3,"y4",0.776119602851561
2,2,3,"y5",0.815013113792702
2,2,4,"y1",0.84042999819967
2,2,4,"y2",0.822414091558301
2,2,4,"y3",0.805161480359188
2,2,4,"y4",0.953590491619168
2,2,4,"y5",0.671978103676443
2,3,1,"y1",0.936879292938772
2,3,1,"y2",0.931125237015003
2,3,1,"y3",0.776531788358156
2,3,1,"y4",0.800737683204743
2,3,1,"y5",0.711952468514001
2,3,2,"y1",0.881012764979721
2,3,2,"y2",0.901617455591116
2,3,2,"y3",0.823961309592556
2,3,2,"y4",0.74064177367588
2,3,2,"y5",0.687240861145541
2,3,3,"y1",0.967585177335315
2,3,3,"y2",0.897659097112703
2,3,3,"y3",0.820609997022695
2,3,3,"y4",0.77393910289965
2,3,3,"y5",0.767454584961135
2,3,4,"y1",0.905098237670935
2,3,4,"y2",0.893604789900286
2,3,4,"y3",0.877128610231927
2,3,4,"y4",0.958675916391589
2,3,4,"y5",0.689977210572859
2,4,1,"y1",0.955155038627831
2,4,1,"y2",0.957861920709898
2,4,1,"y3",0.752661613959435
2,4,1,"y4",0.794618049886857
2,4,1,"y5",0.714498997163378
2,4,2,"y1",0.920877121162285
2,4,2,"y2",0.864434891512535
2,4,2,"y3",0.892216211252478
2,4,2,"y4",0.787827539909788
2,4,2,"y5",0.705823050943656
2,4,3,"y1",0.987691283039505
2,4,3,"y2",0.913245580736518
2,4,3,"y3",0.812510804618461
2,4,3,"y4",0.802679913513431
2,4,3,"y5",0.769547313475774
2,4,4,"y1",0.947058940842934
2,4,4,"y2",0.928138984676185
2,4,4,"y3",0.903715973765254
2,4,4,"y4",0.933359757573049
2,4,4,"y5",0.694118890333173
2,5,1,"y1",0.969152116338659
2,5,1,"y2",0.953731181874154
2,5,1,"y3",0.780695448288784
2,5,1,"y4",0.80740374663008
2,5,1,"y5",0.707549797682418
2,5,2,"y1",0.937258153288015
2,5,2,"y2",0.864037040272357
2,5,2,"y3",0.920405669253059
2,5,2,"y4",0.779819938731481
2,5,2,"y5",0.728459373594669
2,5,3,"y1",0.995492225508913
2,5,3,"y2",0.928316679833614
2,5,3,"y3",0.847040848499362
2,5,3,"y4",0.798645549270768
2,5,3,"y5",0.785791420938845
2,5,4,"y1",0.983836277414051
2,5,4,"y2",0.953493760258019
2,5,4,"y3",0.891327119316373
2,5,4,"y4",0.903706157713589
2,5,4,"y5",0.692755636014577
2,6,1,"y1",0.994917961018081
2,6,1,"y2",0.936879079782686
2,6,1,"y3",0.770350145265201
2,6,1,"y4",0.814319776903777
2,6,1,"y5",0.740094198114832
2,6,2,"y1",0.961145362378506
2,6,2,"y2",0.865520983363174
2,6,2,"y3",0.91969186306047
2,6,2,"y4",0.765046267988761
2,6,2,"y5",0.712812940562987
2,6,3,"y1",0.992415916238089
2,6,3,"y2",0.918333175518196
2,6,3,"y3",0.863712263982275
2,6,3,"y4",0.774808374824554
2,6,3,"y5",0.778577899266475
2,6,4,"y1",0.979615050977762
2,6,4,"y2",0.947361367986302
2,6,4,"y3",0.899665261900062
2,6,4,"y4",0.887554859010605
2,6,4,"y5",0.681020778801283
2,7,1,"y1",0.975284191166336
2,7,1,"y2",0.92486013583367
2,7,1,"y3",0.751660915794012
2,7,1,"y4",0.794228237063055
2,7,1,"y5",0.712975025368928
2,7,2,"y1",0.976813372980085
2,7,2,"y2",0.854814651307422
2,7,2,"y3",0.912552931911066
2,7,2,"y4",0.757476684127864
2,7,2,"y5",0.72445779544945
2,7,3,"y1",0.981970229320589
2,7,3,"y2",0.931292564896027
2,7,3,"y3",0.886846526852739
2,7,3,"y4",0.767210306209945
2,7,3,"y5",0.78201841861351
2,7,4,"y1",0.972993637012998
2,7,4,"y2",0.959412262051875
2,7,4,"y3",0.893989366091661
2,7,4,"y4",0.906383273811603
2,7,4,"y5",0.700978544742765
2,8,1,"y1",0.977995230457335
2,8,1,"y2",0.918906246650578
2,8,1,"y3",0.77117327683251
2,8,1,"y4",0.799667189859961
2,8,1,"y5",0.70464485208372
2,8,2,"y1",0.974651568864159
2,8,2,"y2",0.854657540175086
2,8,2,"y3",0.903504102589956
2,8,2,"y4",0.733737261419834
2,8,2,"y5",0.722945259010263
2,8,3,"y1",0.98149795336805
2,8,3,"y2",0.93121384132925
2,8,3,"y3",0.889274240690161
2,8,3,"y4",0.754101525774609
2,8,3,"y5",0.791477586033869
2,8,4,"y1",0.972791325781424
2,8,4,"y2",0.964252166977642
2,8,4,"y3",0.89556482595401
2,8,4,"y4",0.906252186839515
2,8,4,"y5",0.710679473029067
2,9,1,"y1",0.991363252660731
2,9,1,"y2",0.910820978439156
2,9,1,"y3",0.765093175551944
2,9,1,"y4",0.800378134289884
2,9,1,"y5",0.715921599502088
2,9,2,"y1",1
2,9,2,"y2",0.835694821991989
2,9,2,"y3",0.909669790963926
2,9,2,"y4",0.72863376637577
2,9,2,"y5",0.706942506424605
2,9,3,"y1",0.975683454593571
2,9,3,"y2",0.944115077994021
2,9,3,"y3",0.891186950873645
2,9,3,"y4",0.760061382722416
2,9,3,"y5",0.794442812536233
2,9,4,"y1",0.995532539831887
2,9,4,"y2",0.966532500413644
2,9,4,"y3",0.881989649727256
2,9,4,"y4",0.85717532771325
2,9,4,"y5",0.694412582636595
2,10,1,"y1",0.98488892226119
2,10,1,"y2",0.922606655813052
2,10,1,"y3",0.779291814760477
2,10,1,"y4",0.802352475670867
2,10,1,"y5",0.722711772417533
2,10,2,"y1",1
2,10,2,"y2",0.809037605791727
2,10,2,"y3",0.893199310877516
2,10,2,"y4",0.721634424757777
2,10,2,"y5",0.711997037929178
2,10,3,"y1",0.977038357861206
2,10,3,"y2",0.959720339062155
2,10,3,"y3",0.902820330864219
2,10,3,"y4",0.776244182039785
2,10,3,"y5",0.805689551805358
2,10,4,"y1",0.989841389359198
2,10,4,"y2",0.967970919253703
2,10,4,"y3",0.889351974852699
2,10,4,"y4",0.861507794232164
2,10,4,"y5",0.692132027821074
3,1,1,"y1",0.94551231529689
3,1,1,"y2",0.86830698214279
3,1,1,"y3",0.825677337618317
3,1,1,"y4",0.765375414750364
3,1,1,"y5",0.642675729547098
3,1,2,"y1",0.951115162274312
3,1,2,"y2",0.847499658830544
3,1,2,"y3",0.823421346772764
3,1,2,"y4",0.82970516128693
3,1,2,"y5",0.798794441886359
3,1,3,"y1",0.993727394169193
3,1,3,"y2",0.7912035582825
3,1,3,"y3",0.826687049909429
3,1,3,"y4",0.735887933392879
3,1,3,"y5",0.62004150119577
3,1,4,"y1",0.816020702264736
3,1,4,"y2",0.782772262000221
3,1,4,"y3",0.576069091610284
3,1,4,"y4",1
3,1,4,"y5",0.558184270014558
3,2,1,"y1",0.92830139497298
3,2,1,"y2",0.961756421560753
3,2,1,"y3",0.814671906440452
3,2,1,"y4",0.795671598558584
3,2,1,"y5",0.691494739680747
3,2,2,"y1",0.932557501685549
3,2,2,"y2",0.896296292206915
3,2,2,"y3",0.853647280723207
3,2,2,"y4",0.844465183647371
3,2,2,"y5",0.68459923140865
3,2,3,"y1",0.993040096670982
3,2,3,"y2",0.815747436395536
3,2,3,"y3",0.82397893090859
3,2,3,"y4",0.79267427356946
3,2,3,"y5",0.627904425521508
3,2,4,"y1",0.899637480059172
3,2,4,"y2",0.843391555083556
3,2,4,"y3",0.723019446023272
3,2,4,"y4",0.9800859723124
3,2,4,"y5",0.599605522942477
3,3,1,"y1",0.933889831676193
3,3,1,"y2",0.911646735750912
3,3,1,"y3",0.779552471650119
3,3,1,"y4",0.767823383445638
3,3,1,"y5",0.60580198103287
3,3,2,"y1",0.98079822492596
3,3,2,"y2",0.808608455961378
3,3,2,"y3",0.834489983615442
3,3,2,"y4",0.739590915885008
3,3,2,"y5",0.661560485021015
3,3,3,"y1",0.99884661491496
3,3,3,"y2",0.885069003111376
3,3,3,"y3",0.865888103204975
3,3,3,"y4",0.77911026874413
3,3,3,"y5",0.636751592936547
3,3,4,"y1",0.933868421037796
3,3,4,"y2",0.837522574532193
3,3,4,"y3",0.804202588278522
3,3,4,"y4",0.975552117924148
3,3,4,"y5",0.584574213650046
3,4,1,"y1",0.966230971578831
3,4,1,"y2",0.899664115984666
3,4,1,"y3",0.77572298169257
3,4,1,"y4",0.825760164975819
3,4,1,"y5",0.651320981368461
3,4,2,"y1",1
3,4,2,"y2",0.764837542415494
3,4,2,"y3",0.858821972824178
3,4,2,"y4",0.735303460636221
3,4,2,"y5",0.608985200306718
3,4,3,"y1",0.999352982585691
3,4,3,"y2",0.902606335463107
3,4,3,"y3",0.906899853345715
3,4,3,"y4",0.811700411220826
3,4,3,"y5",0.648157320605586
3,4,4,"y1",0.96827227904495
3,4,4,"y2",0.907958870676039
3,4,4,"y3",0.864545425171399
3,4,4,"y4",0.94358960413228
3,4,4,"y5",0.593267998457756
3,5,1,"y1",0.996467083030824
3,5,1,"y2",0.918114755626056
3,5,1,"y3",0.782638782134787
3,5,1,"y4",0.837956974438411
3,5,1,"y5",0.67887751651641
3,5,2,"y1",1
3,5,2,"y2",0.785599131368825
3,5,2,"y3",0.859615878000887
3,5,2,"y4",0.734016519823299
3,5,2,"y5",0.628584589317674
3,5,3,"y1",0.999786194964047
3,5,3,"y2",0.914045019733743
3,5,3,"y3",0.896307884973023
3,5,3,"y4",0.809857386722809
3,5,3,"y5",0.678871362661161
3,5,4,"y1",0.960411359330556
3,5,4,"y2",0.901310232356865
3,5,4,"y3",0.873377672037748
3,5,4,"y4",0.950974390853998
3,5,4,"y5",0.612835782995171
3,6,1,"y1",1
3,6,1,"y2",0.899777336042082
3,6,1,"y3",0.802374651799341
3,6,1,"y4",0.831642406268685
3,6,1,"y5",0.700312065366985
3,6,2,"y1",0.995022988339816
3,6,2,"y2",0.769061617669068
3,6,2,"y3",0.858569508462412
3,6,2,"y4",0.744300163175314
3,6,2,"y5",0.635944566164444
3,6,3,"y1",1
3,6,3,"y2",0.926434532489928
3,6,3,"y3",0.902678455623002
3,6,3,"y4",0.815518420169331
3,6,3,"y5",0.685489244251041
3,6,4,"y1",0.965138377375664
3,6,4,"y2",0.935425026362125
3,6,4,"y3",0.873803217843659
3,6,4,"y4",0.92638699716128
3,6,4,"y5",0.609150089385747
3,7,1,"y1",0.992857130366731
3,7,1,"y2",0.90698215001134
3,7,1,"y3",0.804989633981855
3,7,1,"y4",0.832312496742375
3,7,1,"y5",0.715278952701994
3,7,2,"y1",0.996844831273394
3,7,2,"y2",0.77113365547453
3,7,2,"y3",0.855945586156708
3,7,2,"y4",0.741476910114536
3,7,2,"y5",0.633586658040957
3,7,3,"y1",0.999919136607225
3,7,3,"y2",0.929466331217322
3,7,3,"y3",0.899814584518962
3,7,3,"y4",0.811835972201712
3,7,3,"y5",0.684288313816382
3,7,4,"y1",0.97448769377065
3,7,4,"y2",0.949132845500795
3,7,4,"y3",0.857554054834841
3,7,4,"y4",0.918339285161852
3,7,4,"y5",0.602103961771685
3,8,1,"y1",0.995042626488222
3,8,1,"y2",0.913057421948601
3,8,1,"y3",0.817840137674147
3,8,1,"y4",0.833303201037803
3,8,1,"y5",0.724083331419949
3,8,2,"y1",1
3,8,2,"y2",0.781933117420743
3,8,2,"y3",0.860049004224436
3,8,2,"y4",0.737503204175057
3,8,2,"y5",0.615705112114372
3,8,3,"y1",0.999776663724421
3,8,3,"y2",0.925551932658464
3,8,3,"y3",0.887951122888963
3,8,3,"y4",0.81690788972993
3,8,3,"y5",0.709473353061247
3,8,4,"y1",0.979724255043531
3,8,4,"y2",0.949347367698801
3,8,4,"y3",0.887147203231476
3,8,4,"y4",0.920802887658341
3,8,4,"y5",0.59776141927339
3,9,1,"y1",0.99287214113783
3,9,1,"y2",0.917677184967427
3,9,1,"y3",0.805563323217302
3,9,1,"y4",0.83516073768149
3,9,1,"y5",0.735786746274087
3,9,2,"y1",1
3,9,2,"y2",0.782014016841729
3,9,2,"y3",0.870421083307825
3,9,2,"y4",0.73797716783765
3,9,2,"y5",0.611375596055972
3,9,3,"y1",1
3,9,3,"y2",0.930828782763903
3,9,3,"y3",0.894405422584725
3,9,3,"y4",0.816517180976224
3,9,3,"y5",0.70373169110185
3,9,4,"y1",0.972761561126214
3,9,4,"y2",0.950940453883453
3,9,4,"y3",0.892016195312845
3,9,4,"y4",0.921645708356982
3,9,4,"y5",0.589051113498399
3,10,1,"y1",0.993935841268009
3,10,1,"y2",0.92226395231917
3,10,1,"y3",0.805567470831003
3,10,1,"y4",0.835259631985536
3,10,1,"y5",0.728015569311843
3,10,2,"y1",1
3,10,2,"y2",0.794645138655852
3,10,2,"y3",0.878186119815095
3,10,2,"y4",0.741637387610717
3,10,2,"y5",0.617031310587306
3,10,3,"y1",0.999193913037747
3,10,3,"y2",0.926294473329569
3,10,3,"y3",0.87785216718462
3,10,3,"y4",0.812233739829128
3,10,3,"y5",0.696465947393852
3,10,4,"y1",0.955396702634895
3,10,4,"y2",0.953414349335925
3,10,4,"y3",0.894597142006023
3,10,4,"y4",0.89935198193206
3,10,4,"y5",0.589377019293312
4,1,1,"y1",0.776051513474645
4,1,1,"y2",0.940224529911338
4,1,1,"y3",0.834657938211874
4,1,1,"y4",0.89542772775745
4,1,1,"y5",0.732879608487678
4,1,2,"y1",0.697772541783136
4,1,2,"y2",0.950423530508918
4,1,2,"y3",0.813313891244177
4,1,2,"y4",0.908762589848968
4,1,2,"y5",0.696794032015885
4,1,3,"y1",0.770520180340383
4,1,3,"y2",0.940090027100912
4,1,3,"y3",0.86196965632266
4,1,3,"y4",0.831034332194307
4,1,3,"y5",0.68391223107013
4,1,4,"y1",0.761394757791849
4,1,4,"y2",0.862684229573488
4,1,4,"y3",0.67344272765888
4,1,4,"y4",0.991785376676958
4,1,4,"y5",0.597618156441959
4,2,1,"y1",0.756095353821361
4,2,1,"y2",0.976001600677474
4,2,1,"y3",0.833323133903329
4,2,1,"y4",0.77215238600279
4,2,1,"y5",0.699344095610079
4,2,2,"y1",0.836421784901619
4,2,2,"y2",0.925186107917648
4,2,2,"y3",0.878224943209678
4,2,2,"y4",0.790410418567916
4,2,2,"y5",0.700303802066297
4,2,3,"y1",0.872262508985818
4,2,3,"y2",0.924313832141228
4,2,3,"y3",0.856910321209624
4,2,3,"y4",0.821042442672711
4,2,3,"y5",0.770421004401102
4,2,4,"y1",0.808209559856938
4,2,4,"y2",0.884305968942705
4,2,4,"y3",0.741271042110172
4,2,4,"y4",0.953982508419971
4,2,4,"y5",0.64862665744989
4,3,1,"y1",0.817644059040631
4,3,1,"y2",0.963192835739947
4,3,1,"y3",0.799430038145482
4,3,1,"y4",0.794291729205531
4,3,1,"y5",0.668299448549436
4,3,2,"y1",0.919029279235192
4,3,2,"y2",0.895814906316258
4,3,2,"y3",0.873026782133992
4,3,2,"y4",0.809325364513603
4,3,2,"y5",0.694977952565051
4,3,3,"y1",0.879635518651983
4,3,3,"y2",0.963202778596944
4,3,3,"y3",0.841316975414162
4,3,3,"y4",0.853112874039356
4,3,3,"y5",0.75033979403075
4,3,4,"y1",0.83124239095771
4,3,4,"y2",0.888426650119274
4,3,4,"y3",0.767683286276711
4,3,4,"y4",0.981296333580641
4,3,4,"y5",0.658102156062016
4,4,1,"y1",0.849093198769979
4,4,1,"y2",0.975875667529007
4,4,1,"y3",0.837491749560419
4,4,1,"y4",0.822546140805541
4,4,1,"y5",0.720492533994681
4,4,2,"y1",0.962855638723737
4,4,2,"y2",0.903572560494673
4,4,2,"y3",0.866168440643743
4,4,2,"y4",0.834001024264
4,4,2,"y5",0.670858563885494
4,4,3,"y1",0.88800058877762
4,4,3,"y2",0.989635742662098
4,4,3,"y3",0.863172682686086
4,4,3,"y4",0.845007760702304
4,4,3,"y5",0.731959667391638
4,4,4,"y1",0.848045011090433
4,4,4,"y2",0.926635224948511
4,4,4,"y3",0.819906718648367
4,4,4,"y4",0.991875137902342
4,4,4,"y5",0.704071852862338
4,5,1,"y1",0.835370438948708
4,5,1,"y2",0.986556995464103
4,5,1,"y3",0.848453782619342
4,5,1,"y4",0.836343009986287
4,5,1,"y5",0.694610927344562
4,5,2,"y1",0.950757465894252
4,5,2,"y2",0.934449004256454
4,5,2,"y3",0.897511752908387
4,5,2,"y4",0.814007224460835
4,5,2,"y5",0.665895864575745
4,5,3,"y1",0.908979381187234
4,5,3,"y2",0.972063562112528
4,5,3,"y3",0.87085697174577
4,5,3,"y4",0.858454152032615
4,5,3,"y5",0.726444878577857
4,5,4,"y1",0.856744931739486
4,5,4,"y2",0.925476982383752
4,5,4,"y3",0.799660091601011
4,5,4,"y4",0.985013958728339
4,5,4,"y5",0.717041725915677
4,6,1,"y1",0.857758823192916
4,6,1,"y2",0.996761790184122
4,6,1,"y3",0.851863236652407
4,6,1,"y4",0.846196819470413
4,6,1,"y5",0.668284372505662
4,6,2,"y1",0.95233368612989
4,6,2,"y2",0.929151656689617
4,6,2,"y3",0.889031219590664
4,6,2,"y4",0.792225531708371
4,6,2,"y5",0.665699897318992
4,6,3,"y1",0.92233622914331
4,6,3,"y2",0.984103085480442
4,6,3,"y3",0.90976246522255
4,6,3,"y4",0.863454477579582
4,6,3,"y5",0.72856302746367
4,6,4,"y1",0.874850616053675
4,6,4,"y2",0.941974297360728
4,6,4,"y3",0.815095499498554
4,6,4,"y4",0.973726923372888
4,6,4,"y5",0.737303284542976
4,7,1,"y1",0.847181254113637
4,7,1,"y2",0.996945013052576
4,7,1,"y3",0.838189834886298
4,7,1,"y4",0.85721989919218
4,7,1,"y5",0.663016818177916
4,7,2,"y1",0.973843699776925
4,7,2,"y2",0.939560728060942
4,7,2,"y3",0.889287303779311
4,7,2,"y4",0.804845047746175
4,7,2,"y5",0.675100874670498
4,7,3,"y1",0.908154920510394
4,7,3,"y2",0.995225207230062
4,7,3,"y3",0.89906500724719
4,7,3,"y4",0.862246340475295
4,7,3,"y5",0.716899919875745
4,7,4,"y1",0.878326208638785
4,7,4,"y2",0.953739678922113
4,7,4,"y3",0.820652846057897
4,7,4,"y4",0.966714120409662
4,7,4,"y5",0.743719168145645
4,8,1,"y1",0.835897371846329
4,8,1,"y2",0.995373058532566
4,8,1,"y3",0.837341673943577
4,8,1,"y4",0.873293028617847
4,8,1,"y5",0.654773578971783
4,8,2,"y1",0.975903144814371
4,8,2,"y2",0.939899101164455
4,8,2,"y3",0.883776836663546
4,8,2,"y4",0.788096915143519
4,8,2,"y5",0.6666528102558
4,8,3,"y1",0.88657439499388
4,8,3,"y2",0.998067610858177
4,8,3,"y3",0.883749208700967
4,8,3,"y4",0.862608420946775
4,8,3,"y5",0.712930747283819
4,8,4,"y1",0.870576706040788
4,8,4,"y2",0.946621242380023
4,8,4,"y3",0.820672117968549
4,8,4,"y4",0.967310925782634
4,8,4,"y5",0.732417475934876
4,9,1,"y1",0.820194263937274
4,9,1,"y2",0.991745401436955
4,9,1,"y3",0.816718920199634
4,9,1,"y4",0.875559666185841
4,9,1,"y5",0.673518321274827
4,9,2,"y1",0.977709147132337
4,9,2,"y2",0.946428425144334
4,9,2,"y3",0.886288819361073
4,9,2,"y4",0.790545746714291
4,9,2,"y5",0.668949341542598
4,9,3,"y1",0.887835346814048
4,9,3,"y2",0.992694520158481
4,9,3,"y3",0.879299214544793
4,9,3,"y4",0.860708817277877
4,9,3,"y5",0.723129046468726
4,9,4,"y1",0.88800085687714
4,9,4,"y2",0.953409423190377
4,9,4,"y3",0.821265561184461
4,9,4,"y4",0.96988214119235
4,9,4,"y5",0.739555360783436
4,10,1,"y1",0.829016755601072
4,10,1,"y2",0.986863447007162
4,10,1,"y3",0.823276704206029
4,10,1,"y4",0.891949287687521
4,10,1,"y5",0.666544835018143
4,10,2,"y1",0.980452665735611
4,10,2,"y2",0.953762976341271
4,10,2,"y3",0.892973905597004
4,10,2,"y4",0.791612165087497
4,10,2,"y5",0.679398244130622
4,10,3,"y1",0.891821209739622
4,10,3,"y2",0.99541537955228
4,10,3,"y3",0.885546541749245
4,10,3,"y4",0.862400048532453
4,10,3,"y5",0.719629308407004
4,10,4,"y1",0.881350393341385
4,10,4,"y2",0.956250631314656
4,10,4,"y3",0.81159138178259
4,10,4,"y4",0.974676340133309
4,10,4,"y5",0.748490177105861
5,1,1,"y1",0.905805527487865
5,1,1,"y2",0.83910655579866
5,1,1,"y3",0.840230261350027
5,1,1,"y4",0.866847090680402
5,1,1,"y5",0.779886305114682
5,1,2,"y1",0.846603734672184
5,1,2,"y2",0.859905357831839
5,1,2,"y3",0.752692809843723
5,1,2,"y4",0.838449057335995
5,1,2,"y5",0.739624166012124
5,1,3,"y1",0.972164590426987
5,1,3,"y2",0.772485802138907
5,1,3,"y3",0.801617353571285
5,1,3,"y4",0.782483175228244
5,1,3,"y5",0.733770367099704
5,1,4,"y1",0.759598886122628
5,1,4,"y2",0.755072271995077
5,1,4,"y3",0.681859473355271
5,1,4,"y4",0.976805540560937
5,1,4,"y5",0.636798185402492
5,2,1,"y1",0.956427286194512
5,2,1,"y2",0.898426988794332
5,2,1,"y3",0.864708351722161
5,2,1,"y4",0.794690907868014
5,2,1,"y5",0.745684583321386
5,2,2,"y1",0.941091618817839
5,2,2,"y2",0.733546371886314
5,2,2,"y3",0.862150120506204
5,2,2,"y4",0.763244892055396
5,2,2,"y5",0.743983395737019
5,2,3,"y1",0.990022825602114
5,2,3,"y2",0.771471227047399
5,2,3,"y3",0.880093199018259
5,2,3,"y4",0.745596047538979
5,2,3,"y5",0.703910012468611
5,2,4,"y1",0.838640701555581
5,2,4,"y2",0.762724711122214
5,2,4,"y3",0.758125991730229
5,2,4,"y4",0.998475825428931
5,2,4,"y5",0.651588033645146
5,3,1,"y1",0.95379473577215
5,3,1,"y2",0.899364795780028
5,3,1,"y3",0.859376036373891
5,3,1,"y4",0.839645491762588
5,3,1,"y5",0.715088974576222
5,3,2,"y1",0.923775377923878
5,3,2,"y2",0.779209382837887
5,3,2,"y3",0.840331615585818
5,3,2,"y4",0.843708615483637
5,3,2,"y5",0.672767291398985
5,3,3,"y1",0.991826101018519
5,3,3,"y2",0.834604271950467
5,3,3,"y3",0.910525274943247
5,3,3,"y4",0.810094752860685
5,3,3,"y5",0.737900152111288
5,3,4,"y1",0.912049041160279
5,3,4,"y2",0.789473018946128
5,3,4,"y3",0.872366080460587
5,3,4,"y4",0.989788754175967
5,3,4,"y5",0.665488358897044
5,4,1,"y1",0.9903625444399
5,4,1,"y2",0.880830622620804
5,4,1,"y3",0.860765397827843
5,4,1,"y4",0.838357429211931
5,4,1,"y5",0.741682537153325
5,4,2,"y1",0.972856727042094
5,4,2,"y2",0.767291876512635
5,4,2,"y3",0.871009429731923
5,4,2,"y4",0.822754405179156
5,4,2,"y5",0.653985957900333
5,4,3,"y1",0.975151540406524
5,4,3,"y2",0.896409150421987
5,4,3,"y3",0.924347520198942
5,4,3,"y4",0.837236585405299
5,4,3,"y5",0.744896532695463
5,4,4,"y1",0.931676667764851
5,4,4,"y2",0.817615599902884
5,4,4,"y3",0.876644541059581
5,4,4,"y4",0.988874441648476
5,4,4,"y5",0.669996182661575
5,5,1,"y1",0.997186658769847
5,5,1,"y2",0.88358851094577
5,5,1,"y3",0.840697093562555
5,5,1,"y4",0.839722975217534
5,5,1,"y5",0.737155974591368
5,5,2,"y1",0.965262452881383
5,5,2,"y2",0.717782274352716
5,5,2,"y3",0.812386108601326
5,5,2,"y4",0.796645079669817
5,5,2,"y5",0.603024806499573
5,5,3,"y1",0.985362213344732
5,5,3,"y2",0.913097186874814
5,5,3,"y3",0.941517353704737
5,5,3,"y4",0.8570942475843
5,5,3,"y5",0.727538384350936
5,5,4,"y1",0.938224335454251
5,5,4,"y2",0.839368634020792
5,5,4,"y3",0.916895449810047
5,5,4,"y4",0.982947217680366
5,5,4,"y5",0.662972454582666
5,6,1,"y1",0.995621424488177
5,6,1,"y2",0.863970355643992
5,6,1,"y3",0.837793830160131
5,6,1,"y4",0.854595335664668
5,6,1,"y5",0.739710524664511
5,6,2,"y1",0.994769913083454
5,6,2,"y2",0.71919662445039
5,6,2,"y3",0.82304544931767
5,6,2,"y4",0.780660932895982
5,6,2,"y5",0.623416481499196
5,6,3,"y1",0.993299808093534
5,6,3,"y2",0.925482788703231
5,6,3,"y3",0.951815309366251
5,6,3,"y4",0.845257350726873
5,6,3,"y5",0.738662219455661
5,6,4,"y1",0.94740455514315
5,6,4,"y2",0.852778746207111
5,6,4,"y3",0.934558087113043
5,6,4,"y4",0.983422915926555
5,6,4,"y5",0.678411483490079
5,7,1,"y1",0.995640091437238
5,7,1,"y2",0.891987602377519
5,7,1,"y3",0.852320298043484
5,7,1,"y4",0.865350456644027
5,7,1,"y5",0.761680911001862
5,7,2,"y1",1
5,7,2,"y2",0.731515471416384
5,7,2,"y3",0.828713621998005
5,7,2,"y4",0.796788485023496
5,7,2,"y5",0.639271724176901
5,7,3,"y1",0.98690466863782
5,7,3,"y2",0.925972322366539
5,7,3,"y3",0.957260596711781
5,7,3,"y4",0.847479557250695
5,7,3,"y5",0.744102091816174
5,7,4,"y1",0.946802162485996
5,7,4,"y2",0.858453111003755
5,7,4,"y3",0.945159308478424
5,7,4,"y4",0.985437372821761
5,7,4,"y5",0.687262709659728
5,8,1,"y1",0.998248283642612
5,8,1,"y2",0.902857363484576
5,8,1,"y3",0.838657768008332
5,8,1,"y4",0.860990940983088
5,8,1,"y5",0.7360061090329
5,8,2,"y1",0.994935832375263
5,8,2,"y2",0.734176833221277
5,8,2,"y3",0.82943925728582
5,8,2,"y4",0.795612861284482
5,8,2,"y5",0.64122366805165
5,8,3,"y1",0.988787779370516
5,8,3,"y2",0.918912695613525
5,8,3,"y3",0.952594388169676
5,8,3,"y4",0.843242431663237
5,8,3,"y5",0.746302559382834
5,8,4,"y1",0.944486415337885
5,8,4,"y2",0.867757336229517
5,8,4,"y3",0.949699499450223
5,8,4,"y4",0.986835920264138
5,8,4,"y5",0.692543132663997
5,9,1,"y1",0.998142270395028
5,9,1,"y2",0.910611978311057
5,9,1,"y3",0.854395203629014
5,9,1,"y4",0.868472827875022
5,9,1,"y5",0.759190541664544
5,9,2,"y1",0.99369256307333
5,9,2,"y2",0.739450986947849
5,9,2,"y3",0.821945293043592
5,9,2,"y4",0.787185640455933
5,9,2,"y5",0.624555047979313
5,9,3,"y1",0.987314928615946
5,9,3,"y2",0.916872371091269
5,9,3,"y3",0.950672698726913
5,9,3,"y4",0.833251351173021
5,9,3,"y5",0.754345423875785
5,9,4,"y1",0.955572632257028
5,9,4,"y2",0.867817743360478
5,9,4,"y3",0.945032821972171
5,9,4,"y4",0.98988063989511
5,9,4,"y5",0.698991057964564
5,10,1,"y1",0.998114283987941
5,10,1,"y2",0.91014539135726
5,10,1,"y3",0.862921356478413
5,10,1,"y4",0.857332184401145
5,10,1,"y5",0.76825402710678
5,10,2,"y1",0.997789399229272
5,10,2,"y2",0.739915555719956
5,10,2,"y3",0.825022136845919
5,10,2,"y4",0.785778115697995
5,10,2,"y5",0.638511263608902
5,10,3,"y1",0.986995185921754
5,10,3,"y2",0.915133709354389
5,10,3,"y3",0.95368813578609
5,10,3,"y4",0.838236923737573
5,10,3,"y5",0.742967458959005
5,10,4,"y1",0.958570072627827
5,10,4,"y2",0.865414612124722
5,10,4,"y3",0.943503016606219
5,10,4,"y4",0.986520708505646
5,10,4,"y5",0.687673424029834
6,1,1,"y1",0.844362168644007
6,1,1,"y2",0.978296435366335
6,1,1,"y3",0.785686403380354
6,1,1,"y4",0.745900607433868
6,1,1,"y5",0.640259503937994
6,1,2,"y1",0.857599062910107
6,1,2,"y2",0.985278451369237
6,1,2,"y3",0.766262327136519
6,1,2,"y4",0.742980989749599
6,1,2,"y5",0.642942821568437
6,1,3,"y1",0.903624695478238
6,1,3,"y2",0.948645838895566
6,1,3,"y3",0.832346559848316
6,1,3,"y4",0.699622910042583
6,1,3,"y5",0.720598959794185
6,1,4,"y1",0.754715430144854
6,1,4,"y2",0.88414867119801
6,1,4,"y3",0.649668489147782
6,1,4,"y4",0.986751124926533
6,1,4,"y5",0.639375507871727
6,2,1,"y1",0.902361848883708
6,2,1,"y2",0.983191663035097
6,2,1,"y3",0.810652790593321
6,2,1,"y4",0.729668991728298
6,2,1,"y5",0.683082663148532
6,2,2,"y1",0.865332732443849
6,2,2,"y2",0.968229223721886
6,2,2,"y3",0.794962533435175
6,2,2,"y4",0.808883542991753
6,2,2,"y5",0.611232269282395
6,2,3,"y1",0.935061245419647
6,2,3,"y2",0.965426711416526
6,2,3,"y3",0.833375741838675
6,2,3,"y4",0.751596527833402
6,2,3,"y5",0.703878562937408
6,2,4,"y1",0.833568069526969
6,2,4,"y2",0.926321213785181
6,2,4,"y3",0.704515001886188
6,2,4,"y4",0.963470931256366
6,2,4,"y5",0.645123681822311
6,3,1,"y1",0.877441456602066
6,3,1,"y2",0.978293300900305
6,3,1,"y3",0.74961469839017
6,3,1,"y4",0.726961107698567
6,3,1,"y5",0.60368248437545
6,3,2,"y1",0.850996055872328
6,3,2,"y2",0.982393124473873
6,3,2,"y3",0.792180935084967
6,3,2,"y4",0.835140111863229
6,3,2,"y5",0.593083532608347
6,3,3,"y1",0.928775303286016
6,3,3,"y2",0.963603143551491
6,3,3,"y3",0.834781817110235
6,3,3,"y4",0.723266951229698
6,3,3,"y5",0.714042906516712
6,3,4,"y1",0.90713866686295
6,3,4,"y2",0.945365188230334
6,3,4,"y3",0.78559267848149
6,3,4,"y4",0.970605175262815
6,3,4,"y5",0.671178733317364
6,4,1,"y1",0.892715076358979
6,4,1,"y2",0.978392915581154
6,4,1,"y3",0.779775833809089
6,4,1,"y4",0.748539080379077
6,4,1,"y5",0.633550073553585
6,4,2,"y1",0.919154596066363
6,4,2,"y2",0.948507874000733
6,4,2,"y3",0.834299085206884
6,4,2,"y4",0.821457239170479
6,4,2,"y5",0.631139471046192
6,4,3,"y1",0.906937926237174
6,4,3,"y2",0.99507930665824
6,4,3,"y3",0.855924959355382
6,4,3,"y4",0.72650269672083
6,4,3,"y5",0.716049875822245
6,4,4,"y1",0.913218725739954
6,4,4,"y2",0.959726179629179
6,4,4,"y3",0.804838461848602
6,4,4,"y4",0.948948972911976
6,4,4,"y5",0.67694064849027
6,5,1,"y1",0.917639536842265
6,5,1,"y2",0.996306432882091
6,5,1,"y3",0.772177652652604
6,5,1,"y4",0.799588303333496
6,5,1,"y5",0.626165347680919
6,5,2,"y1",0.946224277641154
6,5,2,"y2",0.947444754229383
6,5,2,"y3",0.820114041789087
6,5,2,"y4",0.826227789587191
6,5,2,"y5",0.632268338163096
6,5,3,"y1",0.888276744981621
6,5,3,"y2",0.997883147135925
6,5,3,"y3",0.859364225906496
6,5,3,"y4",0.72766706302868
6,5,3,"y5",0.715847911231904
6,5,4,"y1",0.927445356870184
6,5,4,"y2",0.973656235538502
6,5,4,"y3",0.836436375899516
6,5,4,"y4",0.924525694393859
6,5,4,"y5",0.669246919663153
6,6,1,"y1",0.916563486003682
6,6,1,"y2",0.999459946595994
6,6,1,"y3",0.807589297891076
6,6,1,"y4",0.79964877597094
6,6,1,"y5",0.623506281967426
6,6,2,"y1",0.952909077596927
6,6,2,"y2",0.975397311033636
6,6,2,"y3",0.810115552286168
6,6,2,"y4",0.806206336480596
6,6,2,"y5",0.623628212573652
6,6,3,"y1",0.879295716417654
6,6,3,"y2",1
6,6,3,"y3",0.855011078388993
6,6,3,"y4",0.736537847841778
6,6,3,"y5",0.709743784764992
6,6,4,"y1",0.94142266786618
6,6,4,"y2",0.973030980455366
6,6,4,"y3",0.837518601178342
6,6,4,"y4",0.920097871185376
6,6,4,"y5",0.666830685951994
6,7,1,"y1",0.915299438600662
6,7,1,"y2",1
6,7,1,"y3",0.82734821363376
6,7,1,"y4",0.791278709288335
6,7,1,"y5",0.620284378066624
6,7,2,"y1",0.962733142108303
6,7,2,"y2",0.969742427394006
6,7,2,"y3",0.829174268499625
6,7,2,"y4",0.801739891131796
6,7,2,"y5",0.630447128809372
6,7,3,"y1",0.873139343648216
6,7,3,"y2",1
6,7,3,"y3",0.85917270154328
6,7,3,"y4",0.73594081912894
6,7,3,"y5",0.706736527001706
6,7,4,"y1",0.940750813697436
6,7,4,"y2",0.979514061673678
6,7,4,"y3",0.839730150949454
6,7,4,"y4",0.910847528888105
6,7,4,"y5",0.672529195865626
6,8,1,"y1",0.909736783563842
6,8,1,"y2",1
6,8,1,"y3",0.812982072728345
6,8,1,"y4",0.794342527944178
6,8,1,"y5",0.620340961925009
6,8,2,"y1",0.967680583361199
6,8,2,"y2",0.973953304722221
6,8,2,"y3",0.830992003974204
6,8,2,"y4",0.791844635963025
6,8,2,"y5",0.626920762984245
6,8,3,"y1",0.867755676640411
6,8,3,"y2",1
6,8,3,"y3",0.849649478854607
6,8,3,"y4",0.743031073538342
6,8,3,"y5",0.703018210836148
6,8,4,"y1",0.943699530044523
6,8,4,"y2",0.974922007962902
6,8,4,"y3",0.83642905997162
6,8,4,"y4",0.904342953875013
6,8,4,"y5",0.666637148845364
6,9,1,"y1",0.903760448922265
6,9,1,"y2",1
6,9,1,"y3",0.815997976821207
6,9,1,"y4",0.801890185129151
6,9,1,"y5",0.620049624351564
6,9,2,"y1",0.974321230954454
6,9,2,"y2",0.970490174257433
6,9,2,"y3",0.82614158836384
6,9,2,"y4",0.810076345339151
6,9,2,"y5",0.629430099418683
6,9,3,"y1",0.863981398563427
6,9,3,"y2",1
6,9,3,"y3",0.844499106409092
6,9,3,"y4",0.750891306315552
6,9,3,"y5",0.71185658761574
6,9,4,"y1",0.940564517107678
6,9,4,"y2",0.985890406849446
6,9,4,"y3",0.834611996168412
6,9,4,"y4",0.877781210556289
6,9,4,"y5",0.653952708604932
6,10,1,"y1",0.902458844166482
6,10,1,"y2",0.998670331077468
6,10,1,"y3",0.810999690157889
6,10,1,"y4",0.796143429978559
6,10,1,"y5",0.61604765035306
6,10,2,"y1",0.971828583551314
6,10,2,"y2",0.985615754141596
6,10,2,"y3",0.846508033109282
6,10,2,"y4",0.802534848542599
6,10,2,"y5",0.618614988437444
6,10,3,"y1",0.869140306468038
6,10,3,"y2",1
6,10,3,"y3",0.845810200403204
6,10,3,"y4",0.750655073891478
6,10,3,"y5",0.695240849993662
6,10,4,"y1",0.944781897544054
6,10,4,"y2",0.98906508034575
6,10,4,"y3",0.835383925616445
6,10,4,"y4",0.874360312530414
6,10,4,"y5",0.662785001513106
7,1,1,"y1",0.899658562141394
7,1,1,"y2",0.917870639905674
7,1,1,"y3",0.828250232783479
7,1,1,"y4",0.897654145317834
7,1,1,"y5",0.670229285355333
7,1,2,"y1",0.867071301676972
7,1,2,"y2",0.81500551315805
7,1,2,"y3",0.784020806198117
7,1,2,"y4",0.947594610118083
7,1,2,"y5",0.750808652728637
7,1,3,"y1",0.950844418323691
7,1,3,"y2",0.800292423662677
7,1,3,"y3",0.732568666102386
7,1,3,"y4",0.964093048808215
7,1,3,"y5",0.668484311893479
7,1,4,"y1",0.681899137261366
7,1,4,"y2",0.68306730814167
7,1,4,"y3",0.549725585247588
7,1,4,"y4",1
7,1,4,"y5",0.541039001059647
7,2,1,"y1",0.908982783473612
7,2,1,"y2",0.914527492830041
7,2,1,"y3",0.847838079454771
7,2,1,"y4",0.896453090896701
7,2,1,"y5",0.675672218939237
7,2,2,"y1",0.910892346715923
7,2,2,"y2",0.825836794835679
7,2,2,"y3",0.79097936599594
7,2,2,"y4",0.886846079673351
7,2,2,"y5",0.695220994142926
7,2,3,"y1",0.96440930129764
7,2,3,"y2",0.820179740953027
7,2,3,"y3",0.733042757261609
7,2,3,"y4",0.973576231800938
7,2,3,"y5",0.64394495111661
7,2,4,"y1",0.774568070148501
7,2,4,"y2",0.704250439382447
7,2,4,"y3",0.623484994192842
7,2,4,"y4",0.99825828628734
7,2,4,"y5",0.588693603720431
7,3,1,"y1",0.950844675220605
7,3,1,"y2",0.931965531988363
7,3,1,"y3",0.808076115252947
7,3,1,"y4",0.901977886446764
7,3,1,"y5",0.688075192513287
7,3,2,"y1",0.903632859042213
7,3,2,"y2",0.893789499891769
7,3,2,"y3",0.863432442110049
7,3,2,"y4",0.916304237194816
7,3,2,"y5",0.80191235435897
7,3,3,"y1",0.951294736684372
7,3,3,"y2",0.870351233027789
7,3,3,"y3",0.789638259190608
7,3,3,"y4",0.987052296070371
7,3,3,"y5",0.659743059241656
7,3,4,"y1",0.827200880288266
7,3,4,"y2",0.712295568905821
7,3,4,"y3",0.656491454609066
7,3,4,"y4",0.982143126898115
7,3,4,"y5",0.604721364808844
7,4,1,"y1",0.970447949738033
7,4,1,"y2",0.91278476063362
7,4,1,"y3",0.813598112124878
7,4,1,"y4",0.89474257325576
7,4,1,"y5",0.71375583124842
7,4,2,"y1",0.94240303648982
7,4,2,"y2",0.775779227445529
7,4,2,"y3",0.804045562797652
7,4,2,"y4",0.863234767370054
7,4,2,"y5",0.665222311813368
7,4,3,"y1",0.947138939860554
7,4,3,"y2",0.888323782185472
7,4,3,"y3",0.794087381683178
7,4,3,"y4",0.988106412861686
7,4,3,"y5",0.676857959364739
7,4,4,"y1",0.852767140945282
7,4,4,"y2",0.727972044405703
7,4,4,"y3",0.67404423222072
7,4,4,"y4",0.995490228062517
7,4,4,"y5",0.608119444474787
7,5,1,"y1",0.970307103427269
7,5,1,"y2",0.933101206410782
7,5,1,"y3",0.80460131193179
7,5,1,"y4",0.877609665881461
7,5,1,"y5",0.720684520332918
7,5,2,"y1",0.976574665624201
7,5,2,"y2",0.772951705203436
7,5,2,"y3",0.787623228093765
7,5,2,"y4",0.855378548929361
7,5,2,"y5",0.666522004955979
7,5,3,"y1",0.969861322207585
7,5,3,"y2",0.898717626985557
7,5,3,"y3",0.808939091771103
7,5,3,"y4",0.986741882464577
7,5,3,"y5",0.708523865936393
7,5,4,"y1",0.863828253175446
7,5,4,"y2",0.741553106392365
7,5,4,"y3",0.690692362549326
7,5,4,"y4",0.996061668354036
7,5,4,"y5",0.61186566728104
7,6,1,"y1",0.998974130142954
7,6,1,"y2",0.923759222270681
7,6,1,"y3",0.813885399744156
7,6,1,"y4",0.896811150566542
7,6,1,"y5",0.718713182843156
7,6,2,"y1",1
7,6,2,"y2",0.7631653579711
7,6,2,"y3",0.765424667414428
7,6,2,"y4",0.819314050119968
7,6,2,"y5",0.651553080818986
7,6,3,"y1",0.963935293647159
7,6,3,"y2",0.905768946930011
7,6,3,"y3",0.834692107412827
7,6,3,"y4",0.98782175207627
7,6,3,"y5",0.720435244162839
7,6,4,"y1",0.869284076103928
7,6,4,"y2",0.760006654564
7,6,4,"y3",0.709451308540612
7,6,4,"y4",0.998162179945208
7,6,4,"y5",0.618087038652718
7,7,1,"y1",0.977070890625829
7,7,1,"y2",0.925293933745909
7,7,1,"y3",0.806695890262653
7,7,1,"y4",0.885611193655089
7,7,1,"y5",0.722311054838772
7,7,2,"y1",1
7,7,2,"y2",0.76635543654912
7,7,2,"y3",0.770996952276216
7,7,2,"y4",0.818675745347822
7,7,2,"y5",0.644601738527111
7,7,3,"y1",0.973429412018973
7,7,3,"y2",0.90934909419252
7,7,3,"y3",0.841594240489914
7,7,3,"y4",0.984653479045485
7,7,3,"y5",0.734824660222437
7,7,4,"y1",0.871453767804351
7,7,4,"y2",0.77296524654072
7,7,4,"y3",0.7286097871929
7,7,4,"y4",0.99368136575765
7,7,4,"y5",0.624784268931749
7,8,1,"y1",0.979015261263639
7,8,1,"y2",0.923296202828871
7,8,1,"y3",0.82904170094065
7,8,1,"y4",0.898252554028348
7,8,1,"y5",0.728567074445558
7,8,2,"y1",1
7,8,2,"y2",0.765821492542535
7,8,2,"y3",0.76335234204204
7,8,2,"y4",0.827378520634335
7,8,2,"y5",0.633263735425856
7,8,3,"y1",0.981118655773474
7,8,3,"y2",0.909536564103557
7,8,3,"y3",0.850690616388873
7,8,3,"y4",0.972140276421749
7,8,3,"y5",0.7418178405144
7,8,4,"y1",0.877717013451607
7,8,4,"y2",0.762716082707572
7,8,4,"y3",0.72183164374485
7,8,4,"y4",0.993818199650469
7,8,4,"y5",0.622203846661271
7,9,1,"y1",0.987644768965435
7,9,1,"y2",0.926299725872521
7,9,1,"y3",0.82054365993737
7,9,1,"y4",0.910125091585821
7,9,1,"y5",0.739301269198719
7,9,2,"y1",1
7,9,2,"y2",0.7708728597173
7,9,2,"y3",0.758975223412258
7,9,2,"y4",0.82952401074314
7,9,2,"y5",0.634753465318561
7,9,3,"y1",0.98057772088713
7,9,3,"y2",0.917973133361162
7,9,3,"y3",0.848068337649513
7,9,3,"y4",0.964173995060095
7,9,3,"y5",0.735113553922535
7,9,4,"y1",0.893667425514744
7,9,4,"y2",0.773438204836812
7,9,4,"y3",0.722268167707227
7,9,4,"y4",0.994871758252184
7,9,4,"y5",0.638285177657753
7,10,1,"y1",0.988324241958414
7,10,1,"y2",0.923703579613144
7,10,1,"y3",0.832298495928052
7,10,1,"y4",0.928034963416336
7,10,1,"y5",0.755201667237829
7,10,2,"y1",1
7,10,2,"y2",0.761366222405061
7,10,2,"y3",0.763974011616887
7,10,2,"y4",0.83276696036053
7,10,2,"y5",0.636210481429332
7,10,3,"y1",0.978044713055606
7,10,3,"y2",0.919217562276107
7,10,3,"y3",0.841633897207935
7,10,3,"y4",0.962387175975622
7,10,3,"y5",0.737730451233636
7,10,4,"y1",0.895352318437557
7,10,4,"y2",0.777999278189495
7,10,4,"y3",0.718544761633259
7,10,4,"y4",0.990551994238521
7,10,4,"y5",0.636024202309781
8,1,1,"y1",0.782850589781155
8,1,1,"y2",0.928105217379614
8,1,1,"y3",0.849904107102711
8,1,1,"y4",0.679787420901515
8,1,1,"y5",0.694188942987459
8,1,2,"y1",0.809070541381435
8,1,2,"y2",0.954565395079849
8,1,2,"y3",0.788261855167184
8,1,2,"y4",0.726513983425408
8,1,2,"y5",0.689509254803339
8,1,3,"y1",0.849777225432238
8,1,3,"y2",0.926675756112345
8,1,3,"y3",0.839847076397958
8,1,3,"y4",0.694975144325113
8,1,3,"y5",0.710973545903589
8,1,4,"y1",0.807348766311388
8,1,4,"y2",0.955727810755911
8,1,4,"y3",0.699748546159356
8,1,4,"y4",0.979973579502208
8,1,4,"y5",0.658827169793017
8,2,1,"y1",0.813086731555329
8,2,1,"y2",0.957088577559372
8,2,1,"y3",0.780958762007225
8,2,1,"y4",0.707506658930275
8,2,1,"y5",0.62190156349073
8,2,2,"y1",0.83200225103308
8,2,2,"y2",0.940813439922906
8,2,2,"y3",0.864856612972764
8,2,2,"y4",0.75324355769767
8,2,2,"y5",0.640914820262326
8,2,3,"y1",0.893524117873315
8,2,3,"y2",0.95611607755191
8,2,3,"y3",0.826113021183177
8,2,3,"y4",0.700933088247977
8,2,3,"y5",0.684353636468207
8,2,4,"y1",0.834074683064631
8,2,4,"y2",0.94084783172776
8,2,4,"y3",0.769140848907698
8,2,4,"y4",0.971500158805545
8,2,4,"y5",0.672826452596362
8,3,1,"y1",0.844719945956508
8,3,1,"y2",0.993175744239702
8,3,1,"y3",0.819999856151644
8,3,1,"y4",0.728125945826606
8,3,1,"y5",0.632396674227659
8,3,2,"y1",0.942667984075151
8,3,2,"y2",0.920610039283935
8,3,2,"y3",0.890447835078095
8,3,2,"y4",0.753656680909816
8,3,2,"y5",0.650824990306547
8,3,3,"y1",0.913133686210912
8,3,3,"y2",0.956684408658492
8,3,3,"y3",0.852940054733305
8,3,3,"y4",0.712520748449518
8,3,3,"y5",0.707245610597382
8,3,4,"y1",0.895408388804526
8,3,4,"y2",0.952475591318933
8,3,4,"y3",0.854150320877306
8,3,4,"y4",0.943673306370817
8,3,4,"y5",0.665417615131322
8,4,1,"y1",0.860045246577919
8,4,1,"y2",0.995243533998882
8,4,1,"y3",0.856786974501549
8,4,1,"y4",0.708885776940257
8,4,1,"y5",0.652203543538298
8,4,2,"y1",0.897686538131248
8,4,2,"y2",0.920772383969779
8,4,2,"y3",0.88291520916173
8,4,2,"y4",0.743536763362325
8,4,2,"y5",0.664705232238329
8,4,3,"y1",0.906668238536641
8,4,3,"y2",0.969652867457332
8,4,3,"y3",0.874025957428544
8,4,3,"y4",0.66711551569577
8,4,3,"y5",0.701934943321173
8,4,4,"y1",0.944075799928675
8,4,4,"y2",0.97278921932071
8,4,4,"y3",0.863316085612542
8,4,4,"y4",0.929444009870567
8,4,4,"y5",0.673643736840431
8,5,1,"y1",0.887205965997085
8,5,1,"y2",0.991510622678516
8,5,1,"y3",0.850107209981192
8,5,1,"y4",0.72696999817257
8,5,1,"y5",0.659468905348799
8,5,2,"y1",0.920761464054403
8,5,2,"y2",0.907059954347235
8,5,2,"y3",0.927604859203474
8,5,2,"y4",0.73411829523275
8,5,2,"y5",0.663926125717214
8,5,3,"y1",0.915445080299225
8,5,3,"y2",0.985628260309933
8,5,3,"y3",0.849812439919584
8,5,3,"y4",0.700138541492762
8,5,3,"y5",0.711623896814608
8,5,4,"y1",0.922821342104016
8,5,4,"y2",0.975330271931699
8,5,4,"y3",0.864937060773145
8,5,4,"y4",0.921284658044968
8,5,4,"y5",0.654843308743422
8,6,1,"y1",0.886648613963839
8,6,1,"y2",0.985383248152456
8,6,1,"y3",0.848933030871151
8,6,1,"y4",0.738582856508438
8,6,1,"y5",0.659455659565041
8,6,2,"y1",0.949973559280564
8,6,2,"y2",0.929695523914768
8,6,2,"y3",0.910153769606011
8,6,2,"y4",0.730375062149506
8,6,2,"y5",0.697240146495809
8,6,3,"y1",0.910636712694107
8,6,3,"y2",0.991111787903184
8,6,3,"y3",0.861450801263468
8,6,3,"y4",0.711526032817423
8,6,3,"y5",0.72415325707791
8,6,4,"y1",0.913112456548949
8,6,4,"y2",0.986968819901909
8,6,4,"y3",0.902657685575468
8,6,4,"y4",0.91534851085078
8,6,4,"y5",0.649658895574597
8,7,1,"y1",0.880020953428969
8,7,1,"y2",0.989546948858376
8,7,1,"y3",0.882547139699749
8,7,1,"y4",0.745836502264127
8,7,1,"y5",0.655335188396577
8,7,2,"y1",0.920963037880555
8,7,2,"y2",0.919815474875975
8,7,2,"y3",0.885076928669407
8,7,2,"y4",0.724258801104114
8,7,2,"y5",0.684089470804525
8,7,3,"y1",0.904361681409832
8,7,3,"y2",0.984917890214235
8,7,3,"y3",0.851963847930525
8,7,3,"y4",0.703423728121698
8,7,3,"y5",0.72594087615882
8,7,4,"y1",0.918408810490684
8,7,4,"y2",0.989202557741953
8,7,4,"y3",0.88847921356548
8,7,4,"y4",0.893729381262484
8,7,4,"y5",0.653926073823057
8,8,1,"y1",0.894756459200196
8,8,1,"y2",0.993537237157199
8,8,1,"y3",0.887916692263109
8,8,1,"y4",0.747386764655096
8,8,1,"y5",0.648284905144247
8,8,2,"y1",0.992623588801652
8,8,2,"y2",0.913864292739479
8,8,2,"y3",0.909005618512035
8,8,2,"y4",0.72537914404697
8,8,2,"y5",0.694697196279946
8,8,3,"y1",0.897843113330754
8,8,3,"y2",0.981308535148318
8,8,3,"y3",0.890691507798938
8,8,3,"y4",0.704847812710133
8,8,3,"y5",0.729240720452644
8,8,4,"y1",0.921205025153754
8,8,4,"y2",0.990339265750708
8,8,4,"y3",0.898437175487047
8,8,4,"y4",0.90306444773484
8,8,4,"y5",0.670070485995092
8,9,1,"y1",0.895190151198579
8,9,1,"y2",0.995541050343423
8,9,1,"y3",0.892273246168492
8,9,1,"y4",0.766488972866505
8,9,1,"y5",0.660055226922449
8,9,2,"y1",0.963518266613588
8,9,2,"y2",0.911898698545312
8,9,2,"y3",0.90399542221193
8,9,2,"y4",0.709272984441449
8,9,2,"y5",0.681633244804701
8,9,3,"y1",0.897459848660259
8,9,3,"y2",0.977923725543419
8,9,3,"y3",0.886152786088317
8,9,3,"y4",0.707082228978298
8,9,3,"y5",0.740258160600032
8,9,4,"y1",0.92188151318325
8,9,4,"y2",0.978665421664772
8,9,4,"y3",0.876714856537227
8,9,4,"y4",0.90236366342336
8,9,4,"y5",0.665443465343264
8,10,1,"y1",0.888124289719688
8,10,1,"y2",0.999558466533029
8,10,1,"y3",0.904658628166181
8,10,1,"y4",0.761202368856996
8,10,1,"y5",0.664374475863236
8,10,2,"y1",0.985696163075875
8,10,2,"y2",0.91049522254026
8,10,2,"y3",0.91160557053061
8,10,2,"y4",0.702099705051688
8,10,2,"y5",0.672732658400094
8,10,3,"y1",0.876901055339341
8,10,3,"y2",0.989538823317038
8,10,3,"y3",0.88817849025133
8,10,3,"y4",0.71705367589477
8,10,3,"y5",0.75094922990399
8,10,4,"y1",0.91777430388742
8,10,4,"y2",0.980132558591957
8,10,4,"y3",0.880322119240842
8,10,4,"y4",0.89236763701891
8,10,4,"y5",0.658841590121324
9,1,1,"y1",0.861457153418314
9,1,1,"y2",0.944481432926568
9,1,1,"y3",0.807261452853737
9,1,1,"y4",0.818237902286768
9,1,1,"y5",0.738174495036281
9,1,2,"y1",0.870861082136096
9,1,2,"y2",0.828737195927642
9,1,2,"y3",0.898625495784501
9,1,2,"y4",0.809013662092861
9,1,2,"y5",0.675493954751471
9,1,3,"y1",0.90044031814093
9,1,3,"y2",0.812815665583583
9,1,3,"y3",0.794390857325669
9,1,3,"y4",0.787791861741802
9,1,3,"y5",0.658598284249931
9,1,4,"y1",0.753610824044978
9,1,4,"y2",0.721528155862417
9,1,4,"y3",0.6892372873414
9,1,4,"y4",0.993943296844157
9,1,4,"y5",0.635755814614261
9,2,1,"y1",0.822377507184194
9,2,1,"y2",0.960496966135205
9,2,1,"y3",0.765197532960733
9,2,1,"y4",0.795729843934867
9,2,1,"y5",0.663612145301996
9,2,2,"y1",0.87455534340021
9,2,2,"y2",0.946016957542637
9,2,2,"y3",0.748394874604375
9,2,2,"y4",0.784454040703657
9,2,2,"y5",0.648942291070987
9,2,3,"y1",0.93130055574833
9,2,3,"y2",0.932500755735391
9,2,3,"y3",0.88955961363607
9,2,3,"y4",0.794299296903817
9,2,3,"y5",0.672624148901662
9,2,4,"y1",0.826196341636673
9,2,4,"y2",0.756505842097376
9,2,4,"y3",0.740766871372018
9,2,4,"y4",0.968114528723859
9,2,4,"y5",0.62343269831634
9,3,1,"y1",0.865627954278576
9,3,1,"y2",0.970475786025833
9,3,1,"y3",0.801970137538769
9,3,1,"y4",0.705188382924272
9,3,1,"y5",0.654951477434218
9,3,2,"y1",0.878940977368674
9,3,2,"y2",0.944030203480427
9,3,2,"y3",0.806410805138785
9,3,2,"y4",0.838384995765591
9,3,2,"y5",0.672479145206606
9,3,3,"y1",0.944367102137427
9,3,3,"y2",0.964879628518649
9,3,3,"y3",0.887026035946794
9,3,3,"y4",0.78470258094939
9,3,3,"y5",0.678006241227308
9,3,4,"y1",0.902192013621895
9,3,4,"y2",0.788641880347783
9,3,4,"y3",0.856633621566012
9,3,4,"y4",0.98249493400501
9,3,4,"y5",0.625578034045599
9,4,1,"y1",0.896976769452718
9,4,1,"y2",0.96812868928932
9,4,1,"y3",0.815789621120657
9,4,1,"y4",0.769896679785755
9,4,1,"y5",0.673204238204034
9,4,2,"y1",0.920159038113216
9,4,2,"y2",0.885035411779783
9,4,2,"y3",0.78429976109864
9,4,2,"y4",0.804224583676951
9,4,2,"y5",0.623336551591876
9,4,3,"y1",0.935207157621901
9,4,3,"y2",0.974057255271532
9,4,3,"y3",0.90861832905469
9,4,3,"y4",0.79167601670676
9,4,3,"y5",0.675119942667983
9,4,4,"y1",0.919872052995766
9,4,4,"y2",0.836026175179384
9,4,4,"y3",0.912964874677282
9,4,4,"y4",0.970761623316964
9,4,4,"y5",0.632305877623397
9,5,1,"y1",0.929198338710935
9,5,1,"y2",0.991928346571007
9,5,1,"y3",0.804516217088998
9,5,1,"y4",0.787924033601069
9,5,1,"y5",0.695977023010552
9,5,2,"y1",0.971192254958407
9,5,2,"y2",0.821734089727154
9,5,2,"y3",0.837317106547674
9,5,2,"y4",0.833695910743389
9,5,2,"y5",0.625668311245203
9,5,3,"y1",0.94442670071807
9,5,3,"y2",0.985564460491851
9,5,3,"y3",0.920965479135777
9,5,3,"y4",0.79287582633715
9,5,3,"y5",0.692764660663533
9,5,4,"y1",0.930036085006461
9,5,4,"y2",0.898399199183802
9,5,4,"y3",0.9335725456245
9,5,4,"y4",0.964442402484261
9,5,4,"y5",0.601421816626002
9,6,1,"y1",0.949523512238229
9,6,1,"y2",0.991498586455189
9,6,1,"y3",0.817259575086688
9,6,1,"y4",0.802793219994415
9,6,1,"y5",0.706725515629306
9,6,2,"y1",0.966469006832634
9,6,2,"y2",0.854822781277824
9,6,2,"y3",0.82732675700625
9,6,2,"y4",0.833394882962805
9,6,2,"y5",0.649617594268396
9,6,3,"y1",0.935449678804358
9,6,3,"y2",0.986826684798717
9,6,3,"y3",0.929200168432776
9,6,3,"y4",0.792303955327523
9,6,3,"y5",0.6916273082594
9,6,4,"y1",0.946639503737231
9,6,4,"y2",0.913561000767668
9,6,4,"y3",0.919447563572804
9,6,4,"y4",0.96269767780011
9,6,4,"y5",0.609952146776899
9,7,1,"y1",0.941469401193342
9,7,1,"y2",0.998629480511005
9,7,1,"y3",0.833514083017637
9,7,1,"y4",0.812721477275228
9,7,1,"y5",0.705011392095137
9,7,2,"y1",0.991319858105749
9,7,2,"y2",0.846888669901717
9,7,2,"y3",0.809940127028188
9,7,2,"y4",0.810627789434687
9,7,2,"y5",0.614281217045134
9,7,3,"y1",0.938613323952004
9,7,3,"y2",0.988655952883673
9,7,3,"y3",0.923750562250375
9,7,3,"y4",0.806075661640125
9,7,3,"y5",0.693151495575647
9,7,4,"y1",0.950096890779989
9,7,4,"y2",0.930657340034774
9,7,4,"y3",0.936422786030599
9,7,4,"y4",0.967382380347321
9,7,4,"y5",0.613176705803511
9,8,1,"y1",0.934074825590813
9,8,1,"y2",0.996954851930161
9,8,1,"y3",0.849787666426975
9,8,1,"y4",0.809299506152114
9,8,1,"y5",0.696350680823246
9,8,2,"y1",0.973532166448471
9,8,2,"y2",0.849132664863103
9,8,2,"y3",0.835462756804078
9,8,2,"y4",0.801850481478416
9,8,2,"y5",0.628741606748044
9,8,3,"y1",0.935549035973116
9,8,3,"y2",0.984571027256533
9,8,3,"y3",0.926898199282548
9,8,3,"y4",0.816429759685458
9,8,3,"y5",0.692585917534872
9,8,4,"y1",0.970073821033241
9,8,4,"y2",0.949290534023959
9,8,4,"y3",0.925501949285022
9,8,4,"y4",0.950470613013391
9,8,4,"y5",0.605460156535088
9,9,1,"y1",0.929705290548968
9,9,1,"y2",0.999768601617315
9,9,1,"y3",0.843849844794494
9,9,1,"y4",0.806028315351375
9,9,1,"y5",0.704435913665673
9,9,2,"y1",1
9,9,2,"y2",0.831968457864026
9,9,2,"y3",0.795401858689152
9,9,2,"y4",0.787825812217454
9,9,2,"y5",0.608249622616408
9,9,3,"y1",0.942216518500591
9,9,3,"y2",0.97500555642573
9,9,3,"y3",0.939234127492122
9,9,3,"y4",0.823560988492025
9,9,3,"y5",0.680231321509292
9,9,4,"y1",0.965174067057377
9,9,4,"y2",0.961126894149269
9,9,4,"y3",0.93981828119551
9,9,4,"y4",0.94302359667282
9,9,4,"y5",0.60391891803828
9,10,1,"y1",0.928556715755631
9,10,1,"y2",0.994077272488544
9,10,1,"y3",0.848153434614678
9,10,1,"y4",0.819712378484717
9,10,1,"y5",0.694522447129762
9,10,2,"y1",1
9,10,2,"y2",0.84135379060908
9,10,2,"y3",0.807216608478823
9,10,2,"y4",0.803740087001799
9,10,2,"y5",0.62117558743353
9,10,3,"y1",0.93117888016849
9,10,3,"y2",0.986299186863636
9,10,3,"y3",0.912465823399864
9,10,3,"y4",0.822094733190873
9,10,3,"y5",0.684027099170774
9,10,4,"y1",0.96798056642138
9,10,4,"y2",0.936228220869451
9,10,4,"y3",0.911858003512037
9,10,4,"y4",0.933355761472375
9,10,4,"y5",0.606025338915169
10,1,1,"y1",0.949239358214897
10,1,1,"y2",0.806138252316113
10,1,1,"y3",0.720117293699849
10,1,1,"y4",0.822716086752901
10,1,1,"y5",0.766418753201355
10,1,2,"y1",0.896817019510425
10,1,2,"y2",0.851698086162635
10,1,2,"y3",0.777965998801912
10,1,2,"y4",0.848403440989803
10,1,2,"y5",0.75879111980247
10,1,3,"y1",0.941545953282482
10,1,3,"y2",0.840764777000134
10,1,3,"y3",0.73250832652569
10,1,3,"y4",0.845220349513075
10,1,3,"y5",0.762245029336971
10,1,4,"y1",0.871142237056902
10,1,4,"y2",0.747205502904144
10,1,4,"y3",0.6263131491463
10,1,4,"y4",1
10,1,4,"y5",0.683008442529431
10,2,1,"y1",0.900752448881278
10,2,1,"y2",0.894566443898839
10,2,1,"y3",0.786835878397044
10,2,1,"y4",0.875277725908949
10,2,1,"y5",0.720626909978841
10,2,2,"y1",0.94817528002718
10,2,2,"y2",0.825523609932713
10,2,2,"y3",0.766038020738276
10,2,2,"y4",0.865735589466895
10,2,2,"y5",0.765181035185006
10,2,3,"y1",0.969348999194161
10,2,3,"y2",0.898646461797824
10,2,3,"y3",0.758221803902602
10,2,3,"y4",0.82644776234027
10,2,3,"y5",0.726843115339463
10,2,4,"y1",0.907356321873549
10,2,4,"y2",0.774214080250299
10,2,4,"y3",0.678060168585503
10,2,4,"y4",1
10,2,4,"y5",0.663431842985798
10,3,1,"y1",0.902706272840096
10,3,1,"y2",0.952788127355566
10,3,1,"y3",0.774677197727187
10,3,1,"y4",0.853880740835944
10,3,1,"y5",0.717249159332044
10,3,2,"y1",0.934980631954083
10,3,2,"y2",0.869468963225489
10,3,2,"y3",0.871364947064307
10,3,2,"y4",0.858990863349102
10,3,2,"y5",0.795009331352452
10,3,3,"y1",0.976225071522817
10,3,3,"y2",0.917978139970752
10,3,3,"y3",0.769349694059631
10,3,3,"y4",0.846140336541925
10,3,3,"y5",0.762894400004255
10,3,4,"y1",0.941189391375357
10,3,4,"y2",0.809828463627525
10,3,4,"y3",0.706053318306672
10,3,4,"y4",0.991300066500469
10,3,4,"y5",0.684350724721004
10,4,1,"y1",0.949636443045869
10,4,1,"y2",0.946718915792088
10,4,1,"y3",0.765758773134142
10,4,1,"y4",0.866714912840278
10,4,1,"y5",0.740670926897553
10,4,2,"y1",0.93882073686079
10,4,2,"y2",0.899394165895068
10,4,2,"y3",0.878680625153632
10,4,2,"y4",0.821368188901778
10,4,2,"y5",0.772128326188856
10,4,3,"y1",0.967098841643747
10,4,3,"y2",0.946717784603962
10,4,3,"y3",0.806444013486161
10,4,3,"y4",0.842515073732758
10,4,3,"y5",0.756782485793352
10,4,4,"y1",0.958484651028932
10,4,4,"y2",0.86667699297487
10,4,4,"y3",0.75363622507502
10,4,4,"y4",0.987652050215272
10,4,4,"y5",0.717307921428313
10,5,1,"y1",0.914480692889343
10,5,1,"y2",0.953972402741002
10,5,1,"y3",0.763577364039249
10,5,1,"y4",0.809383785385916
10,5,1,"y5",0.713863743022279
10,5,2,"y1",0.993881842868952
10,5,2,"y2",0.864949433529498
10,5,2,"y3",0.871958598120949
10,5,2,"y4",0.860365881106129
10,5,2,"y5",0.759032449183555
10,5,3,"y1",0.97313235174431
10,5,3,"y2",0.946749454639332
10,5,3,"y3",0.780016712288697
10,5,3,"y4",0.813492793219628
10,5,3,"y5",0.766111671019121
10,5,4,"y1",0.964906095908733
10,5,4,"y2",0.883576641781158
10,5,4,"y3",0.785823396642584
10,5,4,"y4",0.981884832062077
10,5,4,"y5",0.700822942516769
10,6,1,"y1",0.959332005874645
10,6,1,"y2",0.952908372487623
10,6,1,"y3",0.774304976415564
10,6,1,"y4",0.841775640949759
10,6,1,"y5",0.716686316981127
10,6,2,"y1",0.977083550868596
10,6,2,"y2",0.86417547586638
10,6,2,"y3",0.86259673119416
10,6,2,"y4",0.842027965062773
10,6,2,"y5",0.7707475641314
10,6,3,"y1",0.980039253113963
10,6,3,"y2",0.946586634549659
10,6,3,"y3",0.785013965256945
10,6,3,"y4",0.831387902616533
10,6,3,"y5",0.774416231896983
10,6,4,"y1",0.981913664063886
10,6,4,"y2",0.894545689990445
10,6,4,"y3",0.810857726384147
10,6,4,"y4",0.98049411683769
10,6,4,"y5",0.703374802401063
10,7,1,"y1",0.938197178008078
10,7,1,"y2",0.907802559360412
10,7,1,"y3",0.769200239919067
10,7,1,"y4",0.837563907175187
10,7,1,"y5",0.706551030369995
10,7,2,"y1",0.996546933203137
10,7,2,"y2",0.843533068431159
10,7,2,"y3",0.845353718330539
10,7,2,"y4",0.851919878027844
10,7,2,"y5",0.762277541160328
10,7,3,"y1",0.987780696510601
10,7,3,"y2",0.958536889671038
10,7,3,"y3",0.788749365509325
10,7,3,"y4",0.842908884186639
10,7,3,"y5",0.785363414424647
10,7,4,"y1",0.99210828946615
10,7,4,"y2",0.909952932028462
10,7,4,"y3",0.817758147965011
10,7,4,"y4",0.97484297847099
10,7,4,"y5",0.712434057248845
10,8,1,"y1",0.960273192637517
10,8,1,"y2",0.925182778201835
10,8,1,"y3",0.779505362551011
10,8,1,"y4",0.846479514854537
10,8,1,"y5",0.712023500212431
10,8,2,"y1",0.998318813370015
10,8,2,"y2",0.844214928743044
10,8,2,"y3",0.843994516611038
10,8,2,"y4",0.857117821103069
10,8,2,"y5",0.762070613680069
10,8,3,"y1",0.982556046667591
10,8,3,"y2",0.96000489772894
10,8,3,"y3",0.791947219383082
10,8,3,"y4",0.839175583306223
10,8,3,"y5",0.780641726198032
10,8,4,"y1",0.985541567488813
10,8,4,"y2",0.897723798427849
10,8,4,"y3",0.812209732363461
10,8,4,"y4",0.975217388372972
10,8,4,"y5",0.724900328396844
10,9,1,"y1",0.931673489595122
10,9,1,"y2",0.943521102017887
10,9,1,"y3",0.783430477486891
10,9,1,"y4",0.814434870197472
10,9,1,"y5",0.699567574531108
10,9,2,"y1",0.996376192803658
10,9,2,"y2",0.857968762243229
10,9,2,"y3",0.845275692249159
10,9,2,"y4",0.843868732196416
10,9,2,"y5",0.740967122198076
10,9,3,"y1",0.98003111957134
10,9,3,"y2",0.96196443775786
10,9,3,"y3",0.792928539878339
10,9,3,"y4",0.844299245271589
10,9,3,"y5",0.78205926409943
10,9,4,"y1",0.986736904347299
10,9,4,"y2",0.893081614010641
10,9,4,"y3",0.818197878913054
10,9,4,"y4",0.975791921115818
10,9,4,"y5",0.718211689129266
10,10,1,"y1",0.946083583759813
10,10,1,"y2",0.952275185565395
10,10,1,"y3",0.779045803480994
10,10,1,"y4",0.832878307929471
10,10,1,"y5",0.695571735420845
10,10,2,"y1",0.994979385642877
10,10,2,"y2",0.85145432341322
10,10,2,"y3",0.845993900321819
10,10,2,"y4",0.853198335277637
10,10,2,"y5",0.744179187709338
10,10,3,"y1",0.976726540599312
10,10,3,"y2",0.966113115703349
10,10,3,"y3",0.802443640816114
10,10,3,"y4",0.862007765227306
10,10,3,"y5",0.786229982781289
10,10,4,"y1",0.980668368351595
10,10,4,"y2",0.872622628983246
10,10,4,"y3",0.799784386203917
10,10,4,"y4",0.985723557102994
10,10,4,"y5",0.726692473723723
11,1,1,"y1",0.834748254582157
11,1,1,"y2",0.912629686593513
11,1,1,"y3",0.634901554828443
11,1,1,"y4",0.868245230049523
11,1,1,"y5",0.680399981319695
11,1,2,"y1",0.817530425017663
11,1,2,"y2",0.897936787436334
11,1,2,"y3",0.77159918823979
11,1,2,"y4",0.89280094122898
11,1,2,"y5",0.729788467074067
11,1,3,"y1",0.939642257400662
11,1,3,"y2",0.906583543010434
11,1,3,"y3",0.747007831382182
11,1,3,"y4",0.763352486706367
11,1,3,"y5",0.618705704184421
11,1,4,"y1",0.743274558208626
11,1,4,"y2",0.7542493737362
11,1,4,"y3",0.572597644841289
11,1,4,"y4",0.987455001644094
11,1,4,"y5",0.648547479652301
11,2,1,"y1",0.818578398820329
11,2,1,"y2",0.932177878332568
11,2,1,"y3",0.661098382158078
11,2,1,"y4",0.814976678254315
11,2,1,"y5",0.718171279518893
11,2,2,"y1",0.789968686382237
11,2,2,"y2",0.909889314832735
11,2,2,"y3",0.741019730327573
11,2,2,"y4",0.784834845246463
11,2,2,"y5",0.621323363639141
11,2,3,"y1",0.958783215462923
11,2,3,"y2",0.911043353168699
11,2,3,"y3",0.742865890506936
11,2,3,"y4",0.833483057056153
11,2,3,"y5",0.685341281664155
11,2,4,"y1",0.806496209035175
11,2,4,"y2",0.805785575787526
11,2,4,"y3",0.650107325791903
11,2,4,"y4",0.996933401885336
11,2,4,"y5",0.661991497168256
11,3,1,"y1",0.860063151765073
11,3,1,"y2",0.973799986276025
11,3,1,"y3",0.788634358248955
11,3,1,"y4",0.726675158778672
11,3,1,"y5",0.65827643212274
11,3,2,"y1",0.885039631302003
11,3,2,"y2",0.928865086226812
11,3,2,"y3",0.878616131723251
11,3,2,"y4",0.776418959227488
11,3,2,"y5",0.650173357947524
11,3,3,"y1",0.964744012461675
11,3,3,"y2",0.941428909473398
11,3,3,"y3",0.769535055303453
11,3,3,"y4",0.81912890896966
11,3,3,"y5",0.718387567649009
11,3,4,"y1",0.855064226823864
11,3,4,"y2",0.823250192941789
11,3,4,"y3",0.741233878577465
11,3,4,"y4",0.999651328141116
11,3,4,"y5",0.68187643017673
11,4,1,"y1",0.883521557397767
11,4,1,"y2",0.968344296518409
11,4,1,"y3",0.799799096108357
11,4,1,"y4",0.765015047178921
11,4,1,"y5",0.721564536460994
11,4,2,"y1",0.91292852084287
11,4,2,"y2",0.949911967722922
11,4,2,"y3",0.926059727336882
11,4,2,"y4",0.786903738757171
11,4,2,"y5",0.637423755387517
11,4,3,"y1",0.973964344431095
11,4,3,"y2",0.97362970345849
11,4,3,"y3",0.805935318182748
11,4,3,"y4",0.821949199271416
11,4,3,"y5",0.701341483285861
11,4,4,"y1",0.911493132538987
11,4,4,"y2",0.880108642456719
11,4,4,"y3",0.780701244441712
11,4,4,"y4",0.981270661607042
11,4,4,"y5",0.70863553159686
11,5,1,"y1",0.907140385410283
11,5,1,"y2",0.992750838516563
11,5,1,"y3",0.804286362506749
11,5,1,"y4",0.777961094341755
11,5,1,"y5",0.702016817713567
11,5,2,"y1",0.911672352111281
11,5,2,"y2",0.942726742480461
11,5,2,"y3",0.897524761689923
11,5,2,"y4",0.781269662290527
11,5,2,"y5",0.62993129668209
11,5,3,"y1",0.952265649984302
11,5,3,"y2",0.983260574341117
11,5,3,"y3",0.790057535060458
11,5,3,"y4",0.81054590475678
11,5,3,"y5",0.680549430178246
11,5,4,"y1",0.914061881013083
11,5,4,"y2",0.908083276837485
11,5,4,"y3",0.816275986731289
11,5,4,"y4",0.978459560902738
11,5,4,"y5",0.724778054898259
11,6,1,"y1",0.93722215920717
11,6,1,"y2",0.993791929843359
11,6,1,"y3",0.821568812353074
11,6,1,"y4",0.769391460818671
11,6,1,"y5",0.676825749359809
11,6,2,"y1",0.97096763263641
11,6,2,"y2",0.974789644232108
11,6,2,"y3",0.926655212329394
11,6,2,"y4",0.798513576729125
11,6,2,"y5",0.639202113567237
11,6,3,"y1",0.935866441212086
11,6,3,"y2",0.989663409771445
11,6,3,"y3",0.806272281117166
11,6,3,"y4",0.794829329337341
11,6,3,"y5",0.680987679139237
11,6,4,"y1",0.92072908039189
11,6,4,"y2",0.913222116492638
11,6,4,"y3",0.819956293329851
11,6,4,"y4",0.969499377715224
11,6,4,"y5",0.710609379701121
11,7,1,"y1",0.934613563459588
11,7,1,"y2",0.996348323083828
11,7,1,"y3",0.815351069805929
11,7,1,"y4",0.786738234116957
11,7,1,"y5",0.686551165201251
11,7,2,"y1",0.965535041980173
11,7,2,"y2",0.965966440762227
11,7,2,"y3",0.929133910608184
11,7,2,"y4",0.830113008738072
11,7,2,"y5",0.631594298592436
11,7,3,"y1",0.942849049938843
11,7,3,"y2",0.986860322695372
11,7,3,"y3",0.809016569245908
11,7,3,"y4",0.799276716180064
11,7,3,"y5",0.681480805170064
11,7,4,"y1",0.927639319573856
11,7,4,"y2",0.923577021948978
11,7,4,"y3",0.827069924419698
11,7,4,"y4",0.961271378216317
11,7,4,"y5",0.718355960622547
11,8,1,"y1",0.922926293933165
11,8,1,"y2",0.996598747697225
11,8,1,"y3",0.804859344543917
11,8,1,"y4",0.780019534875882
11,8,1,"y5",0.663023583715515
11,8,2,"y1",0.968381786728689
11,8,2,"y2",0.960008820114685
11,8,2,"y3",0.907649550303441
11,8,2,"y4",0.821772353607815
11,8,2,"y5",0.612795971855494
11,8,3,"y1",0.943379844294949
11,8,3,"y2",0.983757857176291
11,8,3,"y3",0.810276763500977
11,8,3,"y4",0.802369336790787
11,8,3,"y5",0.693592732638835
11,8,4,"y1",0.931003831229041
11,8,4,"y2",0.931652758102876
11,8,4,"y3",0.834311493657053
11,8,4,"y4",0.959969889850121
11,8,4,"y5",0.727790154457964
11,9,1,"y1",0.92940034887156
11,9,1,"y2",1
11,9,1,"y3",0.818697241620339
11,9,1,"y4",0.788501492505801
11,9,1,"y5",0.666097588907559
11,9,2,"y1",0.968961805992408
11,9,2,"y2",0.975735639841035
11,9,2,"y3",0.929450445357154
11,9,2,"y4",0.817026989667407
11,9,2,"y5",0.619883833741707
11,9,3,"y1",0.932611500063192
11,9,3,"y2",0.991094596078333
11,9,3,"y3",0.82472783658876
11,9,3,"y4",0.794300482025317
11,9,3,"y5",0.695702399274482
11,9,4,"y1",0.930924486073236
11,9,4,"y2",0.938146653027367
11,9,4,"y3",0.840626011216294
11,9,4,"y4",0.9607325098624
11,9,4,"y5",0.719654541589846
11,10,1,"y1",0.913414906724504
11,10,1,"y2",1
11,10,1,"y3",0.810653312942404
11,10,1,"y4",0.77871090354026
11,10,1,"y5",0.657851346612487
11,10,2,"y1",0.962482885981309
11,10,2,"y2",0.983004779264075
11,10,2,"y3",0.933181688420259
11,10,2,"y4",0.806172272735891
11,10,2,"y5",0.617625645817381
11,10,3,"y1",0.924724929048144
11,10,3,"y2",0.992434305066898
11,10,3,"y3",0.822418821619508
11,10,3,"y4",0.789964003897425
11,10,3,"y5",0.693328944145772
11,10,4,"y1",0.936924094370686
11,10,4,"y2",0.943334920288095
11,10,4,"y3",0.843352485161954
11,10,4,"y4",0.962570391995357
11,10,4,"y5",0.733893867790668
12,1,1,"y1",0.838336803901394
12,1,1,"y2",0.947354929200397
12,1,1,"y3",0.815796415688712
12,1,1,"y4",0.753486459299499
12,1,1,"y5",0.614569995517106
12,1,2,"y1",0.78982649390273
12,1,2,"y2",0.92978163069025
12,1,2,"y3",0.801128892361012
12,1,2,"y4",0.750895870842363
12,1,2,"y5",0.642729762602553
12,1,3,"y1",0.955364778803464
12,1,3,"y2",0.850582954844765
12,1,3,"y3",0.783512706426564
12,1,3,"y4",0.637112468303683
12,1,3,"y5",0.604154654021624
12,1,4,"y1",0.738755628173195
12,1,4,"y2",0.857742223431532
12,1,4,"y3",0.617493351161726
12,1,4,"y4",0.969126691014793
12,1,4,"y5",0.651263306705126
12,2,1,"y1",0.900466420526012
12,2,1,"y2",0.918443578587876
12,2,1,"y3",0.832640485757079
12,2,1,"y4",0.773633653694156
12,2,1,"y5",0.715710554051884
12,2,2,"y1",0.814965041799005
12,2,2,"y2",0.880531803540702
12,2,2,"y3",0.858204343453714
12,2,2,"y4",0.727438238458274
12,2,2,"y5",0.716105154508732
12,2,3,"y1",0.99543425929756
12,2,3,"y2",0.80238385224386
12,2,3,"y3",0.752175285063949
12,2,3,"y4",0.710286983091321
12,2,3,"y5",0.63920239755982
12,2,4,"y1",0.820534833158484
12,2,4,"y2",0.866532663799959
12,2,4,"y3",0.699503430047441
12,2,4,"y4",0.9641960819112
12,2,4,"y5",0.635399868525548
12,3,1,"y1",0.867362409321579
12,3,1,"y2",0.980230036778063
12,3,1,"y3",0.786099419559484
12,3,1,"y4",0.743218643797468
12,3,1,"y5",0.577990240420557
12,3,2,"y1",0.944986584090838
12,3,2,"y2",0.866334837525602
12,3,2,"y3",0.843622441138346
12,3,2,"y4",0.704060401449539
12,3,2,"y5",0.653381287664073
12,3,3,"y1",0.993098986124117
12,3,3,"y2",0.857175180732805
12,3,3,"y3",0.730483190364006
12,3,3,"y4",0.746136463610905
12,3,3,"y5",0.641706269025033
12,3,4,"y1",0.933655962592628
12,3,4,"y2",0.905118610126091
12,3,4,"y3",0.760574984565335
12,3,4,"y4",0.988273723349963
12,3,4,"y5",0.647508259566289
12,4,1,"y1",0.893912366646027
12,4,1,"y2",0.988538416517546
12,4,1,"y3",0.816085309217219
12,4,1,"y4",0.777860702994504
12,4,1,"y5",0.63107695914459
12,4,2,"y1",0.990660275878486
12,4,2,"y2",0.817304551052431
12,4,2,"y3",0.829133828232894
12,4,2,"y4",0.700275627027099
12,4,2,"y5",0.601458765376141
12,4,3,"y1",0.993822723215693
12,4,3,"y2",0.88916947002307
12,4,3,"y3",0.778440750072697
12,4,3,"y4",0.746046387177597
12,4,3,"y5",0.642329298671253
12,4,4,"y1",0.948811865941111
12,4,4,"y2",0.929129628410882
12,4,4,"y3",0.800163532941769
12,4,4,"y4",0.980598201718254
12,4,4,"y5",0.66144641074795
12,5,1,"y1",0.915439385566609
12,5,1,"y2",0.988081909123555
12,5,1,"y3",0.792003826775775
12,5,1,"y4",0.763074403596995
12,5,1,"y5",0.592863856294471
12,5,2,"y1",0.961574987958262
12,5,2,"y2",0.863343374037057
12,5,2,"y3",0.864589315045298
12,5,2,"y4",0.702561372670008
12,5,2,"y5",0.605531152713286
12,5,3,"y1",0.992725877046414
12,5,3,"y2",0.926309111655144
12,5,3,"y3",0.809130625203837
12,5,3,"y4",0.77712377002948
12,5,3,"y5",0.661653389178356
12,5,4,"y1",0.950117146817901
12,5,4,"y2",0.926734267499935
12,5,4,"y3",0.824538884934698
12,5,4,"y4",0.974984505867801
12,5,4,"y5",0.662024261235759
12,6,1,"y1",0.925988187130499
12,6,1,"y2",0.990114721918938
12,6,1,"y3",0.821797311104687
12,6,1,"y4",0.776713801251679
12,6,1,"y5",0.616926015858716
12,6,2,"y1",1
12,6,2,"y2",0.843473064383154
12,6,2,"y3",0.855896463890308
12,6,2,"y4",0.719710068703092
12,6,2,"y5",0.612430428575368
12,6,3,"y1",0.99687589205846
12,6,3,"y2",0.94175648845376
12,6,3,"y3",0.837732166684863
12,6,3,"y4",0.783167625693583
12,6,3,"y5",0.655792094256502
12,6,4,"y1",0.950425269686053
12,6,4,"y2",0.957474226791984
12,6,4,"y3",0.859466535099276
12,6,4,"y4",0.956192242611404
12,6,4,"y5",0.679382144972066
12,7,1,"y1",0.93465658998719
12,7,1,"y2",0.994143736332694
12,7,1,"y3",0.837253581264139
12,7,1,"y4",0.800041844642559
12,7,1,"y5",0.645794711550436
12,7,2,"y1",1
12,7,2,"y2",0.858735427756051
12,7,2,"y3",0.859542668770634
12,7,2,"y4",0.743173165432521
12,7,2,"y5",0.630151912937442
12,7,3,"y1",0.999659910976333
12,7,3,"y2",0.943845699190364
12,7,3,"y3",0.845032638043652
12,7,3,"y4",0.784471406275385
12,7,3,"y5",0.665090368861828
12,7,4,"y1",0.956735586179412
12,7,4,"y2",0.970992762988162
12,7,4,"y3",0.864284500003609
12,7,4,"y4",0.952275491268963
12,7,4,"y5",0.6782002616118
12,8,1,"y1",0.922670243668729
12,8,1,"y2",0.99422255895922
12,8,1,"y3",0.84888006641932
12,8,1,"y4",0.806335488757448
12,8,1,"y5",0.639670471489053
12,8,2,"y1",1
12,8,2,"y2",0.835141223119197
12,8,2,"y3",0.83743255966089
12,8,2,"y4",0.75036496009252
12,8,2,"y5",0.618207409454441
12,8,3,"y1",0.999102987670922
12,8,3,"y2",0.943603964591791
12,8,3,"y3",0.849296541888726
12,8,3,"y4",0.779498324643106
12,8,3,"y5",0.656417891775148
12,8,4,"y1",0.949071970421384
12,8,4,"y2",0.961033139379568
12,8,4,"y3",0.856084404807816
12,8,4,"y4",0.954397271666154
12,8,4,"y5",0.655833187709369
12,9,1,"y1",0.910827411073063
12,9,1,"y2",1
12,9,1,"y3",0.839793236384595
12,9,1,"y4",0.799231236712696
12,9,1,"y5",0.637656553628783
12,9,2,"y1",1
12,9,2,"y2",0.838567998831366
12,9,2,"y3",0.844162573882201
12,9,2,"y4",0.759524546257546
12,9,2,"y5",0.638153516583712
12,9,3,"y1",0.998388373637276
12,9,3,"y2",0.962565793027272
12,9,3,"y3",0.861222622218007
12,9,3,"y4",0.783094907872206
12,9,3,"y5",0.66389155502205
12,9,4,"y1",0.956190017058634
12,9,4,"y2",0.959484698436089
12,9,4,"y3",0.853712110258851
12,9,4,"y4",0.946765603202352
12,9,4,"y5",0.658099952298201
12,10,1,"y1",0.907619365220138
12,10,1,"y2",1
12,10,1,"y3",0.839177334009876
12,10,1,"y4",0.79656911813771
12,10,1,"y5",0.637444540061812
12,10,2,"y1",1
12,10,2,"y2",0.817475729183951
12,10,2,"y3",0.823248293598805
12,10,2,"y4",0.751239859770106
12,10,2,"y5",0.617266075513352
12,10,3,"y1",0.992799885855579
12,10,3,"y2",0.953747360226652
12,10,3,"y3",0.865867672539263
12,10,3,"y4",0.777037460138307
12,10,3,"y5",0.65382701376175
12,10,4,"y1",0.954193328209116
12,10,4,"y2",0.969322486808437
12,10,4,"y3",0.857863663834357
12,10,4,"y4",0.951181252338033
12,10,4,"y5",0.657606182678621
13,1,1,"y1",0.847592442443016
13,1,1,"y2",0.930082930358563
13,1,1,"y3",0.880632980696656
13,1,1,"y4",0.758911676003125
13,1,1,"y5",0.646527400151434
13,1,2,"y1",0.797490536592777
13,1,2,"y2",0.891157558769031
13,1,2,"y3",0.851985532987915
13,1,2,"y4",0.847712741058827
13,1,2,"y5",0.685118565195443
13,1,3,"y1",0.882418049025099
13,1,3,"y2",0.873095924590199
13,1,3,"y3",0.873941648552138
13,1,3,"y4",0.817972241069495
13,1,3,"y5",0.687848542459888
13,1,4,"y1",0.692077478673406
13,1,4,"y2",0.759506872780862
13,1,4,"y3",0.74086925501938
13,1,4,"y4",0.94770387489264
13,1,4,"y5",0.660246298953447
13,2,1,"y1",0.840054579842562
13,2,1,"y2",0.975153445834039
13,2,1,"y3",0.814421390300501
13,2,1,"y4",0.762257086556202
13,2,1,"y5",0.667539868793823
13,2,2,"y1",0.802339249985886
13,2,2,"y2",0.91497608698344
13,2,2,"y3",0.892823662875369
13,2,2,"y4",0.819162579075754
13,2,2,"y5",0.700940404646258
13,2,3,"y1",0.892178258719191
13,2,3,"y2",0.929527146869494
13,2,3,"y3",0.867776780399751
13,2,3,"y4",0.804522982046704
13,2,3,"y5",0.703538034229571
13,2,4,"y1",0.753867569507173
13,2,4,"y2",0.827326509920152
13,2,4,"y3",0.871142395734702
13,2,4,"y4",0.893534453166022
13,2,4,"y5",0.657915284151051
13,3,1,"y1",0.845985237200915
13,3,1,"y2",0.962501773807627
13,3,1,"y3",0.879805716366244
13,3,1,"y4",0.788759080082775
13,3,1,"y5",0.659073747449412
13,3,2,"y1",0.849498422179681
13,3,2,"y2",0.889238666203374
13,3,2,"y3",0.919485112933483
13,3,2,"y4",0.861255259760259
13,3,2,"y5",0.714698781910836
13,3,3,"y1",0.923891658137164
13,3,3,"y2",0.95294888397473
13,3,3,"y3",0.89621362197816
13,3,3,"y4",0.797628841345055
13,3,3,"y5",0.738026207759891
13,3,4,"y1",0.814905589907608
13,3,4,"y2",0.795005600665365
13,3,4,"y3",0.887754503661733
13,3,4,"y4",0.947549586309388
13,3,4,"y5",0.664936666545591
13,4,1,"y1",0.882939305088956
13,4,1,"y2",0.935723177859236
13,4,1,"y3",0.898034410909547
13,4,1,"y4",0.906425855033193
13,4,1,"y5",0.650215301300643
13,4,2,"y1",0.9151264272042
13,4,2,"y2",0.882048108619543
13,4,2,"y3",0.945264172332705
13,4,2,"y4",0.787078078976358
13,4,2,"y5",0.633742046153452
13,4,3,"y1",0.887355437175733
13,4,3,"y2",0.975805715274345
13,4,3,"y3",0.907380282932322
13,4,3,"y4",0.802325821557763
13,4,3,"y5",0.747070157746253
13,4,4,"y1",0.85873437763764
13,4,4,"y2",0.858356322306103
13,4,4,"y3",0.89424670534886
13,4,4,"y4",0.943358632926481
13,4,4,"y5",0.697110674771587
13,5,1,"y1",0.930852659163478
13,5,1,"y2",0.981985597943385
13,5,1,"y3",0.906704612085752
13,5,1,"y4",0.936066180320112
13,5,1,"y5",0.652958106703625
13,5,2,"y1",0.885129881956827
13,5,2,"y2",0.867322698850519
13,5,2,"y3",0.949080887135114
13,5,2,"y4",0.81192375167473
13,5,2,"y5",0.674491866174929
13,5,3,"y1",0.915623453315703
13,5,3,"y2",0.984721006127188
13,5,3,"y3",0.94306958747515
13,5,3,"y4",0.819129271232764
13,5,3,"y5",0.757608724966107
13,5,4,"y1",0.907779015626651
13,5,4,"y2",0.904230604273967
13,5,4,"y3",0.94055475854819
13,5,4,"y4",0.940391172278663
13,5,4,"y5",0.737410376329526
13,6,1,"y1",0.919458659166302
13,6,1,"y2",0.950914695752286
13,6,1,"y3",0.907985017518684
13,6,1,"y4",0.936885731956106
13,6,1,"y5",0.641279104192209
13,6,2,"y1",0.904316095073589
13,6,2,"y2",0.873893745077321
13,6,2,"y3",0.952547605809273
13,6,2,"y4",0.850291672120635
13,6,2,"y5",0.633956474758177
13,6,3,"y1",0.91436109439894
13,6,3,"y2",0.979450561093031
13,6,3,"y3",0.934021854745699
13,6,3,"y4",0.834258277586285
13,6,3,"y5",0.755461255684552
13,6,4,"y1",0.910225033354647
13,6,4,"y2",0.902029821221082
13,6,4,"y3",0.940001367633774
13,6,4,"y4",0.941720127054213
13,6,4,"y5",0.73587450735425
13,7,1,"y1",0.924547377010483
13,7,1,"y2",0.946427021007239
13,7,1,"y3",0.897433341953084
13,7,1,"y4",0.937160267175537
13,7,1,"y5",0.64590655035429
13,7,2,"y1",0.943128540822529
13,7,2,"y2",0.871727686042153
13,7,2,"y3",0.98335323703039
13,7,2,"y4",0.840391824639817
13,7,2,"y5",0.653984901938695
13,7,3,"y1",0.922609472329287
13,7,3,"y2",0.984452150158232
13,7,3,"y3",0.940249038860079
13,7,3,"y4",0.829798386662634
13,7,3,"y5",0.740600437640546
13,7,4,"y1",0.863074432842513
13,7,4,"y2",0.897192108040898
13,7,4,"y3",0.931349781039128
13,7,4,"y4",0.935785025790107
13,7,4,"y5",0.71571917970916
13,8,1,"y1",0.907672183785603
13,8,1,"y2",0.946084608195181
13,8,1,"y3",0.894022925418
13,8,1,"y4",0.941571261070136
13,8,1,"y5",0.651386948524119
13,8,2,"y1",0.931260612861542
13,8,2,"y2",0.883001746503228
13,8,2,"y3",0.984963236640627
13,8,2,"y4",0.839832287594124
13,8,2,"y5",0.642088881503103
13,8,3,"y1",0.92482667767783
13,8,3,"y2",0.970772479994392
13,8,3,"y3",0.961026811808223
13,8,3,"y4",0.842873841438291
13,8,3,"y5",0.756136742706622
13,8,4,"y1",0.905887611490706
13,8,4,"y2",0.899630502916158
13,8,4,"y3",0.936396784507225
13,8,4,"y4",0.933486636456163
13,8,4,"y5",0.72135526092032
13,9,1,"y1",0.906828603194517
13,9,1,"y2",0.950868473395227
13,9,1,"y3",0.889992176548107
13,9,1,"y4",0.952317672571628
13,9,1,"y5",0.650296706437612
13,9,2,"y1",0.946765672529997
13,9,2,"y2",0.882414339610381
13,9,2,"y3",0.98488131459099
13,9,2,"y4",0.848526584212419
13,9,2,"y5",0.660298814706914
13,9,3,"y1",0.924247401115379
13,9,3,"y2",0.972717933842049
13,9,3,"y3",0.962987147047466
13,9,3,"y4",0.83190625022098
13,9,3,"y5",0.754141531495915
13,9,4,"y1",0.916265620272808
13,9,4,"y2",0.91027552159457
13,9,4,"y3",0.948292516378492
13,9,4,"y4",0.94786629960124
13,9,4,"y5",0.748840610642303
13,10,1,"y1",0.925195117020999
13,10,1,"y2",0.977374935934282
13,10,1,"y3",0.890645995480245
13,10,1,"y4",0.951208605151387
13,10,1,"y5",0.665828453778405
13,10,2,"y1",0.948575222546536
13,10,2,"y2",0.888407491563458
13,10,2,"y3",0.991072018925365
13,10,2,"y4",0.845591411926874
13,10,2,"y5",0.652675297455631
13,10,3,"y1",0.92304630381675
13,10,3,"y2",0.964983384200241
13,10,3,"y3",0.957044865208282
13,10,3,"y4",0.831183080761821
13,10,3,"y5",0.739279366418239
13,10,4,"y1",0.922196980190057
13,10,4,"y2",0.912109745081179
13,10,4,"y3",0.945182260293615
13,10,4,"y4",0.944974520071783
13,10,4,"y5",0.737766111530948
14,1,1,"y1",0.896530467786143
14,1,1,"y2",0.95870630490674
14,1,1,"y3",0.830797526719951
14,1,1,"y4",0.699969410785212
14,1,1,"y5",0.72781793175207
14,1,2,"y1",0.798383962807439
14,1,2,"y2",0.913030315511394
14,1,2,"y3",0.761164084164953
14,1,2,"y4",0.80642093980685
14,1,2,"y5",0.709496601858202
14,1,3,"y1",0.924747986146626
14,1,3,"y2",0.867292255351182
14,1,3,"y3",0.727749264826576
14,1,3,"y4",0.787640334633275
14,1,3,"y5",0.768495566225492
14,1,4,"y1",0.841592023298111
14,1,4,"y2",0.868609750029171
14,1,4,"y3",0.757891029507757
14,1,4,"y4",0.898084949002551
14,1,4,"y5",0.797012089299558
14,2,1,"y1",0.855537379520951
14,2,1,"y2",0.964370015284039
14,2,1,"y3",0.817369251630913
14,2,1,"y4",0.753979697879857
14,2,1,"y5",0.728639402390244
14,2,2,"y1",0.869686285022632
14,2,2,"y2",0.897313342282801
14,2,2,"y3",0.861722762971385
14,2,2,"y4",0.748774662035512
14,2,2,"y5",0.709856934787035
14,2,3,"y1",0.93960398332931
14,2,3,"y2",0.886493411906196
14,2,3,"y3",0.776321957183118
14,2,3,"y4",0.762931024402098
14,2,3,"y5",0.773350462599139
14,2,4,"y1",0.870242607281201
14,2,4,"y2",0.935702936730009
14,2,4,"y3",0.843122736851575
14,2,4,"y4",0.911373236300815
14,2,4,"y5",0.745572768083881
14,3,1,"y1",0.80166207673451
14,3,1,"y2",0.950545316143838
14,3,1,"y3",0.846797005622025
14,3,1,"y4",0.738304614927901
14,3,1,"y5",0.747987344791137
14,3,2,"y1",0.955259501936994
14,3,2,"y2",0.871803420677037
14,3,2,"y3",0.885125287719728
14,3,2,"y4",0.731879079244673
14,3,2,"y5",0.691749523667232
14,3,3,"y1",0.987739371502147
14,3,3,"y2",0.934182272728635
14,3,3,"y3",0.812749681253396
14,3,3,"y4",0.754708843339347
14,3,3,"y5",0.79971876074722
14,3,4,"y1",0.938838318895066
14,3,4,"y2",0.938411014234509
14,3,4,"y3",0.898407155721668
14,3,4,"y4",0.912560231835032
14,3,4,"y5",0.731049903027352
14,4,1,"y1",0.84956823363783
14,4,1,"y2",0.977521588510856
14,4,1,"y3",0.840285650236748
14,4,1,"y4",0.767981872755103
14,4,1,"y5",0.753396790155372
14,4,2,"y1",0.973251044173474
14,4,2,"y2",0.852774690178528
14,4,2,"y3",0.892294843228164
14,4,2,"y4",0.755282984727709
14,4,2,"y5",0.643445417433399
14,4,3,"y1",0.962057159953421
14,4,3,"y2",0.96074044376702
14,4,3,"y3",0.828448582355427
14,4,3,"y4",0.769232673877164
14,4,3,"y5",0.811386552205837
14,4,4,"y1",0.964695280271695
14,4,4,"y2",0.954328872482052
14,4,4,"y3",0.883675222898131
14,4,4,"y4",0.95366742341923
14,4,4,"y5",0.737259190756544
14,5,1,"y1",0.886422117358258
14,5,1,"y2",0.972426540492257
14,5,1,"y3",0.837153084325215
14,5,1,"y4",0.761792738907257
14,5,1,"y5",0.722793355602702
14,5,2,"y1",0.986973665027097
14,5,2,"y2",0.857622612872332
14,5,2,"y3",0.862098928510744
14,5,2,"y4",0.751583102600718
14,5,2,"y5",0.645312757183255
14,5,3,"y1",0.952868181712508
14,5,3,"y2",0.977328471366895
14,5,3,"y3",0.83950915729602
14,5,3,"y4",0.745335067089561
14,5,3,"y5",0.814339934132815
14,5,4,"y1",0.954764963300016
14,5,4,"y2",0.975651716678201
14,5,4,"y3",0.904567293481138
14,5,4,"y4",0.931564463647839
14,5,4,"y5",0.740140423913558
14,6,1,"y1",0.892370914978326
14,6,1,"y2",0.984434308052697
14,6,1,"y3",0.844155379968927
14,6,1,"y4",0.762277632061338
14,6,1,"y5",0.73649098310573
14,6,2,"y1",0.993940731415507
14,6,2,"y2",0.902309653414597
14,6,2,"y3",0.882458544255494
14,6,2,"y4",0.743589165104387
14,6,2,"y5",0.662902163390279
14,6,3,"y1",0.984863472441288
14,6,3,"y2",0.974628111378559
14,6,3,"y3",0.866695029219747
14,6,3,"y4",0.767044339285884
14,6,3,"y5",0.825128195332479
14,6,4,"y1",0.971972684456015
14,6,4,"y2",0.983596736371267
14,6,4,"y3",0.911613723502296
14,6,4,"y4",0.925822658204505
14,6,4,"y5",0.735333429553192
14,7,1,"y1",0.893815853915403
14,7,1,"y2",0.979274269022319
14,7,1,"y3",0.830193171751427
14,7,1,"y4",0.761530762113805
14,7,1,"y5",0.728238375784589
14,7,2,"y1",0.99831981313012
14,7,2,"y2",0.88743751314231
14,7,2,"y3",0.869937160629813
14,7,2,"y4",0.751732909985714
14,7,2,"y5",0.674950470296547
14,7,3,"y1",0.988574462693879
14,7,3,"y2",0.967104713548268
14,7,3,"y3",0.8647071458028
14,7,3,"y4",0.743739200817808
14,7,3,"y5",0.819920966349074
14,7,4,"y1",0.968935970978166
14,7,4,"y2",0.983822241007357
14,7,4,"y3",0.903720350701077
14,7,4,"y4",0.917011478506836
14,7,4,"y5",0.731499714924036
14,8,1,"y1",0.897473840433308
14,8,1,"y2",0.985923423311959
14,8,1,"y3",0.820841664816378
14,8,1,"y4",0.778414853420149
14,8,1,"y5",0.746991341779354
14,8,2,"y1",0.998298324816504
14,8,2,"y2",0.895405655521119
14,8,2,"y3",0.858418364787328
14,8,2,"y4",0.756241069014601
14,8,2,"y5",0.679861671044537
14,8,3,"y1",0.983320772680929
14,8,3,"y2",0.96312325157009
14,8,3,"y3",0.858234810411473
14,8,3,"y4",0.725038022313885
14,8,3,"y5",0.832073425577409
14,8,4,"y1",0.97376817068196
14,8,4,"y2",0.982324025229746
14,8,4,"y3",0.907981738224576
14,8,4,"y4",0.91556317594644
14,8,4,"y5",0.743851945047883
14,9,1,"y1",0.891879920965534
14,9,1,"y2",0.999794291114198
14,9,1,"y3",0.81744791687756
14,9,1,"y4",0.766545017924893
14,9,1,"y5",0.743429300892906
14,9,2,"y1",1
14,9,2,"y2",0.879357067784894
14,9,2,"y3",0.861459600299858
14,9,2,"y4",0.742740293596942
14,9,2,"y5",0.694781897336167
14,9,3,"y1",0.983423805958173
14,9,3,"y2",0.959614684936467
14,9,3,"y3",0.863656338366023
14,9,3,"y4",0.714344331854236
14,9,3,"y5",0.831302034806739
14,9,4,"y1",0.972137228856191
14,9,4,"y2",0.978731571309253
14,9,4,"y3",0.892794415746639
14,9,4,"y4",0.896330342229886
14,9,4,"y5",0.728648970709069
14,10,1,"y1",0.88388786967465
14,10,1,"y2",0.998809973628357
14,10,1,"y3",0.809069543825365
14,10,1,"y4",0.750740227214155
14,10,1,"y5",0.75627172262901
14,10,2,"y1",0.999397157067299
14,10,2,"y2",0.891187393596568
14,10,2,"y3",0.875905248095247
14,10,2,"y4",0.759693303604379
14,10,2,"y5",0.673480941223993
14,10,3,"y1",0.980917408791527
14,10,3,"y2",0.958430100747977
14,10,3,"y3",0.867119247542173
14,10,3,"y4",0.718242394911113
14,10,3,"y5",0.844529974824503
14,10,4,"y1",0.972799348911267
14,10,4,"y2",0.982379525854166
14,10,4,"y3",0.890066247341109
14,10,4,"y4",0.880813474272776
14,10,4,"y5",0.714080683683622
15,1,1,"y1",0.807558147072506
15,1,1,"y2",0.883140300678154
15,1,1,"y3",0.801770476233339
15,1,1,"y4",0.898188177845264
15,1,1,"y5",0.642053023511543
15,1,2,"y1",0.809123053603576
15,1,2,"y2",0.93046303115651
15,1,2,"y3",0.798685835288927
15,1,2,"y4",0.919656809799115
15,1,2,"y5",0.7000498869493
15,1,3,"y1",0.868684351575804
15,1,3,"y2",0.865545240318827
15,1,3,"y3",0.846124669418625
15,1,3,"y4",0.762112462562413
15,1,3,"y5",0.676053623839306
15,1,4,"y1",0.641285249757128
15,1,4,"y2",0.654979078490955
15,1,4,"y3",0.529372113049278
15,1,4,"y4",0.977905269586649
15,1,4,"y5",0.523366526393855
15,2,1,"y1",0.846211445827686
15,2,1,"y2",0.898982858858405
15,2,1,"y3",0.769789500945155
15,2,1,"y4",0.902064292841615
15,2,1,"y5",0.635711831950225
15,2,2,"y1",0.83545146702791
15,2,2,"y2",0.860433578985011
15,2,2,"y3",0.810759345368852
15,2,2,"y4",0.929418314468626
15,2,2,"y5",0.673504456967482
15,2,3,"y1",0.938148341013048
15,2,3,"y2",0.852966535397348
15,2,3,"y3",0.762737640145551
15,2,3,"y4",0.910732360667824
15,2,3,"y5",0.669991043594297
15,2,4,"y1",0.713438664737405
15,2,4,"y2",0.682388423625394
15,2,4,"y3",0.584622905981333
15,2,4,"y4",0.981162887728831
15,2,4,"y5",0.513790502436837
15,3,1,"y1",0.949383146508242
15,3,1,"y2",0.957335925595245
15,3,1,"y3",0.783866924365289
15,3,1,"y4",0.925047431988455
15,3,1,"y5",0.649950343627158
15,3,2,"y1",0.905276290214415
15,3,2,"y2",0.851880973245937
15,3,2,"y3",0.827712306769774
15,3,2,"y4",0.941636594978218
15,3,2,"y5",0.67786881347435
15,3,3,"y1",0.964128339058893
15,3,3,"y2",0.887974320501338
15,3,3,"y3",0.752623249776023
15,3,3,"y4",0.915198373477453
15,3,3,"y5",0.685437619095781
15,3,4,"y1",0.750022917340526
15,3,4,"y2",0.692132042090392
15,3,4,"y3",0.639825835817647
15,3,4,"y4",0.977594256651766
15,3,4,"y5",0.54299466080689
15,4,1,"y1",0.959301524123224
15,4,1,"y2",0.921860122217607
15,4,1,"y3",0.764679985645382
15,4,1,"y4",0.933922092734832
15,4,1,"y5",0.634023786153431
15,4,2,"y1",0.921602398241151
15,4,2,"y2",0.846979550581894
15,4,2,"y3",0.848161524975092
15,4,2,"y4",0.928321819682737
15,4,2,"y5",0.657939595648015
15,4,3,"y1",0.967247886495714
15,4,3,"y2",0.883759998513032
15,4,3,"y3",0.795840110651094
15,4,3,"y4",0.927439557572831
15,4,3,"y5",0.699475426388156
15,4,4,"y1",0.779306612843963
15,4,4,"y2",0.706377337231107
15,4,4,"y3",0.671364979218408
15,4,4,"y4",1
15,4,4,"y5",0.522380676853361
15,5,1,"y1",0.993769903792493
15,5,1,"y2",0.936930702251602
15,5,1,"y3",0.787485008903848
15,5,1,"y4",0.947023259149187
15,5,1,"y5",0.663635011147537
15,5,2,"y1",0.944879927450423
15,5,2,"y2",0.79449861444024
15,5,2,"y3",0.844187044718483
15,5,2,"y4",0.924349907438229
15,5,2,"y5",0.627080219151659
15,5,3,"y1",0.999845648646388
15,5,3,"y2",0.910296537915179
15,5,3,"y3",0.832250334812778
15,5,3,"y4",0.914815511071337
15,5,3,"y5",0.710793991834179
15,5,4,"y1",0.82018974133185
15,5,4,"y2",0.731624599230778
15,5,4,"y3",0.69282100781154
15,5,4,"y4",1
15,5,4,"y5",0.508439161955264
15,6,1,"y1",0.991819903522586
15,6,1,"y2",0.936249736597602
15,6,1,"y3",0.798784616143044
15,6,1,"y4",0.942598929882997
15,6,1,"y5",0.667064892009211
15,6,2,"y1",0.955497585547888
15,6,2,"y2",0.789079824653406
15,6,2,"y3",0.859373982756015
15,6,2,"y4",0.943770116572982
15,6,2,"y5",0.61189022740595
15,6,3,"y1",0.996952519436212
15,6,3,"y2",0.919693097408958
15,6,3,"y3",0.843762459704417
15,6,3,"y4",0.914641482078951
15,6,3,"y5",0.738971923308014
15,6,4,"y1",0.833766759095172
15,6,4,"y2",0.757183282868035
15,6,4,"y3",0.706670324754935
15,6,4,"y4",0.999478946513627
15,6,4,"y5",0.523765035366667
15,7,1,"y1",0.993051077690822
15,7,1,"y2",0.942105354652894
15,7,1,"y3",0.817533814417781
15,7,1,"y4",0.949213176672065
15,7,1,"y5",0.673964698954581
15,7,2,"y1",0.966395632093055
15,7,2,"y2",0.811562356183193
15,7,2,"y3",0.879146734606111
15,7,2,"y4",0.959821417326707
15,7,2,"y5",0.603406052846712
15,7,3,"y1",0.999361548622169
15,7,3,"y2",0.92588285885776
15,7,3,"y3",0.860076034230908
15,7,3,"y4",0.918851790943511
15,7,3,"y5",0.746994554616895
15,7,4,"y1",0.832687311982826
15,7,4,"y2",0.751102753927099
15,7,4,"y3",0.69864052546171
15,7,4,"y4",1
15,7,4,"y5",0.529542605136862
15,8,1,"y1",0.994061449844021
15,8,1,"y2",0.941606375516203
15,8,1,"y3",0.827351696396112
15,8,1,"y4",0.950881892307022
15,8,1,"y5",0.678370986619519
15,8,2,"y1",0.963948200788142
15,8,2,"y2",0.799570776467258
15,8,2,"y3",0.884257188279338
15,8,2,"y4",0.967742736318654
15,8,2,"y5",0.608420295220925
15,8,3,"y1",0.994959303972582
15,8,3,"y2",0.925480572642993
15,8,3,"y3",0.862916030357562
15,8,3,"y4",0.931014576150798
15,8,3,"y5",0.741730902005951
15,8,4,"y1",0.848192802299608
15,8,4,"y2",0.773287773987347
15,8,4,"y3",0.727720950257532
15,8,4,"y4",1
15,8,4,"y5",0.545984532100104
15,9,1,"y1",0.992650541763587
15,9,1,"y2",0.943800331255861
15,9,1,"y3",0.835086022849544
15,9,1,"y4",0.93983239062946
15,9,1,"y5",0.677736526454245
15,9,2,"y1",0.967122801152922
15,9,2,"y2",0.801422010021378
15,9,2,"y3",0.87881515869497
15,9,2,"y4",0.9736257718878
15,9,2,"y5",0.623569278603378
15,9,3,"y1",0.997989311695034
15,9,3,"y2",0.921409588145459
15,9,3,"y3",0.842243469682131
15,9,3,"y4",0.906172173557704
15,9,3,"y5",0.72322559343694
15,9,4,"y1",0.847101275612573
15,9,4,"y2",0.761443830927628
15,9,4,"y3",0.718308589684704
15,9,4,"y4",0.998811801221651
15,9,4,"y5",0.530778684085712
15,10,1,"y1",0.988692363858178
15,10,1,"y2",0.95010909178982
15,10,1,"y3",0.828699989146045
15,10,1,"y4",0.957496656400162
15,10,1,"y5",0.677014993352744
15,10,2,"y1",0.980477328935312
15,10,2,"y2",0.806980524647113
15,10,2,"y3",0.867884860831701
15,10,2,"y4",0.952636236637979
15,10,2,"y5",0.608349736616505
15,10,3,"y1",0.991577509237531
15,10,3,"y2",0.931259651744941
15,10,3,"y3",0.850042034925807
15,10,3,"y4",0.900495065730086
15,10,3,"y5",0.7216053711181
15,10,4,"y1",0.841374962684984
15,10,4,"y2",0.750339012611631
15,10,4,"y3",0.710069683834254
15,10,4,"y4",1
15,10,4,"y5",0.539773707624262
16,1,1,"y1",0.746493162979975
16,1,1,"y2",0.929566207134682
16,1,1,"y3",0.806040629201271
16,1,1,"y4",0.725848049822843
16,1,1,"y5",0.758927779660501
16,1,2,"y1",0.728812252969605
16,1,2,"y2",0.859532684933432
16,1,2,"y3",0.760096024534926
16,1,2,"y4",0.777760576396567
16,1,2,"y5",0.733409899482425
16,1,3,"y1",0.772150365697305
16,1,3,"y2",0.967204575683027
16,1,3,"y3",0.775854705923553
16,1,3,"y4",0.779836933717834
16,1,3,"y5",0.749091143020434
16,1,4,"y1",0.898566728351678
16,1,4,"y2",0.892277366732214
16,1,4,"y3",0.800926216430674
16,1,4,"y4",0.847974850275034
16,1,4,"y5",0.750732565711108
16,2,1,"y1",0.741631834892087
16,2,1,"y2",0.952691229706482
16,2,1,"y3",0.761434107981973
16,2,1,"y4",0.735198678050053
16,2,1,"y5",0.667343454371081
16,2,2,"y1",0.811333700377496
16,2,2,"y2",0.803929302669927
16,2,2,"y3",0.722394259374936
16,2,2,"y4",0.889060474011422
16,2,2,"y5",0.689324189752465
16,2,3,"y1",0.784598293760658
16,2,3,"y2",0.963322883849058
16,2,3,"y3",0.871110678845051
16,2,3,"y4",0.754636879724898
16,2,3,"y5",0.756802238198288
16,2,4,"y1",0.849430219430151
16,2,4,"y2",0.91609558669016
16,2,4,"y3",0.8368900080611
16,2,4,"y4",0.827171351323706
16,2,4,"y5",0.779681429173903
16,3,1,"y1",0.793480043951852
16,3,1,"y2",0.969093472855995
16,3,1,"y3",0.765545046784428
16,3,1,"y4",0.765020894341381
16,3,1,"y5",0.71062882410236
16,3,2,"y1",0.815616582878983
16,3,2,"y2",0.805173000205556
16,3,2,"y3",0.672505482800372
16,3,2,"y4",0.995684401379903
16,3,2,"y5",0.679569172572516
16,3,3,"y1",0.827427329986398
16,3,3,"y2",0.95760506043597
16,3,3,"y3",0.826765571918135
16,3,3,"y4",0.84643026770464
16,3,3,"y5",0.74210419211649
16,3,4,"y1",0.897088082621747
16,3,4,"y2",0.958013012923905
16,3,4,"y3",0.868730883990951
16,3,4,"y4",0.831571896857298
16,3,4,"y5",0.79155711192466
16,4,1,"y1",0.847936527568807
16,4,1,"y2",0.962496721224537
16,4,1,"y3",0.776856075207573
16,4,1,"y4",0.784607096570758
16,4,1,"y5",0.68238802174325
16,4,2,"y1",0.853416415363122
16,4,2,"y2",0.844771194779109
16,4,2,"y3",0.742143053309182
16,4,2,"y4",0.986855281823163
16,4,2,"y5",0.687838120423071
16,4,3,"y1",0.827271947413364
16,4,3,"y2",0.960421878210297
16,4,3,"y3",0.875994683672155
16,4,3,"y4",0.827664669984702
16,4,3,"y5",0.734934388129016
16,4,4,"y1",0.916411201416163
16,4,4,"y2",0.938376677317562
16,4,4,"y3",0.847893550965758
16,4,4,"y4",0.898471898216728
16,4,4,"y5",0.856434953036377
16,5,1,"y1",0.858082912582645
16,5,1,"y2",0.991421372023689
16,5,1,"y3",0.820405075081058
16,5,1,"y4",0.750103895116157
16,5,1,"y5",0.727553984656329
16,5,2,"y1",0.895352882929514
16,5,2,"y2",0.899910395696952
16,5,2,"y3",0.800342657395316
16,5,2,"y4",0.927459923275281
16,5,2,"y5",0.723441241047392
16,5,3,"y1",0.868665861630223
16,5,3,"y2",0.950868353648647
16,5,3,"y3",0.874605359340401
16,5,3,"y4",0.867173172140974
16,5,3,"y5",0.732267775847715
16,5,4,"y1",0.920290303164573
16,5,4,"y2",0.963112896476426
16,5,4,"y3",0.858776941525922
16,5,4,"y4",0.922451051118311
16,5,4,"y5",0.844311041762964
16,6,1,"y1",0.860545444645102
16,6,1,"y2",0.99507567401224
16,6,1,"y3",0.826789436537115
16,6,1,"y4",0.762638200284119
16,6,1,"y5",0.728398535583556
16,6,2,"y1",0.889513738845835
16,6,2,"y2",0.881299839604353
16,6,2,"y3",0.8123396223013
16,6,2,"y4",0.937182755160078
16,6,2,"y5",0.713037258638492
16,6,3,"y1",0.925178505915746
16,6,3,"y2",0.922790834791453
16,6,3,"y3",0.881896359455202
16,6,3,"y4",0.873202701337223
16,6,3,"y5",0.7606562806711
16,6,4,"y1",0.906995211520128
16,6,4,"y2",0.973505425921593
16,6,4,"y3",0.866267613085645
16,6,4,"y4",0.902555596616553
16,6,4,"y5",0.854786307327833
16,7,1,"y1",0.854503502853243
16,7,1,"y2",0.978799509932792
16,7,1,"y3",0.802504883251845
16,7,1,"y4",0.804469361670283
16,7,1,"y5",0.715413480739199
16,7,2,"y1",0.891060697187986
16,7,2,"y2",0.897128499505309
16,7,2,"y3",0.823224768850904
16,7,2,"y4",0.945657513518205
16,7,2,"y5",0.722157123317499
16,7,3,"y1",0.932757391685772
16,7,3,"y2",0.936519349995343
16,7,3,"y3",0.889621607338597
16,7,3,"y4",0.889889469700782
16,7,3,"y5",0.761417661269403
16,7,4,"y1",0.916239896680046
16,7,4,"y2",0.98050610616734
16,7,4,"y3",0.876105017276624
16,7,4,"y4",0.865308807846464
16,7,4,"y5",0.847468833036281
16,8,1,"y1",0.864911024631227
16,8,1,"y2",0.988851292146567
16,8,1,"y3",0.808172914941266
16,8,1,"y4",0.806344494047672
16,8,1,"y5",0.713888156754899
16,8,2,"y1",0.911036997755274
16,8,2,"y2",0.947394560866548
16,8,2,"y3",0.849222117850486
16,8,2,"y4",0.915170394118933
16,8,2,"y5",0.739633656113464
16,8,3,"y1",0.954674521117971
16,8,3,"y2",0.934366740889837
16,8,3,"y3",0.881973714344223
16,8,3,"y4",0.868253976286031
16,8,3,"y5",0.766485756139863
16,8,4,"y1",0.899806391773103
16,8,4,"y2",0.979070336069756
16,8,4,"y3",0.87842027940614
16,8,4,"y4",0.87240238259038
16,8,4,"y5",0.831871722693825
16,9,1,"y1",0.859265282548492
16,9,1,"y2",0.984647997899763
16,9,1,"y3",0.80016931719284
16,9,1,"y4",0.802186631921506
16,9,1,"y5",0.710924739791509
16,9,2,"y1",0.925376745314658
16,9,2,"y2",0.920452705137172
16,9,2,"y3",0.80103355903223
16,9,2,"y4",0.975528494842208
16,9,2,"y5",0.727561304473159
16,9,3,"y1",0.977740749367022
16,9,3,"y2",0.933671182377095
16,9,3,"y3",0.889794542614426
16,9,3,"y4",0.888764597740676
16,9,3,"y5",0.78184700589592
16,9,4,"y1",0.891128983857112
16,9,4,"y2",0.978855069441784
16,9,4,"y3",0.868919844622967
16,9,4,"y4",0.874607657998015
16,9,4,"y5",0.850352393173565
16,10,1,"y1",0.861625455164275
16,10,1,"y2",1
16,10,1,"y3",0.82649225323677
16,10,1,"y4",0.775475848450382
16,10,1,"y5",0.720579922984851
16,10,2,"y1",0.92100984548247
16,10,2,"y2",0.931891043651325
16,10,2,"y3",0.825723836990839
16,10,2,"y4",0.983852877775045
16,10,2,"y5",0.717204943109993
16,10,3,"y1",0.983026533923027
16,10,3,"y2",0.935252305637296
16,10,3,"y3",0.889640686443792
16,10,3,"y4",0.872017482453802
16,10,3,"y5",0.788519031342889
16,10,4,"y1",0.905114989424516
16,10,4,"y2",0.978634044890052
16,10,4,"y3",0.861539948182798
16,10,4,"y4",0.8608645464576
16,10,4,"y5",0.837036188640867
17,1,1,"y1",0.867927941874951
17,1,1,"y2",0.964003031494306
17,1,1,"y3",0.867375890181082
17,1,1,"y4",0.814169058185876
17,1,1,"y5",0.70966373096998
17,1,2,"y1",0.814592418985564
17,1,2,"y2",0.915705829033852
17,1,2,"y3",0.729999148739788
17,1,2,"y4",0.810102778289656
17,1,2,"y5",0.819566723427014
17,1,3,"y1",0.953826271397187
17,1,3,"y2",0.792418751204982
17,1,3,"y3",0.744696771427196
17,1,3,"y4",0.68245816101149
17,1,3,"y5",0.617496472352628
17,1,4,"y1",0.863144884625936
17,1,4,"y2",0.821279722064407
17,1,4,"y3",0.699407808582215
17,1,4,"y4",0.972616917292643
17,1,4,"y5",0.68337125021551
17,2,1,"y1",0.878710534419774
17,2,1,"y2",0.962634705758397
17,2,1,"y3",0.838332389842039
17,2,1,"y4",0.802055402699604
17,2,1,"y5",0.699996408742991
17,2,2,"y1",0.892795904580163
17,2,2,"y2",0.825957485506425
17,2,2,"y3",0.809415605781555
17,2,2,"y4",0.79740633766618
17,2,2,"y5",0.744908238307759
17,2,3,"y1",1
17,2,3,"y2",0.781755808058476
17,2,3,"y3",0.740588483985973
17,2,3,"y4",0.701430784903703
17,2,3,"y5",0.667361330167359
17,2,4,"y1",0.909306348458411
17,2,4,"y2",0.823535432856055
17,2,4,"y3",0.776296511152297
17,2,4,"y4",0.950551942712469
17,2,4,"y5",0.685350976543532
17,3,1,"y1",0.942444047208621
17,3,1,"y2",0.965883064594655
17,3,1,"y3",0.812724769907889
17,3,1,"y4",0.808364101319688
17,3,1,"y5",0.714385665126578
17,3,2,"y1",0.89033535463778
17,3,2,"y2",0.852853553970555
17,3,2,"y3",0.819803782026299
17,3,2,"y4",0.794858352391462
17,3,2,"y5",0.676827344259343
17,3,3,"y1",1
17,3,3,"y2",0.83175318024809
17,3,3,"y3",0.76749846116062
17,3,3,"y4",0.725960120569533
17,3,3,"y5",0.719010750988819
17,3,4,"y1",0.97942936730328
17,3,4,"y2",0.779337418677513
17,3,4,"y3",0.824867940890803
17,3,4,"y4",0.929386062705815
17,3,4,"y5",0.685418393193372
17,4,1,"y1",0.953350216038846
17,4,1,"y2",0.966383409580141
17,4,1,"y3",0.816345780940669
17,4,1,"y4",0.844191999785418
17,4,1,"y5",0.709178976772251
17,4,2,"y1",0.911011693305092
17,4,2,"y2",0.847185366257475
17,4,2,"y3",0.811179436442468
17,4,2,"y4",0.776837250618112
17,4,2,"y5",0.675574938556264
17,4,3,"y1",0.995095526216221
17,4,3,"y2",0.905654777520282
17,4,3,"y3",0.814394150806741
17,4,3,"y4",0.758414271819609
17,4,3,"y5",0.758184480315505
17,4,4,"y1",0.983344394451757
17,4,4,"y2",0.786543340671521
17,4,4,"y3",0.85055594403174
17,4,4,"y4",0.908755247545592
17,4,4,"y5",0.687280226649407
17,5,1,"y1",0.985713992179427
17,5,1,"y2",0.94282233716955
17,5,1,"y3",0.811154789802755
17,5,1,"y4",0.836579287893608
17,5,1,"y5",0.684822462951398
17,5,2,"y1",0.943084444538337
17,5,2,"y2",0.82616134845754
17,5,2,"y3",0.842569659652663
17,5,2,"y4",0.772593849174686
17,5,2,"y5",0.684533255979284
17,5,3,"y1",0.989737444555243
17,5,3,"y2",0.934305177764425
17,5,3,"y3",0.833291654780123
17,5,3,"y4",0.762898426049089
17,5,3,"y5",0.761220149432774
17,5,4,"y1",0.980821983691468
17,5,4,"y2",0.817579695079278
17,5,4,"y3",0.847913751072666
17,5,4,"y4",0.923936089264163
17,5,4,"y5",0.698802953250643
17,6,1,"y1",0.981519593255154
17,6,1,"y2",0.935038117466707
17,6,1,"y3",0.815230075430444
17,6,1,"y4",0.827280890765322
17,6,1,"y5",0.685008219815994
17,6,2,"y1",0.977763279346297
17,6,2,"y2",0.796641966146235
17,6,2,"y3",0.825834193729868
17,6,2,"y4",0.777005346839842
17,6,2,"y5",0.666002724963054
17,6,3,"y1",0.994426267039719
17,6,3,"y2",0.94134996287247
17,6,3,"y3",0.834733506131474
17,6,3,"y4",0.765103269380951
17,6,3,"y5",0.750078387921584
17,6,4,"y1",0.970464734125586
17,6,4,"y2",0.802151235880051
17,6,4,"y3",0.851222444908766
17,6,4,"y4",0.888099111013142
17,6,4,"y5",0.686581321781269
17,7,1,"y1",0.991239690880642
17,7,1,"y2",0.924021251823467
17,7,1,"y3",0.807768840180719
17,7,1,"y4",0.835628811362015
17,7,1,"y5",0.679613058405524
17,7,2,"y1",0.998398323285676
17,7,2,"y2",0.780907186649344
17,7,2,"y3",0.800341499996741
17,7,2,"y4",0.759653837118892
17,7,2,"y5",0.658899155862473
17,7,3,"y1",0.996444271592953
17,7,3,"y2",0.944638487210203
17,7,3,"y3",0.83927823039486
17,7,3,"y4",0.799346759624889
17,7,3,"y5",0.756775268478221
17,7,4,"y1",0.995355458106243
17,7,4,"y2",0.816884357818125
17,7,4,"y3",0.824763917965752
17,7,4,"y4",0.879096311250176
17,7,4,"y5",0.710017814195654
17,8,1,"y1",0.988746907630069
17,8,1,"y2",0.929998648260376
17,8,1,"y3",0.821006023854411
17,8,1,"y4",0.848787674107223
17,8,1,"y5",0.676002237371098
17,8,2,"y1",0.99720339837234
17,8,2,"y2",0.796730459654517
17,8,2,"y3",0.804138987029694
17,8,2,"y4",0.746973654496579
17,8,2,"y5",0.666784443062786
17,8,3,"y1",0.992684423097625
17,8,3,"y2",0.942018312367726
17,8,3,"y3",0.847337662468372
17,8,3,"y4",0.784603006872933
17,8,3,"y5",0.748122735120226
17,8,4,"y1",0.987284669289608
17,8,4,"y2",0.820195959537752
17,8,4,"y3",0.829250491058466
17,8,4,"y4",0.887098880905523
17,8,4,"y5",0.702885448495906
17,9,1,"y1",0.986643495560813
17,9,1,"y2",0.948534610943283
17,9,1,"y3",0.827240202890669
17,9,1,"y4",0.845118244448615
17,9,1,"y5",0.700745742231593
17,9,2,"y1",1
17,9,2,"y2",0.784572643512057
17,9,2,"y3",0.77160100186707
17,9,2,"y4",0.741767170943611
17,9,2,"y5",0.648540698219608
17,9,3,"y1",0.990983181919448
17,9,3,"y2",0.949929996247313
17,9,3,"y3",0.852294439594527
17,9,3,"y4",0.786036134414318
17,9,3,"y5",0.751150639854828
17,9,4,"y1",0.986381984158391
17,9,4,"y2",0.813606001216719
17,9,4,"y3",0.823779195475175
17,9,4,"y4",0.869747710010137
17,9,4,"y5",0.696606419364065
17,10,1,"y1",0.991073314131638
17,10,1,"y2",0.945345411811007
17,10,1,"y3",0.827230309831512
17,10,1,"y4",0.846480820788915
17,10,1,"y5",0.715136676884717
17,10,2,"y1",1
17,10,2,"y2",0.790627170928939
17,10,2,"y3",0.772821300006931
17,10,2,"y4",0.732278585159206
17,10,2,"y5",0.658862454390944
17,10,3,"y1",0.991127548870973
17,10,3,"y2",0.95517675374409
17,10,3,"y3",0.842467521278819
17,10,3,"y4",0.779118540934067
17,10,3,"y5",0.746287877907212
17,10,4,"y1",0.995090066298093
17,10,4,"y2",0.817288840204945
17,10,4,"y3",0.813644462764415
17,10,4,"y4",0.863466750811539
17,10,4,"y5",0.709151949451287
18,1,1,"y1",0.810434488886611
18,1,1,"y2",0.985916808436459
18,1,1,"y3",0.733084204577577
18,1,1,"y4",0.757312183026153
18,1,1,"y5",0.620857237947812
18,1,2,"y1",0.802767019305428
18,1,2,"y2",0.975019704975171
18,1,2,"y3",0.799867849860676
18,1,2,"y4",0.7748574343913
18,1,2,"y5",0.61475491130273
18,1,3,"y1",0.869906179593997
18,1,3,"y2",0.899228168871568
18,1,3,"y3",0.755048829735346
18,1,3,"y4",0.771339746701622
18,1,3,"y5",0.645051853539797
18,1,4,"y1",0.781839452578006
18,1,4,"y2",0.882604725383919
18,1,4,"y3",0.614446693771078
18,1,4,"y4",0.971041654690448
18,1,4,"y5",0.651824501051547
18,2,1,"y1",0.78930091422893
18,2,1,"y2",0.996505094313448
18,2,1,"y3",0.69559424467016
18,2,1,"y4",0.733792858005476
18,2,1,"y5",0.548560140552816
18,2,2,"y1",0.851352390548693
18,2,2,"y2",0.963152535129208
18,2,2,"y3",0.788401720811402
18,2,2,"y4",0.732842501824414
18,2,2,"y5",0.615619256006709
18,2,3,"y1",0.938280792420969
18,2,3,"y2",0.928832663372445
18,2,3,"y3",0.752036658766892
18,2,3,"y4",0.780557438178401
18,2,3,"y5",0.654751590922767
18,2,4,"y1",0.79227515889456
18,2,4,"y2",0.920505235801959
18,2,4,"y3",0.652591309621642
18,2,4,"y4",0.973879099539106
18,2,4,"y5",0.645954176343244
18,3,1,"y1",0.768247976807566
18,3,1,"y2",0.982572972056559
18,3,1,"y3",0.689469194130364
18,3,1,"y4",0.754674055041369
18,3,1,"y5",0.515555631328376
18,3,2,"y1",0.867981751056002
18,3,2,"y2",0.957844126190228
18,3,2,"y3",0.825727159605974
18,3,2,"y4",0.693260747012635
18,3,2,"y5",0.627210304809194
18,3,3,"y1",0.930923218270171
18,3,3,"y2",0.907657729765875
18,3,3,"y3",0.74046738707609
18,3,3,"y4",0.784718956805675
18,3,3,"y5",0.628362445257703
18,3,4,"y1",0.838675705951048
18,3,4,"y2",0.960503692093955
18,3,4,"y3",0.699699508846202
18,3,4,"y4",0.953225156533788
18,3,4,"y5",0.671021091807603
18,4,1,"y1",0.832541338113874
18,4,1,"y2",0.979523000190784
18,4,1,"y3",0.697975934791161
18,4,1,"y4",0.788217157667149
18,4,1,"y5",0.514778655245373
18,4,2,"y1",0.874481205645901
18,4,2,"y2",0.9394365504932
18,4,2,"y3",0.811610795190129
18,4,2,"y4",0.7118417906974
18,4,2,"y5",0.631873259992147
18,4,3,"y1",0.966992316280968
18,4,3,"y2",0.957471242447448
18,4,3,"y3",0.748063414353623
18,4,3,"y4",0.798284186959205
18,4,3,"y5",0.669046206886714
18,4,4,"y1",0.863855830225594
18,4,4,"y2",0.969012886813934
18,4,4,"y3",0.729765306946367
18,4,4,"y4",0.935818926168591
18,4,4,"y5",0.663257451066962
18,5,1,"y1",0.850193068425962
18,5,1,"y2",0.985179856369595
18,5,1,"y3",0.701179720512356
18,5,1,"y4",0.753041089954848
18,5,1,"y5",0.508150259427477
18,5,2,"y1",0.919349126862801
18,5,2,"y2",0.926144681479476
18,5,2,"y3",0.810859341427807
18,5,2,"y4",0.78675830786974
18,5,2,"y5",0.658166137613571
18,5,3,"y1",0.963452910238364
18,5,3,"y2",0.963365431723349
18,5,3,"y3",0.761188523108515
18,5,3,"y4",0.792262958066377
18,5,3,"y5",0.664130774109016
18,5,4,"y1",0.866282338689759
18,5,4,"y2",0.979547689615262
18,5,4,"y3",0.770347237065198
18,5,4,"y4",0.924065638806047
18,5,4,"y5",0.693702391202315
18,6,1,"y1",0.827625771411296
18,6,1,"y2",0.99589999141711
18,6,1,"y3",0.736003022222028
18,6,1,"y4",0.763492375628191
18,6,1,"y5",0.510997265609607
18,6,2,"y1",0.991165263426111
18,6,2,"y2",0.918498233582172
18,6,2,"y3",0.791123561344378
18,6,2,"y4",0.768220060018492
18,6,2,"y5",0.642252686714477
18,6,3,"y1",0.959776526672558
18,6,3,"y2",0.973344084205885
18,6,3,"y3",0.762503033802189
18,6,3,"y4",0.800001689906865
18,6,3,"y5",0.650588647864193
18,6,4,"y1",0.875467876028577
18,6,4,"y2",0.992289021773733
18,6,4,"y3",0.765481300030091
18,6,4,"y4",0.916401384920401
18,6,4,"y5",0.681951240934611
18,7,1,"y1",0.824879305604791
18,7,1,"y2",0.997308087658088
18,7,1,"y3",0.727675186757068
18,7,1,"y4",0.762766138814128
18,7,1,"y5",0.521330571999267
18,7,2,"y1",0.988907355756926
18,7,2,"y2",0.915039274481216
18,7,2,"y3",0.766653830793175
18,7,2,"y4",0.762822592404817
18,7,2,"y5",0.649567573842785
18,7,3,"y1",0.950449650760903
18,7,3,"y2",0.966156833640725
18,7,3,"y3",0.766232037929229
18,7,3,"y4",0.797053279555842
18,7,3,"y5",0.657931674164338
18,7,4,"y1",0.889464097141936
18,7,4,"y2",0.993312880101752
18,7,4,"y3",0.763422636111459
18,7,4,"y4",0.914608175169864
18,7,4,"y5",0.68169218689042
18,8,1,"y1",0.862756224546269
18,8,1,"y2",0.987941297182313
18,8,1,"y3",0.735769942459628
18,8,1,"y4",0.752634861460534
18,8,1,"y5",0.533226150980764
18,8,2,"y1",0.99424384354579
18,8,2,"y2",0.935370962998144
18,8,2,"y3",0.772542823175711
18,8,2,"y4",0.760832272504337
18,8,2,"y5",0.63437012678961
18,8,3,"y1",0.954550763349718
18,8,3,"y2",0.98159388287308
18,8,3,"y3",0.772372632026345
18,8,3,"y4",0.811793440434054
18,8,3,"y5",0.664780918664289
18,8,4,"y1",0.898929841159757
18,8,4,"y2",0.989043862052145
18,8,4,"y3",0.764699483368433
18,8,4,"y4",0.924213420789922
18,8,4,"y5",0.692258477064833
18,9,1,"y1",0.810281667534992
18,9,1,"y2",1
18,9,1,"y3",0.729627856099445
18,9,1,"y4",0.747257959637199
18,9,1,"y5",0.52554601234527
18,9,2,"y1",0.994485457207621
18,9,2,"y2",0.937640931407635
18,9,2,"y3",0.775455334321494
18,9,2,"y4",0.766302967886189
18,9,2,"y5",0.621608055489688
18,9,3,"y1",0.9460442753044
18,9,3,"y2",0.979304600301959
18,9,3,"y3",0.777417248499465
18,9,3,"y4",0.817475750381868
18,9,3,"y5",0.660802787117306
18,9,4,"y1",0.891004503225786
18,9,4,"y2",0.996277779974305
18,9,4,"y3",0.762264414321754
18,9,4,"y4",0.908316115569165
18,9,4,"y5",0.688844643418692
18,10,1,"y1",0.81303358594281
18,10,1,"y2",0.992111736702217
18,10,1,"y3",0.735696065934751
18,10,1,"y4",0.751993955814418
18,10,1,"y5",0.535899617095104
18,10,2,"y1",0.996643148857306
18,10,2,"y2",0.910564382138397
18,10,2,"y3",0.766122844221876
18,10,2,"y4",0.75379038918825
18,10,2,"y5",0.622149161318896
18,10,3,"y1",0.941581516607977
18,10,3,"y2",0.98151405251824
18,10,3,"y3",0.764754162156823
18,10,3,"y4",0.812109787422295
18,10,3,"y5",0.656870802818063
18,10,4,"y1",0.897283273631217
18,10,4,"y2",0.997000594653847
18,10,4,"y3",0.753920309235499
18,10,4,"y4",0.914730380020027
18,10,4,"y5",0.685539627393229
19,1,1,"y1",0.670937086046408
19,1,1,"y2",0.980791161479835
19,1,1,"y3",0.675903683487954
19,1,1,"y4",0.758142174009836
19,1,1,"y5",0.5215481717942
19,1,2,"y1",0.661399827116852
19,1,2,"y2",0.99633807151406
19,1,2,"y3",0.730331090870195
19,1,2,"y4",0.792428710735274
19,1,2,"y5",0.604152392510001
19,1,3,"y1",0.827139125706176
19,1,3,"y2",0.957288058956006
19,1,3,"y3",0.757547459493148
19,1,3,"y4",0.786159120533677
19,1,3,"y5",0.622148696387645
19,1,4,"y1",0.680271006580038
19,1,4,"y2",0.747460486649967
19,1,4,"y3",0.537473219444225
19,1,4,"y4",1
19,1,4,"y5",0.49226818014459
19,2,1,"y1",0.740719314074037
19,2,1,"y2",0.981816824213535
19,2,1,"y3",0.770340799423716
19,2,1,"y4",0.814841001272733
19,2,1,"y5",0.573067641949179
19,2,2,"y1",0.793430260246469
19,2,2,"y2",0.966922607654603
19,2,2,"y3",0.800280373063589
19,2,2,"y4",0.819316786602238
19,2,2,"y5",0.680908851868308
19,2,3,"y1",0.90219456556971
19,2,3,"y2",0.944546750586552
19,2,3,"y3",0.731927265790585
19,2,3,"y4",0.79054854203427
19,2,3,"y5",0.69444438519087
19,2,4,"y1",0.753221594343756
19,2,4,"y2",0.790998941432052
19,2,4,"y3",0.626557024770857
19,2,4,"y4",0.999884409645765
19,2,4,"y5",0.505881096985898
19,3,1,"y1",0.791359781176508
19,3,1,"y2",0.932076340230182
19,3,1,"y3",0.759219681506719
19,3,1,"y4",0.85163388235297
19,3,1,"y5",0.596504104890534
19,3,2,"y1",0.750599923931369
19,3,2,"y2",0.980796904322677
19,3,2,"y3",0.80676033702353
19,3,2,"y4",0.764182769090479
19,3,2,"y5",0.634620199571295
19,3,3,"y1",0.882957933596595
19,3,3,"y2",0.975080344184322
19,3,3,"y3",0.740233954254914
19,3,3,"y4",0.830837889139729
19,3,3,"y5",0.706561158406334
19,3,4,"y1",0.790367589931183
19,3,4,"y2",0.851019846521185
19,3,4,"y3",0.685134203820233
19,3,4,"y4",1
19,3,4,"y5",0.525145396006732
19,4,1,"y1",0.849794556864533
19,4,1,"y2",0.985067528452075
19,4,1,"y3",0.773938368727355
19,4,1,"y4",0.81749137848527
19,4,1,"y5",0.609847444728299
19,4,2,"y1",0.893615682407043
19,4,2,"y2",0.970834671796166
19,4,2,"y3",0.865941951086448
19,4,2,"y4",0.856389598032445
19,4,2,"y5",0.63687230224874
19,4,3,"y1",0.847057200735898
19,4,3,"y2",0.975928344291302
19,4,3,"y3",0.74868673337864
19,4,3,"y4",0.827206571634121
19,4,3,"y5",0.686202819316783
19,4,4,"y1",0.81452874543805
19,4,4,"y2",0.862240003415485
19,4,4,"y3",0.728776886169557
19,4,4,"y4",0.996777257115896
19,4,4,"y5",0.53298047194593
19,5,1,"y1",0.8801674680646
19,5,1,"y2",0.989835738448817
19,5,1,"y3",0.789851192694969
19,5,1,"y4",0.849067282932475
19,5,1,"y5",0.593140671980879
19,5,2,"y1",0.955574381743159
19,5,2,"y2",0.949441342332803
19,5,2,"y3",0.864454666957592
19,5,2,"y4",0.853757634743644
19,5,2,"y5",0.629386457526934
19,5,3,"y1",0.828064335076678
19,5,3,"y2",0.978488148018823
19,5,3,"y3",0.737988110504076
19,5,3,"y4",0.820203541867935
19,5,3,"y5",0.670186143540822
19,5,4,"y1",0.812139124739012
19,5,4,"y2",0.887862947895055
19,5,4,"y3",0.761699367738291
19,5,4,"y4",1
19,5,4,"y5",0.525907284021961
19,6,1,"y1",0.871787836868276
19,6,1,"y2",0.990744732929311
19,6,1,"y3",0.808185056299925
19,6,1,"y4",0.853898308602334
19,6,1,"y5",0.599151054667654
19,6,2,"y1",0.965388829944625
19,6,2,"y2",0.957012105061876
19,6,2,"y3",0.85435589627096
19,6,2,"y4",0.871164712265935
19,6,2,"y5",0.636765429016495
19,6,3,"y1",0.836311938590688
19,6,3,"y2",0.982220441678148
19,6,3,"y3",0.767340194952593
19,6,3,"y4",0.808568244724901
19,6,3,"y5",0.658470776082321
19,6,4,"y1",0.826943238273097
19,6,4,"y2",0.908330742251271
19,6,4,"y3",0.767411065284354
19,6,4,"y4",0.978719190323698
19,6,4,"y5",0.530566517500076
19,7,1,"y1",0.882950021542142
19,7,1,"y2",1
19,7,1,"y3",0.835544594414985
19,7,1,"y4",0.838397283423487
19,7,1,"y5",0.613957579198448
19,7,2,"y1",0.935009796106369
19,7,2,"y2",0.974095769913477
19,7,2,"y3",0.850052016611828
19,7,2,"y4",0.851878331073717
19,7,2,"y5",0.667585767059738
19,7,3,"y1",0.836814456708733
19,7,3,"y2",0.981843285112774
19,7,3,"y3",0.77708410020186
19,7,3,"y4",0.819720526367766
19,7,3,"y5",0.653824302712711
19,7,4,"y1",0.820880147701635
19,7,4,"y2",0.909309178408801
19,7,4,"y3",0.774805818773734
19,7,4,"y4",1
19,7,4,"y5",0.549031908696406
19,8,1,"y1",0.890254179402011
19,8,1,"y2",0.997003554937271
19,8,1,"y3",0.818259543356378
19,8,1,"y4",0.838491283576375
19,8,1,"y5",0.618864294915206
19,8,2,"y1",0.972224312161441
19,8,2,"y2",0.962643391579868
19,8,2,"y3",0.852552346749588
19,8,2,"y4",0.88189064409441
19,8,2,"y5",0.664686173960185
19,8,3,"y1",0.831326245663033
19,8,3,"y2",0.976206539485123
19,8,3,"y3",0.784971095739828
19,8,3,"y4",0.815629428343012
19,8,3,"y5",0.649778723503669
19,8,4,"y1",0.825093885127165
19,8,4,"y2",0.909885621079092
19,8,4,"y3",0.766214260412369
19,8,4,"y4",0.991596095935472
19,8,4,"y5",0.546923686587354
19,9,1,"y1",0.882033591978457
19,9,1,"y2",1
19,9,1,"y3",0.814996762290326
19,9,1,"y4",0.827569566168418
19,9,1,"y5",0.622017069374908
19,9,2,"y1",0.969769334381149
19,9,2,"y2",0.980527422518719
19,9,2,"y3",0.872714287266085
19,9,2,"y4",0.881113934875569
19,9,2,"y5",0.668848396845538
19,9,3,"y1",0.826262112667837
19,9,3,"y2",0.987894444315253
19,9,3,"y3",0.783153421225289
19,9,3,"y4",0.8122259770489
19,9,3,"y5",0.654695197449936
19,9,4,"y1",0.836118744083811
19,9,4,"y2",0.909682002095889
19,9,4,"y3",0.767933720291017
19,9,4,"y4",0.996728490931249
19,9,4,"y5",0.561618455361501
19,10,1,"y1",0.884252448318413
19,10,1,"y2",1
19,10,1,"y3",0.812631903929053
19,10,1,"y4",0.825967357418499
19,10,1,"y5",0.622555041452749
19,10,2,"y1",0.978890416509041
19,10,2,"y2",0.97509602436051
19,10,2,"y3",0.869603680444731
19,10,2,"y4",0.88781541186641
19,10,2,"y5",0.664806154659138
19,10,3,"y1",0.825209646969312
19,10,3,"y2",0.991716981769601
19,10,3,"y3",0.787219576411411
19,10,3,"y4",0.800673146996367
19,10,3,"y5",0.652275533437306
19,10,4,"y1",0.834066986082422
19,10,4,"y2",0.93842236378038
19,10,4,"y3",0.77763966420114
19,10,4,"y4",0.988000932779789
19,10,4,"y5",0.577159742366018
20,1,1,"y1",0.898162689661343
20,1,1,"y2",0.886705946720187
20,1,1,"y3",0.743761499973968
20,1,1,"y4",0.841572720899703
20,1,1,"y5",0.835219841724201
20,1,2,"y1",0.867509660075944
20,1,2,"y2",0.868709769509503
20,1,2,"y3",0.747344142751838
20,1,2,"y4",0.859218787908679
20,1,2,"y5",0.881516326169801
20,1,3,"y1",0.929412092353613
20,1,3,"y2",0.900157306259401
20,1,3,"y3",0.783619070405083
20,1,3,"y4",0.864155676777061
20,1,3,"y5",0.717564419692594
20,1,4,"y1",0.805322105469885
20,1,4,"y2",0.76456016456819
20,1,4,"y3",0.618197452425556
20,1,4,"y4",0.970000924226356
20,1,4,"y5",0.623340909377408
20,2,1,"y1",0.951360317945583
20,2,1,"y2",0.917626566606008
20,2,1,"y3",0.713803522394289
20,2,1,"y4",0.83274988838801
20,2,1,"y5",0.77485020738837
20,2,2,"y1",0.892549780124343
20,2,2,"y2",0.916363517618723
20,2,2,"y3",0.811723231663405
20,2,2,"y4",0.83647472717114
20,2,2,"y5",0.820631806438186
20,2,3,"y1",0.980279629823705
20,2,3,"y2",0.825419897790498
20,2,3,"y3",0.716134459133741
20,2,3,"y4",0.823619419056522
20,2,3,"y5",0.742543005546051
20,2,4,"y1",0.8693815986932
20,2,4,"y2",0.809371959581446
20,2,4,"y3",0.673129757748072
20,2,4,"y4",0.972870506127932
20,2,4,"y5",0.684055750262646
20,3,1,"y1",0.983783126696104
20,3,1,"y2",0.909270653012248
20,3,1,"y3",0.805093820841315
20,3,1,"y4",0.818625039608373
20,3,1,"y5",0.764051507516076
20,3,2,"y1",0.970463561675253
20,3,2,"y2",0.869045946201036
20,3,2,"y3",0.89800266382635
20,3,2,"y4",0.796748020762308
20,3,2,"y5",0.788041715137533
20,3,3,"y1",0.996442582325647
20,3,3,"y2",0.843517950050977
20,3,3,"y3",0.763529434835346
20,3,3,"y4",0.867130449699114
20,3,3,"y5",0.741106388505348
20,3,4,"y1",0.948254901275895
20,3,4,"y2",0.836380049461951
20,3,4,"y3",0.704496836427406
20,3,4,"y4",0.961972261867127
20,3,4,"y5",0.723530698072802
20,4,1,"y1",0.972061984011843
20,4,1,"y2",0.871826639055484
20,4,1,"y3",0.773960009395669
20,4,1,"y4",0.835681680078964
20,4,1,"y5",0.761898017484941
20,4,2,"y1",0.968686722487823
20,4,2,"y2",0.82700879391355
20,4,2,"y3",0.869479938789978
20,4,2,"y4",0.796307162281999
20,4,2,"y5",0.774559058984022
20,4,3,"y1",0.99941261395222
20,4,3,"y2",0.913356294968999
20,4,3,"y3",0.795156775194861
20,4,3,"y4",0.848306561757574
20,4,3,"y5",0.744685708616974
20,4,4,"y1",0.962437451123186
20,4,4,"y2",0.859895954066242
20,4,4,"y3",0.748841712916625
20,4,4,"y4",0.95617739568426
20,4,4,"y5",0.725552567874854
20,5,1,"y1",0.992672852367514
20,5,1,"y2",0.883925174625402
20,5,1,"y3",0.799637485960125
20,5,1,"y4",0.850693192286462
20,5,1,"y5",0.762630986311642
20,5,2,"y1",0.96045555344372
20,5,2,"y2",0.833135308643398
20,5,2,"y3",0.842456261817158
20,5,2,"y4",0.787875005771451
20,5,2,"y5",0.778112701976503
20,5,3,"y1",0.998707686089897
20,5,3,"y2",0.934034585827325
20,5,3,"y3",0.802996843123062
20,5,3,"y4",0.86570294161398
20,5,3,"y5",0.751976294658878
20,5,4,"y1",0.972480528416506
20,5,4,"y2",0.868653457177926
20,5,4,"y3",0.751069285730617
20,5,4,"y4",0.970846749522084
20,5,4,"y5",0.707093218180612
20,6,1,"y1",0.987781552145868
20,6,1,"y2",0.891466746871264
20,6,1,"y3",0.794934384029842
20,6,1,"y4",0.846993753932961
20,6,1,"y5",0.750535970406008
20,6,2,"y1",0.970725738840269
20,6,2,"y2",0.825728698357509
20,6,2,"y3",0.853511491744682
20,6,2,"y4",0.771494796453183
20,6,2,"y5",0.716187602954641
20,6,3,"y1",0.993826244739226
20,6,3,"y2",0.93199749279968
20,6,3,"y3",0.814758289556717
20,6,3,"y4",0.866503184555477
20,6,3,"y5",0.746248934693396
20,6,4,"y1",0.967662313978382
20,6,4,"y2",0.869327234493884
20,6,4,"y3",0.744006802122887
20,6,4,"y4",0.976347177287467
20,6,4,"y5",0.708315603449113
20,7,1,"y1",0.988215287070955
20,7,1,"y2",0.883864974063347
20,7,1,"y3",0.791357188511068
20,7,1,"y4",0.835865587508295
20,7,1,"y5",0.752955203075845
20,7,2,"y1",0.989623746174308
20,7,2,"y2",0.796363912005432
20,7,2,"y3",0.847988841849249
20,7,2,"y4",0.762612044367228
20,7,2,"y5",0.714057918078428
20,7,3,"y1",0.986701892059574
20,7,3,"y2",0.927901301783261
20,7,3,"y3",0.805382329456984
20,7,3,"y4",0.845851705741801
20,7,3,"y5",0.746639267153616
20,7,4,"y1",0.968001390335937
20,7,4,"y2",0.87546032332882
20,7,4,"y3",0.744775217654197
20,7,4,"y4",0.957227458435425
20,7,4,"y5",0.690743023030329
20,8,1,"y1",0.991213885238515
20,8,1,"y2",0.868299965573432
20,8,1,"y3",0.78611174437765
20,8,1,"y4",0.839308002301618
20,8,1,"y5",0.734845428930053
20,8,2,"y1",0.994999770991016
20,8,2,"y2",0.785265885978905
20,8,2,"y3",0.843528101732679
20,8,2,"y4",0.763693886950088
20,8,2,"y5",0.703122818781984
20,8,3,"y1",0.98553237354583
20,8,3,"y2",0.932073013843521
20,8,3,"y3",0.812113808119238
20,8,3,"y4",0.84118881272111
20,8,3,"y5",0.749068734875266
20,8,4,"y1",0.98256400338247
20,8,4,"y2",0.889581298940533
20,8,4,"y3",0.749068019480006
20,8,4,"y4",0.956817438893023
20,8,4,"y5",0.690731831574714
20,9,1,"y1",0.99300301653001
20,9,1,"y2",0.874220164711637
20,9,1,"y3",0.80173411109189
20,9,1,"y4",0.843299400034812
20,9,1,"y5",0.765006304321841
20,9,2,"y1",0.998629213411797
20,9,2,"y2",0.778375309984841
20,9,2,"y3",0.833714915465897
20,9,2,"y4",0.760857028350496
20,9,2,"y5",0.697913934000588
20,9,3,"y1",0.990604997488434
20,9,3,"y2",0.933275003814744
20,9,3,"y3",0.815137520099065
20,9,3,"y4",0.833851700396085
20,9,3,"y5",0.742669155382815
20,9,4,"y1",0.976875699686609
20,9,4,"y2",0.878323923915649
20,9,4,"y3",0.747253657608191
20,9,4,"y4",0.945782736118605
20,9,4,"y5",0.67525743190955
20,10,1,"y1",0.994507648268612
20,10,1,"y2",0.884993052720675
20,10,1,"y3",0.802415104091064
20,10,1,"y4",0.844634318029228
20,10,1,"y5",0.749073405107818
20,10,2,"y1",0.996214843480621
20,10,2,"y2",0.795939154031504
20,10,2,"y3",0.839461215896689
20,10,2,"y4",0.772503124946522
20,10,2,"y5",0.70145312030696
20,10,3,"y1",0.984609733130972
20,10,3,"y2",0.940171157640155
20,10,3,"y3",0.814849960280822
20,10,3,"y4",0.834317416846128
20,10,3,"y5",0.736254706155335
20,10,4,"y1",0.975977105746146
20,10,4,"y2",0.885507017679458
20,10,4,"y3",0.746340010857374
20,10,4,"y4",0.947580431910565
20,10,4,"y5",0.664816154195512
21,1,1,"y1",0.816348284158433
21,1,1,"y2",0.991471025788984
21,1,1,"y3",0.739225567154344
21,1,1,"y4",0.753277273268351
21,1,1,"y5",0.723743556928104
21,1,2,"y1",0.776806051901928
21,1,2,"y2",0.998708613761009
21,1,2,"y3",0.754861062818009
21,1,2,"y4",0.782045433177102
21,1,2,"y5",0.69976876784572
21,1,3,"y1",0.878698192089958
21,1,3,"y2",0.936060185475064
21,1,3,"y3",0.796880282638519
21,1,3,"y4",0.795792334268749
21,1,3,"y5",0.746751872749034
21,1,4,"y1",0.77504607852482
21,1,4,"y2",0.885242210170545
21,1,4,"y3",0.628318533382543
21,1,4,"y4",0.972608363820086
21,1,4,"y5",0.611378548262289
21,2,1,"y1",0.731419492379533
21,2,1,"y2",1
21,2,1,"y3",0.698373830730624
21,2,1,"y4",0.742893785086769
21,2,1,"y5",0.649954228670078
21,2,2,"y1",0.772360617214992
21,2,2,"y2",0.965751214490277
21,2,2,"y3",0.779252792540373
21,2,2,"y4",0.774844965383678
21,2,2,"y5",0.672609129717071
21,2,3,"y1",0.875026608459857
21,2,3,"y2",0.985971239850722
21,2,3,"y3",0.794045181991411
21,2,3,"y4",0.779991330188676
21,2,3,"y5",0.69030385103306
21,2,4,"y1",0.807671764391442
21,2,4,"y2",0.859464042252878
21,2,4,"y3",0.614669508143589
21,2,4,"y4",0.972386599980727
21,2,4,"y5",0.620621223238182
21,3,1,"y1",0.808569491739868
21,3,1,"y2",1
21,3,1,"y3",0.741973916935869
21,3,1,"y4",0.779740051980982
21,3,1,"y5",0.677035131074097
21,3,2,"y1",0.862207304004977
21,3,2,"y2",0.962406043195804
21,3,2,"y3",0.821215235716457
21,3,2,"y4",0.838018160453733
21,3,2,"y5",0.680398959069423
21,3,3,"y1",0.863999438480815
21,3,3,"y2",0.986343171475027
21,3,3,"y3",0.783301953290291
21,3,3,"y4",0.770904546183187
21,3,3,"y5",0.681936567745045
21,3,4,"y1",0.82291016682653
21,3,4,"y2",0.900469713920842
21,3,4,"y3",0.66676810296383
21,3,4,"y4",0.972874248131017
21,3,4,"y5",0.674820365219688
21,4,1,"y1",0.863293155303808
21,4,1,"y2",1
21,4,1,"y3",0.775995266013463
21,4,1,"y4",0.787072306642914
21,4,1,"y5",0.61473601082689
21,4,2,"y1",0.88689235149379
21,4,2,"y2",0.971611730657787
21,4,2,"y3",0.859395908957989
21,4,2,"y4",0.838621226118186
21,4,2,"y5",0.655127403015481
21,4,3,"y1",0.865376844441031
21,4,3,"y2",1
21,4,3,"y3",0.784960534551645
21,4,3,"y4",0.797661310093899
21,4,3,"y5",0.710759933678658
21,4,4,"y1",0.855715282016646
21,4,4,"y2",0.934853938592383
21,4,4,"y3",0.71549027343051
21,4,4,"y4",0.961578858005215
21,4,4,"y5",0.653259915083541
21,5,1,"y1",0.870749665841145
21,5,1,"y2",0.99998007745992
21,5,1,"y3",0.778237297705348
21,5,1,"y4",0.798933046437623
21,5,1,"y5",0.64150158117141
21,5,2,"y1",0.876664198222429
21,5,2,"y2",0.980481527985215
21,5,2,"y3",0.85917244175245
21,5,2,"y4",0.846703185295343
21,5,2,"y5",0.631335228409151
21,5,3,"y1",0.848908007090366
21,5,3,"y2",0.999650468220117
21,5,3,"y3",0.791615669699997
21,5,3,"y4",0.791345283918823
21,5,3,"y5",0.71055780656848
21,5,4,"y1",0.870141998152851
21,5,4,"y2",0.965917487899275
21,5,4,"y3",0.743496366391335
21,5,4,"y4",0.956669259848172
21,5,4,"y5",0.680594869166088
21,6,1,"y1",0.890085684695396
21,6,1,"y2",1
21,6,1,"y3",0.771339813634026
21,6,1,"y4",0.800111794682142
21,6,1,"y5",0.649784241885698
21,6,2,"y1",0.923362391360122
21,6,2,"y2",0.992442581208083
21,6,2,"y3",0.87017531025585
21,6,2,"y4",0.865322798445732
21,6,2,"y5",0.637803841013932
21,6,3,"y1",0.844914706345081
21,6,3,"y2",1
21,6,3,"y3",0.808735149340099
21,6,3,"y4",0.766957771813389
21,6,3,"y5",0.689534789957326
21,6,4,"y1",0.867018875104887
21,6,4,"y2",0.970567369391704
21,6,4,"y3",0.773400033870525
21,6,4,"y4",0.951144911806913
21,6,4,"y5",0.655550618323844
21,7,1,"y1",0.888383714521099
21,7,1,"y2",1
21,7,1,"y3",0.771204480145911
21,7,1,"y4",0.817665709182566
21,7,1,"y5",0.657451449352551
21,7,2,"y1",0.92855483700838
21,7,2,"y2",0.992208140213705
21,7,2,"y3",0.859308656654256
21,7,2,"y4",0.88370407139219
21,7,2,"y5",0.632588226879495
21,7,3,"y1",0.848330579447733
21,7,3,"y2",1
21,7,3,"y3",0.805870580347473
21,7,3,"y4",0.774788730732769
21,7,3,"y5",0.694509656051822
21,7,4,"y1",0.873951141521181
21,7,4,"y2",0.981574490243924
21,7,4,"y3",0.773536228835227
21,7,4,"y4",0.944709051957016
21,7,4,"y5",0.664628096647343
21,8,1,"y1",0.894296761747739
21,8,1,"y2",0.997245693729581
21,8,1,"y3",0.770025614897288
21,8,1,"y4",0.817652415404001
21,8,1,"y5",0.672544749703666
21,8,2,"y1",0.940099231415729
21,8,2,"y2",0.988702578862128
21,8,2,"y3",0.872270694033411
21,8,2,"y4",0.902765113568482
21,8,2,"y5",0.649398035418912
21,8,3,"y1",0.857117323799972
21,8,3,"y2",0.999867781803087
21,8,3,"y3",0.814757758516559
21,8,3,"y4",0.763989380652481
21,8,3,"y5",0.706267093046622
21,8,4,"y1",0.870789146764654
21,8,4,"y2",0.97743669246789
21,8,4,"y3",0.779433449076058
21,8,4,"y4",0.933623191612056
21,8,4,"y5",0.683043678732458
21,9,1,"y1",0.886327779290165
21,9,1,"y2",0.997061397427798
21,9,1,"y3",0.765456562393242
21,9,1,"y4",0.819578806187829
21,9,1,"y5",0.69080975059382
21,9,2,"y1",0.942429292741241
21,9,2,"y2",0.988200688125434
21,9,2,"y3",0.872053755360051
21,9,2,"y4",0.897424313807769
21,9,2,"y5",0.648555380720252
21,9,3,"y1",0.860339517832912
21,9,3,"y2",1
21,9,3,"y3",0.816816321786249
21,9,3,"y4",0.777857625552092
21,9,3,"y5",0.713518644442041
21,9,4,"y1",0.865840322658677
21,9,4,"y2",0.971696432530286
21,9,4,"y3",0.768870896538401
21,9,4,"y4",0.924526557790303
21,9,4,"y5",0.675424514794082
21,10,1,"y1",0.87178964100393
21,10,1,"y2",1
21,10,1,"y3",0.765159241016164
21,10,1,"y4",0.802149004252457
21,10,1,"y5",0.679015585402394
21,10,2,"y1",0.936438435704146
21,10,2,"y2",0.987911245639056
21,10,2,"y3",0.872750961590295
21,10,2,"y4",0.907723428627869
21,10,2,"y5",0.656958713193248
21,10,3,"y1",0.864405584154265
21,10,3,"y2",0.999855051629666
21,10,3,"y3",0.81075632196282
21,10,3,"y4",0.780138594512337
21,10,3,"y5",0.711553463203994
21,10,4,"y1",0.861325193217881
21,10,4,"y2",0.982185139470064
21,10,4,"y3",0.777068441401291
21,10,4,"y4",0.91498869626885
21,10,4,"y5",0.663453638718374
22,1,1,"y1",0.849640499149446
22,1,1,"y2",0.856252761323226
22,1,1,"y3",0.760320907124326
22,1,1,"y4",0.849597198136736
22,1,1,"y5",0.733152212091828
22,1,2,"y1",0.8808029145917
22,1,2,"y2",0.924439934127417
22,1,2,"y3",0.770964061345684
22,1,2,"y4",0.859586409630522
22,1,2,"y5",0.655413265807954
22,1,3,"y1",1
22,1,3,"y2",0.712763596586088
22,1,3,"y3",0.624621446481165
22,1,3,"y4",0.850442863614667
22,1,3,"y5",0.594735793542543
22,1,4,"y1",0.865709263977005
22,1,4,"y2",0.773343176616446
22,1,4,"y3",0.648642208596337
22,1,4,"y4",0.956971284304185
22,1,4,"y5",0.5753515119849
22,2,1,"y1",0.863564596616334
22,2,1,"y2",0.988229816253989
22,2,1,"y3",0.745780696774727
22,2,1,"y4",0.866510451560356
22,2,1,"y5",0.613933702178684
22,2,2,"y1",0.956204036137152
22,2,2,"y2",0.853950389289341
22,2,2,"y3",0.763889930836027
22,2,2,"y4",0.857317545062864
22,2,2,"y5",0.712141810346149
22,2,3,"y1",0.976619935746099
22,2,3,"y2",0.721905034917808
22,2,3,"y3",0.723559953693763
22,2,3,"y4",0.843351588444091
22,2,3,"y5",0.733167170216323
22,2,4,"y1",0.945105856250058
22,2,4,"y2",0.809839745810344
22,2,4,"y3",0.736723107593646
22,2,4,"y4",0.988502014483454
22,2,4,"y5",0.627582251812609
22,3,1,"y1",0.903010983211707
22,3,1,"y2",0.991264261243805
22,3,1,"y3",0.759617773466117
22,3,1,"y4",0.877434897056122
22,3,1,"y5",0.691433789664121
22,3,2,"y1",0.98202721020348
22,3,2,"y2",0.846410882961163
22,3,2,"y3",0.767206706168843
22,3,2,"y4",0.854627722853261
22,3,2,"y5",0.712937517726689
22,3,3,"y1",0.972492874741965
22,3,3,"y2",0.85397099672575
22,3,3,"y3",0.816022448859501
22,3,3,"y4",0.921745052246606
22,3,3,"y5",0.78725613294278
22,3,4,"y1",0.964890182894646
22,3,4,"y2",0.808843652831575
22,3,4,"y3",0.758176034736569
22,3,4,"y4",0.981571217305387
22,3,4,"y5",0.624481256951496
22,4,1,"y1",0.961254369377824
22,4,1,"y2",0.973241619296983
22,4,1,"y3",0.763535912534366
22,4,1,"y4",0.902580446323123
22,4,1,"y5",0.695874087491381
22,4,2,"y1",0.968378753841494
22,4,2,"y2",0.855730121839889
22,4,2,"y3",0.858474343547182
22,4,2,"y4",0.833138311373157
22,4,2,"y5",0.689167622435053
22,4,3,"y1",0.980187284316205
22,4,3,"y2",0.829147150514362
22,4,3,"y3",0.798524987348886
22,4,3,"y4",0.922137770027712
22,4,3,"y5",0.803121816110925
22,4,4,"y1",0.972854169829537
22,4,4,"y2",0.846416659111998
22,4,4,"y3",0.785492371000753
22,4,4,"y4",0.984501416902915
22,4,4,"y5",0.62869944051698
22,5,1,"y1",0.973130798513871
22,5,1,"y2",0.97472595285244
22,5,1,"y3",0.785173483942952
22,5,1,"y4",0.902498589557743
22,5,1,"y5",0.696294893167474
22,5,2,"y1",0.988953468722853
22,5,2,"y2",0.837618693895296
22,5,2,"y3",0.818446019695111
22,5,2,"y4",0.816577599376991
22,5,2,"y5",0.721845175987036
22,5,3,"y1",0.996585770689341
22,5,3,"y2",0.837815942647768
22,5,3,"y3",0.795281501626055
22,5,3,"y4",0.891568571376621
22,5,3,"y5",0.845863628772486
22,5,4,"y1",0.982310357003358
22,5,4,"y2",0.835912294600786
22,5,4,"y3",0.77737992410558
22,5,4,"y4",0.977003143735374
22,5,4,"y5",0.635689508952853
22,6,1,"y1",0.978101724246959
22,6,1,"y2",0.967007248607162
22,6,1,"y3",0.793429316507812
22,6,1,"y4",0.919759130387129
22,6,1,"y5",0.696658299912611
22,6,2,"y1",1
22,6,2,"y2",0.838689767402586
22,6,2,"y3",0.813326814345836
22,6,2,"y4",0.837673537905055
22,6,2,"y5",0.654436605636478
22,6,3,"y1",1
22,6,3,"y2",0.853347335141018
22,6,3,"y3",0.820763521226971
22,6,3,"y4",0.901471298369039
22,6,3,"y5",0.829306207557811
22,6,4,"y1",0.990947094364895
22,6,4,"y2",0.849727325432456
22,6,4,"y3",0.797603595482454
22,6,4,"y4",0.972643022663769
22,6,4,"y5",0.636490929172168
22,7,1,"y1",0.989117282725481
22,7,1,"y2",0.956999736268449
22,7,1,"y3",0.782123287010689
22,7,1,"y4",0.914264347516871
22,7,1,"y5",0.690746735186421
22,7,2,"y1",1
22,7,2,"y2",0.841038998808146
22,7,2,"y3",0.790554972306579
22,7,2,"y4",0.841852772355353
22,7,2,"y5",0.675569082533056
22,7,3,"y1",1
22,7,3,"y2",0.848061427171053
22,7,3,"y3",0.829890377024354
22,7,3,"y4",0.892194653262049
22,7,3,"y5",0.80054473826826
22,7,4,"y1",0.988277633118292
22,7,4,"y2",0.856150823023957
22,7,4,"y3",0.794078081674215
22,7,4,"y4",0.96792657432161
22,7,4,"y5",0.651480282968746
22,8,1,"y1",0.981490230726174
22,8,1,"y2",0.966561447569505
22,8,1,"y3",0.78220419188645
22,8,1,"y4",0.91839858381196
22,8,1,"y5",0.691300067297637
22,8,2,"y1",0.994684038287604
22,8,2,"y2",0.839528352769708
22,8,2,"y3",0.797538558823746
22,8,2,"y4",0.843729584492499
22,8,2,"y5",0.689491934326049
22,8,3,"y1",0.993302410549825
22,8,3,"y2",0.857223170273417
22,8,3,"y3",0.851010380638443
22,8,3,"y4",0.874770854051771
22,8,3,"y5",0.840905735064776
22,8,4,"y1",0.989797293537939
22,8,4,"y2",0.86361228172566
22,8,4,"y3",0.805174129386491
22,8,4,"y4",0.964784502781293
22,8,4,"y5",0.65564986778785
22,9,1,"y1",0.974549563841922
22,9,1,"y2",0.963668122843545
22,9,1,"y3",0.781721144434897
22,9,1,"y4",0.905052975282596
22,9,1,"y5",0.67156007090614
22,9,2,"y1",0.9923360297657
22,9,2,"y2",0.834361353394567
22,9,2,"y3",0.817387815194168
22,9,2,"y4",0.851327472360607
22,9,2,"y5",0.730969098056922
22,9,3,"y1",0.992302808197219
22,9,3,"y2",0.848856604845365
22,9,3,"y3",0.847218490065203
22,9,3,"y4",0.890094468243986
22,9,3,"y5",0.888439807032714
22,9,4,"y1",0.991253811013982
22,9,4,"y2",0.868703354697772
22,9,4,"y3",0.80676889480394
22,9,4,"y4",0.970079379674489
22,9,4,"y5",0.657799304155568
22,10,1,"y1",0.97869728134272
22,10,1,"y2",0.972159547641065
22,10,1,"y3",0.778115883727473
22,10,1,"y4",0.906311405757474
22,10,1,"y5",0.667462822481089
22,10,2,"y1",0.998258202212584
22,10,2,"y2",0.827777236229875
22,10,2,"y3",0.822981467496702
22,10,2,"y4",0.860841957396161
22,10,2,"y5",0.747541949238872
22,10,3,"y1",0.987028558120235
22,10,3,"y2",0.862054494027698
22,10,3,"y3",0.861904618233105
22,10,3,"y4",0.887894244536099
22,10,3,"y5",0.853668974336974
22,10,4,"y1",0.992589736559303
22,10,4,"y2",0.874536900901883
22,10,4,"y3",0.813729547758184
22,10,4,"y4",0.967594194288665
22,10,4,"y5",0.656544060268732
23,1,1,"y1",0.819559433398478
23,1,1,"y2",0.929371752054697
23,1,1,"y3",0.931832145505853
23,1,1,"y4",0.688974719478288
23,1,1,"y5",0.721162034260451
23,1,2,"y1",0.727140996037324
23,1,2,"y2",0.961042298362895
23,1,2,"y3",0.797935003462011
23,1,2,"y4",0.795722471701557
23,1,2,"y5",0.824621388261788
23,1,3,"y1",0.915182468515934
23,1,3,"y2",0.829050597401055
23,1,3,"y3",0.874485467052763
23,1,3,"y4",0.696149483267855
23,1,3,"y5",0.63587733724074
23,1,4,"y1",0.747985505750599
23,1,4,"y2",0.876395193978544
23,1,4,"y3",0.689597829484124
23,1,4,"y4",0.91536575596718
23,1,4,"y5",0.652406939531929
23,2,1,"y1",0.849507965094203
23,2,1,"y2",0.974478946143968
23,2,1,"y3",0.877373770717992
23,2,1,"y4",0.773429112247533
23,2,1,"y5",0.702545770529558
23,2,2,"y1",0.782792798571421
23,2,2,"y2",0.953319555806449
23,2,2,"y3",0.840028938017596
23,2,2,"y4",0.809307967604891
23,2,2,"y5",0.743535528540133
23,2,3,"y1",0.893641885326645
23,2,3,"y2",0.921511259278515
23,2,3,"y3",0.894586564340054
23,2,3,"y4",0.788966296179584
23,2,3,"y5",0.647776846329166
23,2,4,"y1",0.862835151505327
23,2,4,"y2",0.927945998860587
23,2,4,"y3",0.809264379166953
23,2,4,"y4",0.944898364840064
23,2,4,"y5",0.639665759959197
23,3,1,"y1",0.894598831884241
23,3,1,"y2",0.986820253421413
23,3,1,"y3",0.850942585776109
23,3,1,"y4",0.836857381325039
23,3,1,"y5",0.737618640027983
23,3,2,"y1",0.919270104953845
23,3,2,"y2",0.852391931258275
23,3,2,"y3",0.898601103674046
23,3,2,"y4",0.754981685202219
23,3,2,"y5",0.705403175888085
23,3,3,"y1",0.89979661771455
23,3,3,"y2",0.95633096323823
23,3,3,"y3",0.921743195701852
23,3,3,"y4",0.82337981012211
23,3,3,"y5",0.676063814568975
23,3,4,"y1",0.893802269371505
23,3,4,"y2",0.927164208475259
23,3,4,"y3",0.862587966110533
23,3,4,"y4",0.973713160830383
23,3,4,"y5",0.633142467121961
23,4,1,"y1",0.926074045362409
23,4,1,"y2",0.99123106576362
23,4,1,"y3",0.857739825308388
23,4,1,"y4",0.848169072324697
23,4,1,"y5",0.771184040918543
23,4,2,"y1",0.959868081630586
23,4,2,"y2",0.826651309821775
23,4,2,"y3",0.858416248472796
23,4,2,"y4",0.765011010369932
23,4,2,"y5",0.607651594970709
23,4,3,"y1",0.922813386788656
23,4,3,"y2",0.979186278013094
23,4,3,"y3",0.938209401042969
23,4,3,"y4",0.744834448422707
23,4,3,"y5",0.711183936073888
23,4,4,"y1",0.925289915979972
23,4,4,"y2",0.94568096455308
23,4,4,"y3",0.881336884745983
23,4,4,"y4",0.969178922967194
23,4,4,"y5",0.613160138978512
23,5,1,"y1",0.919192423664979
23,5,1,"y2",0.979990741871954
23,5,1,"y3",0.865551627514262
23,5,1,"y4",0.821736674003851
23,5,1,"y5",0.767219296178464
23,5,2,"y1",0.949493935352462
23,5,2,"y2",0.865073794434912
23,5,2,"y3",0.857992878373814
23,5,2,"y4",0.77749547618395
23,5,2,"y5",0.624148217709274
23,5,3,"y1",0.929864535662681
23,5,3,"y2",0.982862993857656
23,5,3,"y3",0.951106688725287
23,5,3,"y4",0.751505946281061
23,5,3,"y5",0.713132570974874
23,5,4,"y1",0.942397684171293
23,5,4,"y2",0.970915791772826
23,5,4,"y3",0.876124295336831
23,5,4,"y4",0.955542601745056
23,5,4,"y5",0.605614411272133
23,6,1,"y1",0.935369125839379
23,6,1,"y2",0.987239905815818
23,6,1,"y3",0.867435798142761
23,6,1,"y4",0.845498646601539
23,6,1,"y5",0.777035204989526
23,6,2,"y1",0.978865881822567
23,6,2,"y2",0.876549083784981
23,6,2,"y3",0.897284583123955
23,6,2,"y4",0.773617186319731
23,6,2,"y5",0.652116726675928
23,6,3,"y1",0.919642402297802
23,6,3,"y2",0.974024166506168
23,6,3,"y3",0.953906153806494
23,6,3,"y4",0.756858134313045
23,6,3,"y5",0.703734396166949
23,6,4,"y1",0.935426704832679
23,6,4,"y2",0.968638135301102
23,6,4,"y3",0.875199482311825
23,6,4,"y4",0.942912384191648
23,6,4,"y5",0.603748386522975
23,7,1,"y1",0.94052221114738
23,7,1,"y2",0.98909377995101
23,7,1,"y3",0.858797110574857
23,7,1,"y4",0.856707756043999
23,7,1,"y5",0.781238251833175
23,7,2,"y1",0.979543916961014
23,7,2,"y2",0.894305553078582
23,7,2,"y3",0.882886778432749
23,7,2,"y4",0.770483004364604
23,7,2,"y5",0.65714601449372
23,7,3,"y1",0.911386983559089
23,7,3,"y2",0.985821163882878
23,7,3,"y3",0.946005535308541
23,7,3,"y4",0.754949488347654
23,7,3,"y5",0.701490907453087
23,7,4,"y1",0.939215735713573
23,7,4,"y2",0.971138489160932
23,7,4,"y3",0.869163993431529
23,7,4,"y4",0.931958624041791
23,7,4,"y5",0.614517805897968
23,8,1,"y1",0.94016720470829
23,8,1,"y2",0.988894906736236
23,8,1,"y3",0.866741815651924
23,8,1,"y4",0.855575563574128
23,8,1,"y5",0.777228577185746
23,8,2,"y1",0.997216079159299
23,8,2,"y2",0.853733537000639
23,8,2,"y3",0.853666972255028
23,8,2,"y4",0.733219740688016
23,8,2,"y5",0.624544460996487
23,8,3,"y1",0.909696084109356
23,8,3,"y2",0.986142721353116
23,8,3,"y3",0.950935847393518
23,8,3,"y4",0.75128574726149
23,8,3,"y5",0.708437155278259
23,8,4,"y1",0.947501736757577
23,8,4,"y2",0.981766316606226
23,8,4,"y3",0.865948312982548
23,8,4,"y4",0.925959063533402
23,8,4,"y5",0.614024185418767
23,9,1,"y1",0.937456508318805
23,9,1,"y2",0.982533248751557
23,9,1,"y3",0.871466740075587
23,9,1,"y4",0.85587008924353
23,9,1,"y5",0.778140564680443
23,9,2,"y1",0.998357901879195
23,9,2,"y2",0.858109533340949
23,9,2,"y3",0.848074273012684
23,9,2,"y4",0.736742816360349
23,9,2,"y5",0.625539254589716
23,9,3,"y1",0.909321779718347
23,9,3,"y2",0.981167905849815
23,9,3,"y3",0.946147043830639
23,9,3,"y4",0.756841833208521
23,9,3,"y5",0.71753161209149
23,9,4,"y1",0.945013507274619
23,9,4,"y2",0.98144081860992
23,9,4,"y3",0.863034842585711
23,9,4,"y4",0.91872772955917
23,9,4,"y5",0.604948650827325
23,10,1,"y1",0.93757422141776
23,10,1,"y2",0.984908014651156
23,10,1,"y3",0.855818257634263
23,10,1,"y4",0.857981943880779
23,10,1,"y5",0.791890288385596
23,10,2,"y1",0.985785281146675
23,10,2,"y2",0.874001698313536
23,10,2,"y3",0.868168443871548
23,10,2,"y4",0.724860450637343
23,10,2,"y5",0.62701380325259
23,10,3,"y1",0.905513672786823
23,10,3,"y2",0.98403547685684
23,10,3,"y3",0.958718692831398
23,10,3,"y4",0.758830851401799
23,10,3,"y5",0.719002506836612
23,10,4,"y1",0.951468562913258
23,10,4,"y2",0.9830271244943
23,10,4,"y3",0.865026758230206
23,10,4,"y4",0.937893524337106
23,10,4,"y5",0.61382980843147
24,1,1,"y1",0.859213673068029
24,1,1,"y2",0.88640044431283
24,1,1,"y3",0.787383366897265
24,1,1,"y4",0.846882321629585
24,1,1,"y5",0.696064842432334
24,1,2,"y1",0.883709291630755
24,1,2,"y2",0.951002038279598
24,1,2,"y3",0.795010010410838
24,1,2,"y4",0.873891698664826
24,1,2,"y5",0.77425625259027
24,1,3,"y1",0.948336004619129
24,1,3,"y2",0.851959375319978
24,1,3,"y3",0.729042747645524
24,1,3,"y4",0.863054390086072
24,1,3,"y5",0.688050461586417
24,1,4,"y1",0.7973128233262
24,1,4,"y2",0.857564567115656
24,1,4,"y3",0.67817481159205
24,1,4,"y4",0.995903807059669
24,1,4,"y5",0.740956053367782
24,2,1,"y1",0.864299441689844
24,2,1,"y2",0.89108292319294
24,2,1,"y3",0.763533743854888
24,2,1,"y4",0.852397555546034
24,2,1,"y5",0.685343384714981
24,2,2,"y1",0.856088099701159
24,2,2,"y2",0.925774597537014
24,2,2,"y3",0.832235678382229
24,2,2,"y4",0.822826630076709
24,2,2,"y5",0.744847543854402
24,2,3,"y1",0.99099700020649
24,2,3,"y2",0.833240851584596
24,2,3,"y3",0.712291074927458
24,2,3,"y4",0.847773697529835
24,2,3,"y5",0.722948715181884
24,2,4,"y1",0.862648137402475
24,2,4,"y2",0.884603817416424
24,2,4,"y3",0.771607032422773
24,2,4,"y4",0.994322677696622
24,2,4,"y5",0.745179111658874
24,3,1,"y1",0.823845459907959
24,3,1,"y2",0.938195313695398
24,3,1,"y3",0.776404490293521
24,3,1,"y4",0.901898947998264
24,3,1,"y5",0.750352110155267
24,3,2,"y1",0.911147988359127
24,3,2,"y2",0.882177895901685
24,3,2,"y3",0.80756178477127
24,3,2,"y4",0.872361726378655
24,3,2,"y5",0.767784511750673
24,3,3,"y1",0.981083197869839
24,3,3,"y2",0.901169698190737
24,3,3,"y3",0.765926140654794
24,3,3,"y4",0.859285402553194
24,3,3,"y5",0.741310460209511
24,3,4,"y1",0.880400257435945
24,3,4,"y2",0.928793161489302
24,3,4,"y3",0.842782540843844
24,3,4,"y4",0.983754516213851
24,3,4,"y5",0.722651754631799
24,4,1,"y1",0.862393090205355
24,4,1,"y2",0.947784203325778
24,4,1,"y3",0.742255202742814
24,4,1,"y4",0.879972562968517
24,4,1,"y5",0.785774051495035
24,4,2,"y1",0.962330781156468
24,4,2,"y2",0.864345628627995
24,4,2,"y3",0.832279046444989
24,4,2,"y4",0.853867134902397
24,4,2,"y5",0.711076986114602
24,4,3,"y1",0.985110843172798
24,4,3,"y2",0.93451401447118
24,4,3,"y3",0.779356797770967
24,4,3,"y4",0.881005472942647
24,4,3,"y5",0.769907000776165
24,4,4,"y1",0.898350893097508
24,4,4,"y2",0.960395019286521
24,4,4,"y3",0.879359753835854
24,4,4,"y4",0.974123526318508
24,4,4,"y5",0.760304984959487
24,5,1,"y1",0.874195214339963
24,5,1,"y2",0.952683224186622
24,5,1,"y3",0.803368612574383
24,5,1,"y4",0.908522483950855
24,5,1,"y5",0.814748910302573
24,5,2,"y1",0.999887778117699
24,5,2,"y2",0.864382895494554
24,5,2,"y3",0.875483396498469
24,5,2,"y4",0.871029554121188
24,5,2,"y5",0.719913831668872
24,5,3,"y1",0.988266595682728
24,5,3,"y2",0.950405417386581
24,5,3,"y3",0.801474988670055
24,5,3,"y4",0.880654463378689
24,5,3,"y5",0.781527065653765
24,5,4,"y1",0.924912772889404
24,5,4,"y2",0.961283584690425
24,5,4,"y3",0.872825132495254
24,5,4,"y4",0.974522238216769
24,5,4,"y5",0.751139248742577
24,6,1,"y1",0.923270540066829
24,6,1,"y2",0.97702956039291
24,6,1,"y3",0.821333389984468
24,6,1,"y4",0.906806585163593
24,6,1,"y5",0.7893706141265
24,6,2,"y1",0.998502949729275
24,6,2,"y2",0.860363618121426
24,6,2,"y3",0.854977155557067
24,6,2,"y4",0.84627060834722
24,6,2,"y5",0.705104254111491
24,6,3,"y1",0.992183921608304
24,6,3,"y2",0.959929028951997
24,6,3,"y3",0.840441319115926
24,6,3,"y4",0.883275809335561
24,6,3,"y5",0.786915100952703
24,6,4,"y1",0.932028747140997
24,6,4,"y2",0.97678227177213
24,6,4,"y3",0.868626367273285
24,6,4,"y4",0.966263876703105
24,6,4,"y5",0.739336817406333
24,7,1,"y1",0.918065210139342
24,7,1,"y2",0.98126786148377
24,7,1,"y3",0.835171844974342
24,7,1,"y4",0.914165677450817
24,7,1,"y5",0.807583731412659
24,7,2,"y1",0.994127796639252
24,7,2,"y2",0.870669539696358
24,7,2,"y3",0.860065024633712
24,7,2,"y4",0.857397574325839
24,7,2,"y5",0.720711678506118
24,7,3,"y1",0.984062275963814
24,7,3,"y2",0.96816931018918
24,7,3,"y3",0.840127485402432
24,7,3,"y4",0.870962811442837
24,7,3,"y5",0.806041978144257
24,7,4,"y1",0.938758203756579
24,7,4,"y2",0.979043350932779
24,7,4,"y3",0.867610888512347
24,7,4,"y4",0.942965928443782
24,7,4,"y5",0.733038806550344
24,8,1,"y1",0.92475926988583
24,8,1,"y2",0.990587618193078
24,8,1,"y3",0.853604192195119
24,8,1,"y4",0.913839153944185
24,8,1,"y5",0.804575012927216
24,8,2,"y1",0.991578553080596
24,8,2,"y2",0.888409119039799
24,8,2,"y3",0.86343822640025
24,8,2,"y4",0.835943443362526
24,8,2,"y5",0.71578470471111
24,8,3,"y1",0.990222392189549
24,8,3,"y2",0.964313052968636
24,8,3,"y3",0.849947604576307
24,8,3,"y4",0.875721376729401
24,8,3,"y5",0.794488361510699
24,8,4,"y1",0.951211165189818
24,8,4,"y2",0.969364811953316
24,8,4,"y3",0.859590317109316
24,8,4,"y4",0.941429100884817
24,8,4,"y5",0.723903607032036
24,9,1,"y1",0.925676095267857
24,9,1,"y2",0.992258121758525
24,9,1,"y3",0.841776231622141
24,9,1,"y4",0.900037416162183
24,9,1,"y5",0.796750783522415
24,9,2,"y1",0.992009030204018
24,9,2,"y2",0.8821490908989
24,9,2,"y3",0.863168037765541
24,9,2,"y4",0.838627452878435
24,9,2,"y5",0.722192873193585
24,9,3,"y1",0.989171605615314
24,9,3,"y2",0.9636438998696
24,9,3,"y3",0.857237753669379
24,9,3,"y4",0.862135193811205
24,9,3,"y5",0.795202707158019
24,9,4,"y1",0.949634698705525
24,9,4,"y2",0.973065600535267
24,9,4,"y3",0.853908497372755
24,9,4,"y4",0.956170423804154
24,9,4,"y5",0.721098251323695
24,10,1,"y1",0.923540579222975
24,10,1,"y2",0.985082375403725
24,10,1,"y3",0.837771878029653
24,10,1,"y4",0.909840563862211
24,10,1,"y5",0.803017199396351
24,10,2,"y1",0.991277308729725
24,10,2,"y2",0.886206918602052
24,10,2,"y3",0.870378455676682
24,10,2,"y4",0.831706541176021
24,10,2,"y5",0.720317177405121
24,10,3,"y1",0.982606385672988
24,10,3,"y2",0.967452036263008
24,10,3,"y3",0.862047660438747
24,10,3,"y4",0.841140319088521
24,10,3,"y5",0.787297280220835
24,10,4,"y1",0.946246002113185
24,10,4,"y2",0.963882276882963
24,10,4,"y3",0.849474824652993
24,10,4,"y4",0.969300636224221
24,10,4,"y5",0.716747256291081
25,1,1,"y1",0.72489506113269
25,1,1,"y2",0.944849744657631
25,1,1,"y3",0.846036154375984
25,1,1,"y4",0.783843266576049
25,1,1,"y5",0.703483012439073
25,1,2,"y1",0.805990447437764
25,1,2,"y2",0.963542503068349
25,1,2,"y3",0.836441268333156
25,1,2,"y4",0.820668361076201
25,1,2,"y5",0.753902223098273
25,1,3,"y1",0.922630302229228
25,1,3,"y2",0.889679013872536
25,1,3,"y3",0.743204702339201
25,1,3,"y4",0.785270494702368
25,1,3,"y5",0.722136024689307
25,1,4,"y1",0.708587076146707
25,1,4,"y2",0.834413450621124
25,1,4,"y3",0.642315157408158
25,1,4,"y4",0.994916628375418
25,1,4,"y5",0.624077205134325
25,2,1,"y1",0.796726417892596
25,2,1,"y2",0.946516398884311
25,2,1,"y3",0.833888836303071
25,2,1,"y4",0.802444060497702
25,2,1,"y5",0.718250903215773
25,2,2,"y1",0.774521441954918
25,2,2,"y2",0.923628010084661
25,2,2,"y3",0.845476174470603
25,2,2,"y4",0.740213016518761
25,2,2,"y5",0.733544843709336
25,2,3,"y1",0.82887693143188
25,2,3,"y2",0.969250183233632
25,2,3,"y3",0.827315006972577
25,2,3,"y4",0.765950896936483
25,2,3,"y5",0.697279745316769
25,2,4,"y1",0.759832192937045
25,2,4,"y2",0.892350826390778
25,2,4,"y3",0.730492538120719
25,2,4,"y4",0.988592623232848
25,2,4,"y5",0.648591147992778
25,3,1,"y1",0.768232955777937
25,3,1,"y2",0.990525095227546
25,3,1,"y3",0.793947872843099
25,3,1,"y4",0.776489384486265
25,3,1,"y5",0.738677860846289
25,3,2,"y1",0.828664782147809
25,3,2,"y2",0.94594711009036
25,3,2,"y3",0.844918790704542
25,3,2,"y4",0.810464594426358
25,3,2,"y5",0.72694342649776
25,3,3,"y1",0.837765592761812
25,3,3,"y2",0.985925452209119
25,3,3,"y3",0.839664085472436
25,3,3,"y4",0.735530054236796
25,3,3,"y5",0.702200229073831
25,3,4,"y1",0.78592820367007
25,3,4,"y2",0.890047667406663
25,3,4,"y3",0.731710613777719
25,3,4,"y4",0.999322762496473
25,3,4,"y5",0.681718859007323
25,4,1,"y1",0.759702324262031
25,4,1,"y2",0.984296641023104
25,4,1,"y3",0.808671502815637
25,4,1,"y4",0.773903147738865
25,4,1,"y5",0.712205323384631
25,4,2,"y1",0.911363443256893
25,4,2,"y2",0.9415413199937
25,4,2,"y3",0.897922377982953
25,4,2,"y4",0.800792119902991
25,4,2,"y5",0.771435897374711
25,4,3,"y1",0.827163074521522
25,4,3,"y2",0.984626137348219
25,4,3,"y3",0.842544612456619
25,4,3,"y4",0.746646323264769
25,4,3,"y5",0.686326482447902
25,4,4,"y1",0.809726620061305
25,4,4,"y2",0.940638959331328
25,4,4,"y3",0.815453388213342
25,4,4,"y4",0.985367899808537
25,4,4,"y5",0.689961283618509
25,5,1,"y1",0.781437465982199
25,5,1,"y2",0.999535915103825
25,5,1,"y3",0.835048106777232
25,5,1,"y4",0.759268068981322
25,5,1,"y5",0.714931286010675
25,5,2,"y1",0.976211254227247
25,5,2,"y2",0.951604257421156
25,5,2,"y3",0.868643533234557
25,5,2,"y4",0.786694789332684
25,5,2,"y5",0.750872587676858
25,5,3,"y1",0.81752259672191
25,5,3,"y2",0.982246468430349
25,5,3,"y3",0.841806780588943
25,5,3,"y4",0.748188087480786
25,5,3,"y5",0.685421891038305
25,5,4,"y1",0.824672245721222
25,5,4,"y2",0.944604198970733
25,5,4,"y3",0.84911660329602
25,5,4,"y4",0.97816851774181
25,5,4,"y5",0.708992739677094
25,6,1,"y1",0.788568146463334
25,6,1,"y2",0.996591900970983
25,6,1,"y3",0.857762789761773
25,6,1,"y4",0.753431731419539
25,6,1,"y5",0.729459653142671
25,6,2,"y1",0.982305889332584
25,6,2,"y2",0.942952676254939
25,6,2,"y3",0.87769748194334
25,6,2,"y4",0.784599685092096
25,6,2,"y5",0.742027258800394
25,6,3,"y1",0.797382696376173
25,6,3,"y2",0.99283039659222
25,6,3,"y3",0.860703145711252
25,6,3,"y4",0.739656744281756
25,6,3,"y5",0.69786757194036
25,6,4,"y1",0.814269694066771
25,6,4,"y2",0.965616432749302
25,6,4,"y3",0.888282680766826
25,6,4,"y4",0.971738626518619
25,6,4,"y5",0.692537009637457
25,7,1,"y1",0.792911942088645
25,7,1,"y2",0.998876968336454
25,7,1,"y3",0.870475118123422
25,7,1,"y4",0.771099059281004
25,7,1,"y5",0.731661603634254
25,7,2,"y1",0.982613424086888
25,7,2,"y2",0.944404995681559
25,7,2,"y3",0.8586333328237
25,7,2,"y4",0.768130653777347
25,7,2,"y5",0.733492509531907
25,7,3,"y1",0.797584274466122
25,7,3,"y2",0.993543835196501
25,7,3,"y3",0.873882082549327
25,7,3,"y4",0.759001090353458
25,7,3,"y5",0.696301914158358
25,7,4,"y1",0.816009051271308
25,7,4,"y2",0.973331416486919
25,7,4,"y3",0.892069324502401
25,7,4,"y4",0.972846188263895
25,7,4,"y5",0.699732737028865
25,8,1,"y1",0.78978530361706
25,8,1,"y2",0.999945733855835
25,8,1,"y3",0.860252122751473
25,8,1,"y4",0.769476682835903
25,8,1,"y5",0.724578936238224
25,8,2,"y1",0.997823201132008
25,8,2,"y2",0.91684628384053
25,8,2,"y3",0.905114270851321
25,8,2,"y4",0.82014497905223
25,8,2,"y5",0.740708477147216
25,8,3,"y1",0.817135611083007
25,8,3,"y2",0.980515449078392
25,8,3,"y3",0.877978384418528
25,8,3,"y4",0.790786387269963
25,8,3,"y5",0.694365961897628
25,8,4,"y1",0.816385210014959
25,8,4,"y2",0.983875108897631
25,8,4,"y3",0.890875709898376
25,8,4,"y4",0.972530159750069
25,8,4,"y5",0.694059882522611
25,9,1,"y1",0.784585484058969
25,9,1,"y2",1
25,9,1,"y3",0.870386574762301
25,9,1,"y4",0.770533181011205
25,9,1,"y5",0.732013313039415
25,9,2,"y1",0.998548455029899
25,9,2,"y2",0.922847123851369
25,9,2,"y3",0.91764177264117
25,9,2,"y4",0.825942536581669
25,9,2,"y5",0.749096697835635
25,9,3,"y1",0.809919193675457
25,9,3,"y2",0.993194949313832
25,9,3,"y3",0.875202697253134
25,9,3,"y4",0.754507406488782
25,9,3,"y5",0.709150811566076
25,9,4,"y1",0.813502374838218
25,9,4,"y2",0.974770792460546
25,9,4,"y3",0.882310046700721
25,9,4,"y4",0.975353508533962
25,9,4,"y5",0.681817965414523
25,10,1,"y1",0.781696158756691
25,10,1,"y2",1
25,10,1,"y3",0.861980148374101
25,10,1,"y4",0.768258194981785
25,10,1,"y5",0.72981877622176
25,10,2,"y1",0.994447087251033
25,10,2,"y2",0.924347781997076
25,10,2,"y3",0.917307515367411
25,10,2,"y4",0.826042205548406
25,10,2,"y5",0.746327435507081
25,10,3,"y1",0.805462872689555
25,10,3,"y2",0.990984101033316
25,10,3,"y3",0.868072465092445
25,10,3,"y4",0.767743905139824
25,10,3,"y5",0.717165238821442
25,10,4,"y1",0.813066981379077
25,10,4,"y2",0.968321307363318
25,10,4,"y3",0.874755328995356
25,10,4,"y4",0.96945276845367
25,10,4,"y5",0.67102438330579
26,1,1,"y1",0.78751077242691
26,1,1,"y2",0.95787728688639
26,1,1,"y3",0.834176184542133
26,1,1,"y4",0.834745446044682
26,1,1,"y5",0.724717205425751
26,1,2,"y1",0.81866800674251
26,1,2,"y2",0.925839263211406
26,1,2,"y3",0.822964403166941
26,1,2,"y4",0.870095516938392
26,1,2,"y5",0.724075470990709
26,1,3,"y1",0.943194573097524
26,1,3,"y2",0.914841066727754
26,1,3,"y3",0.831578794550607
26,1,3,"y4",0.826944395969739
26,1,3,"y5",0.770487289122269
26,1,4,"y1",0.794324176131814
26,1,4,"y2",0.834999059801571
26,1,4,"y3",0.746690563735784
26,1,4,"y4",0.965474816471193
26,1,4,"y5",0.661738201871879
26,2,1,"y1",0.831776474109183
26,2,1,"y2",0.92934501392683
26,2,1,"y3",0.88517138761051
26,2,1,"y4",0.763112246331672
26,2,1,"y5",0.736409816064647
26,2,2,"y1",0.85793907342265
26,2,2,"y2",0.930379486317559
26,2,2,"y3",0.839986399442354
26,2,2,"y4",0.845477541584391
26,2,2,"y5",0.700754255717753
26,2,3,"y1",0.925022471560131
26,2,3,"y2",0.942322287784703
26,2,3,"y3",0.889991614779928
26,2,3,"y4",0.787682384522108
26,2,3,"y5",0.824204120990216
26,2,4,"y1",0.867644555804312
26,2,4,"y2",0.841362500708408
26,2,4,"y3",0.770180106740248
26,2,4,"y4",0.958650293031044
26,2,4,"y5",0.717292613275684
26,3,1,"y1",0.889416506033044
26,3,1,"y2",0.954360899074874
26,3,1,"y3",0.82490765853734
26,3,1,"y4",0.833913527010526
26,3,1,"y5",0.699851673465419
26,3,2,"y1",0.907691850709026
26,3,2,"y2",0.919590534697947
26,3,2,"y3",0.86808227618436
26,3,2,"y4",0.836312054937957
26,3,2,"y5",0.668451809357472
26,3,3,"y1",0.934742408395065
26,3,3,"y2",0.966007013632161
26,3,3,"y3",0.874757765869132
26,3,3,"y4",0.851688397293632
26,3,3,"y5",0.84021621834454
26,3,4,"y1",0.940312382657764
26,3,4,"y2",0.85127416300474
26,3,4,"y3",0.748736767680466
26,3,4,"y4",0.944579329486788
26,3,4,"y5",0.701784148176551
26,4,1,"y1",0.915516581196402
26,4,1,"y2",0.951753380399955
26,4,1,"y3",0.845490810478548
26,4,1,"y4",0.821427890403234
26,4,1,"y5",0.71038715730021
26,4,2,"y1",0.885405556240144
26,4,2,"y2",0.90821345967689
26,4,2,"y3",0.854186843569672
26,4,2,"y4",0.852597956812559
26,4,2,"y5",0.707102414766589
26,4,3,"y1",0.949020376041568
26,4,3,"y2",0.979335176462209
26,4,3,"y3",0.886128158521346
26,4,3,"y4",0.860314882739888
26,4,3,"y5",0.843912520233892
26,4,4,"y1",0.952996783686928
26,4,4,"y2",0.898899248977976
26,4,4,"y3",0.837909030454941
26,4,4,"y4",0.886416254590495
26,4,4,"y5",0.715097937664664
26,5,1,"y1",0.926870873468642
26,5,1,"y2",0.963927563357176
26,5,1,"y3",0.850170270470501
26,5,1,"y4",0.800464058821789
26,5,1,"y5",0.699111661987207
26,5,2,"y1",0.931361552454361
26,5,2,"y2",0.860069360699921
26,5,2,"y3",0.866630622091367
26,5,2,"y4",0.817616688926505
26,5,2,"y5",0.680480246961643
26,5,3,"y1",0.949979186739699
26,5,3,"y2",0.974008889420273
26,5,3,"y3",0.893187063477856
26,5,3,"y4",0.869906121874663
26,5,3,"y5",0.821378093131081
26,5,4,"y1",0.966272638651659
26,5,4,"y2",0.916622380544841
26,5,4,"y3",0.874828799300221
26,5,4,"y4",0.871471027290416
26,5,4,"y5",0.723486869748025
26,6,1,"y1",0.925636877725547
26,6,1,"y2",0.956624248345024
26,6,1,"y3",0.818476795968228
26,6,1,"y4",0.821372737841091
26,6,1,"y5",0.705774091997708
26,6,2,"y1",0.997453707440985
26,6,2,"y2",0.831168502732718
26,6,2,"y3",0.859811903457666
26,6,2,"y4",0.794301660542597
26,6,2,"y5",0.679435594532478
26,6,3,"y1",0.947679327324011
26,6,3,"y2",0.969270943799461
26,6,3,"y3",0.902615318398566
26,6,3,"y4",0.872517981290169
26,6,3,"y5",0.806114636560499
26,6,4,"y1",0.98748282423383
26,6,4,"y2",0.925551952080948
26,6,4,"y3",0.892666214158964
26,6,4,"y4",0.860829656852304
26,6,4,"y5",0.737976702009829
26,7,1,"y1",0.932254049808285
26,7,1,"y2",0.966278401072045
26,7,1,"y3",0.839583756741305
26,7,1,"y4",0.834829574089218
26,7,1,"y5",0.714218025740629
26,7,2,"y1",0.999961044375094
26,7,2,"y2",0.839203369591361
26,7,2,"y3",0.852637850692163
26,7,2,"y4",0.792236878624452
26,7,2,"y5",0.672592474219255
26,7,3,"y1",0.950373215212072
26,7,3,"y2",0.9756575918915
26,7,3,"y3",0.913182075572865
26,7,3,"y4",0.870158482342752
26,7,3,"y5",0.80971485120038
26,7,4,"y1",0.980956107491684
26,7,4,"y2",0.932046022936034
26,7,4,"y3",0.904012665341329
26,7,4,"y4",0.866367767711167
26,7,4,"y5",0.748345370424532
26,8,1,"y1",0.936711293274231
26,8,1,"y2",0.976584315780869
26,8,1,"y3",0.845895435063185
26,8,1,"y4",0.845871788625986
26,8,1,"y5",0.729412966320172
26,8,2,"y1",1
26,8,2,"y2",0.839447558619048
26,8,2,"y3",0.840372574436222
26,8,2,"y4",0.800617770346128
26,8,2,"y5",0.700694098530775
26,8,3,"y1",0.956548778848194
26,8,3,"y2",0.974228322646223
26,8,3,"y3",0.916348581412709
26,8,3,"y4",0.871105464961474
26,8,3,"y5",0.813658041577087
26,8,4,"y1",0.987300871002926
26,8,4,"y2",0.940020638207122
26,8,4,"y3",0.901129300040013
26,8,4,"y4",0.855619063494161
26,8,4,"y5",0.73487168806232
26,9,1,"y1",0.936075214439953
26,9,1,"y2",0.969413514110596
26,9,1,"y3",0.849159630340432
26,9,1,"y4",0.852859944544179
26,9,1,"y5",0.729298736247074
26,9,2,"y1",1
26,9,2,"y2",0.839360599248024
26,9,2,"y3",0.843753548374334
26,9,2,"y4",0.808224952076557
26,9,2,"y5",0.715652380525049
26,9,3,"y1",0.956521280157072
26,9,3,"y2",0.98257730091608
26,9,3,"y3",0.914751993872181
26,9,3,"y4",0.875582031871053
26,9,3,"y5",0.813576752862204
26,9,4,"y1",0.9887204945807
26,9,4,"y2",0.95177331859627
26,9,4,"y3",0.901347974378323
26,9,4,"y4",0.852822801349145
26,9,4,"y5",0.725903060608883
26,10,1,"y1",0.917584604161943
26,10,1,"y2",0.981580330580408
26,10,1,"y3",0.835959155391006
26,10,1,"y4",0.829846633888666
26,10,1,"y5",0.697252895621415
26,10,2,"y1",1
26,10,2,"y2",0.854665098237677
26,10,2,"y3",0.864817794912751
26,10,2,"y4",0.804492540354031
26,10,2,"y5",0.704173144076859
26,10,3,"y1",0.952981659318945
26,10,3,"y2",0.982739137736238
26,10,3,"y3",0.925051069385868
26,10,3,"y4",0.891412381373164
26,10,3,"y5",0.819297299604206
26,10,4,"y1",0.964653635137335
26,10,4,"y2",0.94325284055428
26,10,4,"y3",0.861681139697378
26,10,4,"y4",0.911617051179983
26,10,4,"y5",0.70579113092314
27,1,1,"y1",0.918715249860506
27,1,1,"y2",0.916032744939156
27,1,1,"y3",0.734273218169984
27,1,1,"y4",0.816101647810826
27,1,1,"y5",0.748612099419888
27,1,2,"y1",0.886985384163092
27,1,2,"y2",0.964037013154438
27,1,2,"y3",0.721842512444127
27,1,2,"y4",0.784272837775992
27,1,2,"y5",0.762831836718671
27,1,3,"y1",0.93240696968123
27,1,3,"y2",0.918179201539304
27,1,3,"y3",0.742301101871097
27,1,3,"y4",0.834158150374138
27,1,3,"y5",0.6862340563064
27,1,4,"y1",0.824411078557209
27,1,4,"y2",0.921204311397598
27,1,4,"y3",0.655053336098039
27,1,4,"y4",0.915747725933104
27,1,4,"y5",0.662431420525425
27,2,1,"y1",0.872352265435211
27,2,1,"y2",0.965449699179704
27,2,1,"y3",0.772475746139139
27,2,1,"y4",0.802227811791688
27,2,1,"y5",0.711228839340204
27,2,2,"y1",0.855768022529931
27,2,2,"y2",0.972010954365838
27,2,2,"y3",0.762694621400956
27,2,2,"y4",0.825349471155242
27,2,2,"y5",0.748702010270246
27,2,3,"y1",0.920344393685867
27,2,3,"y2",0.930539137050696
27,2,3,"y3",0.786879306264311
27,2,3,"y4",0.858737775254411
27,2,3,"y5",0.685839965477408
27,2,4,"y1",0.840246340067933
27,2,4,"y2",0.908506795507486
27,2,4,"y3",0.727933518565812
27,2,4,"y4",0.916904724814524
27,2,4,"y5",0.685755951817381
27,3,1,"y1",0.862667578040758
27,3,1,"y2",0.987290253788706
27,3,1,"y3",0.677189365251465
27,3,1,"y4",0.752389390428809
27,3,1,"y5",0.709813330161427
27,3,2,"y1",0.850184114379272
27,3,2,"y2",0.937693696468476
27,3,2,"y3",0.717710046038983
27,3,2,"y4",0.795853496559431
27,3,2,"y5",0.643224036237908
27,3,3,"y1",0.921860516073344
27,3,3,"y2",0.974061536930848
27,3,3,"y3",0.753205536677454
27,3,3,"y4",0.86281934186812
27,3,3,"y5",0.698315398493607
27,3,4,"y1",0.840350784551398
27,3,4,"y2",0.915883494865863
27,3,4,"y3",0.771057892782313
27,3,4,"y4",0.959813735104599
27,3,4,"y5",0.670436440821699
27,4,1,"y1",0.926042862037574
27,4,1,"y2",0.989810691961685
27,4,1,"y3",0.757281750656679
27,4,1,"y4",0.818501124153726
27,4,1,"y5",0.728206643120926
27,4,2,"y1",0.907130077536057
27,4,2,"y2",0.929650069377758
27,4,2,"y3",0.761174133190839
27,4,2,"y4",0.851802939939326
27,4,2,"y5",0.674176236072107
27,4,3,"y1",0.937170984065957
27,4,3,"y2",0.994069434106682
27,4,3,"y3",0.779222519423571
27,4,3,"y4",0.871086238995276
27,4,3,"y5",0.766092715324152
27,4,4,"y1",0.860505172460688
27,4,4,"y2",0.915223981963836
27,4,4,"y3",0.80581340382672
27,4,4,"y4",0.96123832335936
27,4,4,"y5",0.689498320588444
27,5,1,"y1",0.970460873115082
27,5,1,"y2",0.983935797858747
27,5,1,"y3",0.781544990372781
27,5,1,"y4",0.839920171124766
27,5,1,"y5",0.76967700279525
27,5,2,"y1",0.938759723265632
27,5,2,"y2",0.877864803237211
27,5,2,"y3",0.750288218112221
27,5,2,"y4",0.872024601761187
27,5,2,"y5",0.696060923430732
27,5,3,"y1",0.927576483476868
27,5,3,"y2",0.981636722404399
27,5,3,"y3",0.798015470194717
27,5,3,"y4",0.897850035409556
27,5,3,"y5",0.804157066309298
27,5,4,"y1",0.854271381479289
27,5,4,"y2",0.933271944033717
27,5,4,"y3",0.805695214891323
27,5,4,"y4",0.934877901585267
27,5,4,"y5",0.703398480449875
27,6,1,"y1",0.976701823365939
27,6,1,"y2",0.989192032978849
27,6,1,"y3",0.811096521844755
27,6,1,"y4",0.836917035657894
27,6,1,"y5",0.762663393574297
27,6,2,"y1",0.992156387707418
27,6,2,"y2",0.881900159405701
27,6,2,"y3",0.799273183464157
27,6,2,"y4",0.862375461696927
27,6,2,"y5",0.682904006585471
27,6,3,"y1",0.938345622541079
27,6,3,"y2",0.987613034525536
27,6,3,"y3",0.817663640333505
27,6,3,"y4",0.875931287312595
27,6,3,"y5",0.834402258346652
27,6,4,"y1",0.867491637507549
27,6,4,"y2",0.964935184418446
27,6,4,"y3",0.830995890039448
27,6,4,"y4",0.929088572034958
27,6,4,"y5",0.731480125801688
27,7,1,"y1",0.986899593183222
27,7,1,"y2",0.987541363488627
27,7,1,"y3",0.822262144574977
27,7,1,"y4",0.843293151132942
27,7,1,"y5",0.766006759863779
27,7,2,"y1",0.992167843998657
27,7,2,"y2",0.92012627828593
27,7,2,"y3",0.802685735010606
27,7,2,"y4",0.883177155515112
27,7,2,"y5",0.674482481781537
27,7,3,"y1",0.923449261231632
27,7,3,"y2",0.987379686479912
27,7,3,"y3",0.814334055422159
27,7,3,"y4",0.88937011974852
27,7,3,"y5",0.834206702466427
27,7,4,"y1",0.883654913471748
27,7,4,"y2",0.973661347936477
27,7,4,"y3",0.813371524638182
27,7,4,"y4",0.914593920604656
27,7,4,"y5",0.7042631661012
27,8,1,"y1",0.98502461625168
27,8,1,"y2",0.983015624152028
27,8,1,"y3",0.82767024674185
27,8,1,"y4",0.83770884970142
27,8,1,"y5",0.752631597089331
27,8,2,"y1",0.995061130666265
27,8,2,"y2",0.889953140984281
27,8,2,"y3",0.788505725124851
27,8,2,"y4",0.869713074039097
27,8,2,"y5",0.677112331348006
27,8,3,"y1",0.929562150620529
27,8,3,"y2",0.990226173812967
27,8,3,"y3",0.817857948508049
27,8,3,"y4",0.884903025250984
27,8,3,"y5",0.822551792986203
27,8,4,"y1",0.883558616321801
27,8,4,"y2",0.969731041602398
27,8,4,"y3",0.810692814659198
27,8,4,"y4",0.913003253907545
27,8,4,"y5",0.701195918975589
27,9,1,"y1",0.9823809046364
27,9,1,"y2",0.986458479784893
27,9,1,"y3",0.823656908493024
27,9,1,"y4",0.837103724654982
27,9,1,"y5",0.763187207273536
27,9,2,"y1",0.994470827787163
27,9,2,"y2",0.912080093502561
27,9,2,"y3",0.792677763406614
27,9,2,"y4",0.877903743359869
27,9,2,"y5",0.648268626273761
27,9,3,"y1",0.915288849513744
27,9,3,"y2",0.994708952197863
27,9,3,"y3",0.813952648060355
27,9,3,"y4",0.880635062223051
27,9,3,"y5",0.795753580634615
27,9,4,"y1",0.890448670048564
27,9,4,"y2",0.972929857153833
27,9,4,"y3",0.818341883440145
27,9,4,"y4",0.902077213993088
27,9,4,"y5",0.704567434936552
27,10,1,"y1",0.975557287252795
27,10,1,"y2",0.987325609966413
27,10,1,"y3",0.816994024833679
27,10,1,"y4",0.832705009660174
27,10,1,"y5",0.768903772881845
27,10,2,"y1",0.995996106346185
27,10,2,"y2",0.899663960519152
27,10,2,"y3",0.790258439555241
27,10,2,"y4",0.881517106049517
27,10,2,"y5",0.643122134063017
27,10,3,"y1",0.910884343984534
27,10,3,"y2",0.99367581779151
27,10,3,"y3",0.81818088227411
27,10,3,"y4",0.8831962543583
27,10,3,"y5",0.801226672740061
27,10,4,"y1",0.893905957961931
27,10,4,"y2",0.97698072988424
27,10,4,"y3",0.825628536732574
27,10,4,"y4",0.92016054740964
27,10,4,"y5",0.710754676452427
28,1,1,"y1",0.772616267522783
28,1,1,"y2",0.895054722739447
28,1,1,"y3",0.923595887081297
28,1,1,"y4",0.786410696511461
28,1,1,"y5",0.713614161864342
28,1,2,"y1",0.847109372657764
28,1,2,"y2",0.89735923248598
28,1,2,"y3",0.907940987467636
28,1,2,"y4",0.771089166323815
28,1,2,"y5",0.832939640771234
28,1,3,"y1",0.926925656065462
28,1,3,"y2",0.91363280068702
28,1,3,"y3",0.893686209598583
28,1,3,"y4",0.743413294273194
28,1,3,"y5",0.718762007339446
28,1,4,"y1",0.758514549585318
28,1,4,"y2",0.743661143194639
28,1,4,"y3",0.76695973266647
28,1,4,"y4",0.980526833914638
28,1,4,"y5",0.673920885448354
28,2,1,"y1",0.804448093110862
28,2,1,"y2",0.905618613723041
28,2,1,"y3",0.878400717430894
28,2,1,"y4",0.760327651416378
28,2,1,"y5",0.671111685451217
28,2,2,"y1",0.85167065857507
28,2,2,"y2",0.896162141591487
28,2,2,"y3",0.948229405234992
28,2,2,"y4",0.713398057214176
28,2,2,"y5",0.740266260702988
28,2,3,"y1",0.966934269854271
28,2,3,"y2",0.911508738436323
28,2,3,"y3",0.903219589851781
28,2,3,"y4",0.791754502634757
28,2,3,"y5",0.701501614831005
28,2,4,"y1",0.795591267248166
28,2,4,"y2",0.762082607364922
28,2,4,"y3",0.839006767496269
28,2,4,"y4",0.940416431424006
28,2,4,"y5",0.662658474074009
28,3,1,"y1",0.820882023233169
28,3,1,"y2",0.963008891972066
28,3,1,"y3",0.955146899113724
28,3,1,"y4",0.689292033507861
28,3,1,"y5",0.710010307991225
28,3,2,"y1",0.863690214154753
28,3,2,"y2",0.89761994763048
28,3,2,"y3",0.942799377806428
28,3,2,"y4",0.685471800379338
28,3,2,"y5",0.697344893564508
28,3,3,"y1",0.955322028521764
28,3,3,"y2",0.924604744781949
28,3,3,"y3",0.961746778601716
28,3,3,"y4",0.817227663483591
28,3,3,"y5",0.698672366389729
28,3,4,"y1",0.86746275431636
28,3,4,"y2",0.791820518556756
28,3,4,"y3",0.883086953587288
28,3,4,"y4",0.999045144773318
28,3,4,"y5",0.665043165689867
28,4,1,"y1",0.888740015371698
28,4,1,"y2",0.97572812871238
28,4,1,"y3",0.96118309972865
28,4,1,"y4",0.731467023378525
28,4,1,"y5",0.746639756992793
28,4,2,"y1",0.893872671675374
28,4,2,"y2",0.849874925378073
28,4,2,"y3",0.944211332523518
28,4,2,"y4",0.739411600092498
28,4,2,"y5",0.701850716647745
28,4,3,"y1",0.929414785205116
28,4,3,"y2",0.938765899722788
28,4,3,"y3",0.992105273355138
28,4,3,"y4",0.854709414196105
28,4,3,"y5",0.698749713061891
28,4,4,"y1",0.889544122347202
28,4,4,"y2",0.837957795936558
28,4,4,"y3",0.922774580225125
28,4,4,"y4",0.993471025532325
28,4,4,"y5",0.668053302551135
28,5,1,"y1",0.916629395195041
28,5,1,"y2",0.975077581836211
28,5,1,"y3",0.956212190883634
28,5,1,"y4",0.742445164895727
28,5,1,"y5",0.764551127996659
28,5,2,"y1",0.963427833389127
28,5,2,"y2",0.822063248202197
28,5,2,"y3",0.935162251352103
28,5,2,"y4",0.688128860534052
28,5,2,"y5",0.664930341740529
28,5,3,"y1",0.91774037698406
28,5,3,"y2",0.939233498737899
28,5,3,"y3",0.991075507875161
28,5,3,"y4",0.856854051388979
28,5,3,"y5",0.676277584300847
28,5,4,"y1",0.908329475420332
28,5,4,"y2",0.854378625588665
28,5,4,"y3",0.928954835291771
28,5,4,"y4",0.986744848865527
28,5,4,"y5",0.683488389870676
28,6,1,"y1",0.924111151736942
28,6,1,"y2",0.986108763418381
28,6,1,"y3",0.958888579463115
28,6,1,"y4",0.752917270242697
28,6,1,"y5",0.766973686070327
28,6,2,"y1",0.967026565584294
28,6,2,"y2",0.842274245562201
28,6,2,"y3",0.970832090544043
28,6,2,"y4",0.690252371277651
28,6,2,"y5",0.676450494231806
28,6,3,"y1",0.903625537206039
28,6,3,"y2",0.922509766519557
28,6,3,"y3",0.99821001099371
28,6,3,"y4",0.863833685687831
28,6,3,"y5",0.663616885511009
28,6,4,"y1",0.90515854024993
28,6,4,"y2",0.860871178987882
28,6,4,"y3",0.944792117382113
28,6,4,"y4",0.985397444717775
28,6,4,"y5",0.671330247635313
28,7,1,"y1",0.925773091560291
28,7,1,"y2",0.993578578817208
28,7,1,"y3",0.954735051956929
28,7,1,"y4",0.749440849900923
28,7,1,"y5",0.772558932051202
28,7,2,"y1",0.977351018554888
28,7,2,"y2",0.860940919983656
28,7,2,"y3",0.982066353226524
28,7,2,"y4",0.703244712247007
28,7,2,"y5",0.686555604614998
28,7,3,"y1",0.898652461226008
28,7,3,"y2",0.912812588558789
28,7,3,"y3",0.995811611542051
28,7,3,"y4",0.860561078338111
28,7,3,"y5",0.657369393125432
28,7,4,"y1",0.906472205131423
28,7,4,"y2",0.857451146381335
28,7,4,"y3",0.947383225570234
28,7,4,"y4",0.977479278364047
28,7,4,"y5",0.666404659075747
28,8,1,"y1",0.93386888292775
28,8,1,"y2",0.987011347413793
28,8,1,"y3",0.964638524521502
28,8,1,"y4",0.758753412597179
28,8,1,"y5",0.774071878139143
28,8,2,"y1",0.971325310095304
28,8,2,"y2",0.865209107034022
28,8,2,"y3",0.977548109246813
28,8,2,"y4",0.690590357322653
28,8,2,"y5",0.685810150500709
28,8,3,"y1",0.893954375076104
28,8,3,"y2",0.911756265337801
28,8,3,"y3",1
28,8,3,"y4",0.853028597627247
28,8,3,"y5",0.654342569334118
28,8,4,"y1",0.919659103608747
28,8,4,"y2",0.869542913391583
28,8,4,"y3",0.955620342458592
28,8,4,"y4",0.986025381422385
28,8,4,"y5",0.666788581305852
28,9,1,"y1",0.928301798419082
28,9,1,"y2",0.984360329351923
28,9,1,"y3",0.966237953015471
28,9,1,"y4",0.757728205834816
28,9,1,"y5",0.776071114497309
28,9,2,"y1",0.971108102243343
28,9,2,"y2",0.856736976836578
28,9,2,"y3",0.97075788881061
28,9,2,"y4",0.701333704230762
28,9,2,"y5",0.691389269967928
28,9,3,"y1",0.891106756028039
28,9,3,"y2",0.91310935577975
28,9,3,"y3",1
28,9,3,"y4",0.846905664893787
28,9,3,"y5",0.645927589476203
28,9,4,"y1",0.918798320104988
28,9,4,"y2",0.871785184937668
28,9,4,"y3",0.954934042769613
28,9,4,"y4",0.981209485903002
28,9,4,"y5",0.65968499218896
28,10,1,"y1",0.923099389158627
28,10,1,"y2",0.98679895929862
28,10,1,"y3",0.973322460393819
28,10,1,"y4",0.76528490274193
28,10,1,"y5",0.769362800723555
28,10,2,"y1",0.97035028051163
28,10,2,"y2",0.841250738539951
28,10,2,"y3",0.959172907044368
28,10,2,"y4",0.714001515738086
28,10,2,"y5",0.688312561435339
28,10,3,"y1",0.89903134035567
28,10,3,"y2",0.922440695947518
28,10,3,"y3",0.997520131099446
28,10,3,"y4",0.853914170250435
28,10,3,"y5",0.652637591778508
28,10,4,"y1",0.914987400443919
28,10,4,"y2",0.87685225292578
28,10,4,"y3",0.959226486598305
28,10,4,"y4",0.981108986302438
28,10,4,"y5",0.659653168483395
29,1,1,"y1",0.756892691720093
29,1,1,"y2",0.961217200299869
29,1,1,"y3",0.850387579031962
29,1,1,"y4",0.764430349805484
29,1,1,"y5",0.682267930325871
29,1,2,"y1",0.801991017586088
29,1,2,"y2",0.908936614284155
29,1,2,"y3",0.878285822448006
29,1,2,"y4",0.782610297885561
29,1,2,"y5",0.70739429353595
29,1,3,"y1",0.924428326660524
29,1,3,"y2",0.896337513114401
29,1,3,"y3",0.846519158269676
29,1,3,"y4",0.813943338983289
29,1,3,"y5",0.619882633458134
29,1,4,"y1",0.720521806903442
29,1,4,"y2",0.769804787962131
29,1,4,"y3",0.65334265781569
29,1,4,"y4",1
29,1,4,"y5",0.542297181116636
29,2,1,"y1",0.786865915584892
29,2,1,"y2",0.962918564444198
29,2,1,"y3",0.820762373672395
29,2,1,"y4",0.767866825032906
29,2,1,"y5",0.624965765355186
29,2,2,"y1",0.733653960924195
29,2,2,"y2",0.943935175861867
29,2,2,"y3",0.806667730030435
29,2,2,"y4",0.736434512623928
29,2,2,"y5",0.625769970174543
29,2,3,"y1",0.956214757027025
29,2,3,"y2",0.939143694913214
29,2,3,"y3",0.818669821434137
29,2,3,"y4",0.850369091648732
29,2,3,"y5",0.673113879490488
29,2,4,"y1",0.796038653313836
29,2,4,"y2",0.784742039892118
29,2,4,"y3",0.73470922323795
29,2,4,"y4",1
29,2,4,"y5",0.567176153186647
29,3,1,"y1",0.796995304452672
29,3,1,"y2",0.973997878315183
29,3,1,"y3",0.819017709687082
29,3,1,"y4",0.787461845286287
29,3,1,"y5",0.63953927804869
29,3,2,"y1",0.829422589232419
29,3,2,"y2",0.818336982351413
29,3,2,"y3",0.958573896056872
29,3,2,"y4",0.769705278677867
29,3,2,"y5",0.682421696237682
29,3,3,"y1",0.913845625283749
29,3,3,"y2",0.990540864206672
29,3,3,"y3",0.861829045326223
29,3,3,"y4",0.838504645991985
29,3,3,"y5",0.676054791664833
29,3,4,"y1",0.872972172639627
29,3,4,"y2",0.844355352817039
29,3,4,"y3",0.841743367438725
29,3,4,"y4",1
29,3,4,"y5",0.572264415220495
29,4,1,"y1",0.807713942610028
29,4,1,"y2",0.98854071009744
29,4,1,"y3",0.847584423841051
29,4,1,"y4",0.767074623561051
29,4,1,"y5",0.652928237449335
29,4,2,"y1",0.899476363162965
29,4,2,"y2",0.84031247165971
29,4,2,"y3",0.937254984189798
29,4,2,"y4",0.787811867529559
29,4,2,"y5",0.632123334452276
29,4,3,"y1",0.902042049730269
29,4,3,"y2",0.998653596294396
29,4,3,"y3",0.85709035546481
29,4,3,"y4",0.850757046397474
29,4,3,"y5",0.668816929784569
29,4,4,"y1",0.895856579916889
29,4,4,"y2",0.879972747399438
29,4,4,"y3",0.856310033193921
29,4,4,"y4",1
29,4,4,"y5",0.592595080525354
29,5,1,"y1",0.827985250110564
29,5,1,"y2",0.998789071415544
29,5,1,"y3",0.854083405674508
29,5,1,"y4",0.775739260000311
29,5,1,"y5",0.657990026288813
29,5,2,"y1",0.930202451024844
29,5,2,"y2",0.877793945278874
29,5,2,"y3",0.940281401992035
29,5,2,"y4",0.800485952046043
29,5,2,"y5",0.646550040226423
29,5,3,"y1",0.899819612839205
29,5,3,"y2",0.996596940660312
29,5,3,"y3",0.860061724291243
29,5,3,"y4",0.85338016288571
29,5,3,"y5",0.676154281504352
29,5,4,"y1",0.891683421638723
29,5,4,"y2",0.885192590144421
29,5,4,"y3",0.862422980406679
29,5,4,"y4",1
29,5,4,"y5",0.597222157994432
29,6,1,"y1",0.829077606641509
29,6,1,"y2",0.998722162087291
29,6,1,"y3",0.860488849088069
29,6,1,"y4",0.777307639748713
29,6,1,"y5",0.667666000178043
29,6,2,"y1",0.969190064703273
29,6,2,"y2",0.880526908573358
29,6,2,"y3",0.956397962424429
29,6,2,"y4",0.790356013340801
29,6,2,"y5",0.629058598156428
29,6,3,"y1",0.894449753695897
29,6,3,"y2",1
29,6,3,"y3",0.872213476795923
29,6,3,"y4",0.843942439878032
29,6,3,"y5",0.709622180000564
29,6,4,"y1",0.905902001187671
29,6,4,"y2",0.911172197838042
29,6,4,"y3",0.878076973996562
29,6,4,"y4",1
29,6,4,"y5",0.601495262266831
29,7,1,"y1",0.831492904580347
29,7,1,"y2",0.998762848647672
29,7,1,"y3",0.858181775028234
29,7,1,"y4",0.793724102484261
29,7,1,"y5",0.665280318190777
29,7,2,"y1",0.976013347709912
29,7,2,"y2",0.887263724907196
29,7,2,"y3",0.959459571752125
29,7,2,"y4",0.79327958365231
29,7,2,"y5",0.623997437646918
29,7,3,"y1",0.890537791952859
29,7,3,"y2",1
29,7,3,"y3",0.863429142200485
29,7,3,"y4",0.827761844946102
29,7,3,"y5",0.688070143376314
29,7,4,"y1",0.907834773115234
29,7,4,"y2",0.911782145187203
29,7,4,"y3",0.878665482824624
29,7,4,"y4",1
29,7,4,"y5",0.605055965207062
29,8,1,"y1",0.844277794181001
29,8,1,"y2",1
29,8,1,"y3",0.863937190496459
29,8,1,"y4",0.79746239989895
29,8,1,"y5",0.667855997156915
29,8,2,"y1",0.978430339529506
29,8,2,"y2",0.893656728151651
29,8,2,"y3",0.971088375762433
29,8,2,"y4",0.813140922073635
29,8,2,"y5",0.632530612586115
29,8,3,"y1",0.871840655779391
29,8,3,"y2",1
29,8,3,"y3",0.85271792014118
29,8,3,"y4",0.815957515412568
29,8,3,"y5",0.701806319660813
29,8,4,"y1",0.904791598433292
29,8,4,"y2",0.913798058517725
29,8,4,"y3",0.877409474579442
29,8,4,"y4",1
29,8,4,"y5",0.605711068729241
29,9,1,"y1",0.855230311105707
29,9,1,"y2",1
29,9,1,"y3",0.878775603661254
29,9,1,"y4",0.809855596356265
29,9,1,"y5",0.669332265257318
29,9,2,"y1",0.971611219337194
29,9,2,"y2",0.892902520933236
29,9,2,"y3",0.971702459715067
29,9,2,"y4",0.818689685372847
29,9,2,"y5",0.643983858052875
29,9,3,"y1",0.885600659394715
29,9,3,"y2",1
29,9,3,"y3",0.880157673368058
29,9,3,"y4",0.828899092618629
29,9,3,"y5",0.713168471683092
29,9,4,"y1",0.916046987697631
29,9,4,"y2",0.920722724768161
29,9,4,"y3",0.869379114089769
29,9,4,"y4",0.998635500896314
29,9,4,"y5",0.601460134378252
29,10,1,"y1",0.846783170794899
29,10,1,"y2",0.998102260515034
29,10,1,"y3",0.867008034096347
29,10,1,"y4",0.810093800334932
29,10,1,"y5",0.671181156316832
29,10,2,"y1",0.972733326256041
29,10,2,"y2",0.911694715159062
29,10,2,"y3",0.98281758722091
29,10,2,"y4",0.820563001271858
29,10,2,"y5",0.641344591636462
29,10,3,"y1",0.88787516535079
29,10,3,"y2",1
29,10,3,"y3",0.865235211696897
29,10,3,"y4",0.836783295150681
29,10,3,"y5",0.714915854975589
29,10,4,"y1",0.917125369962041
29,10,4,"y2",0.922293194004807
29,10,4,"y3",0.867785454503303
29,10,4,"y4",0.999477499866351
29,10,4,"y5",0.601422822809017
30,1,1,"y1",0.854291969037392
30,1,1,"y2",0.919652744760586
30,1,1,"y3",0.78195301803825
30,1,1,"y4",0.805087154145008
30,1,1,"y5",0.615476011615701
30,1,2,"y1",0.913577523558959
30,1,2,"y2",0.936933869953381
30,1,2,"y3",0.685737463903226
30,1,2,"y4",0.875645645498672
30,1,2,"y5",0.590979447599718
30,1,3,"y1",0.950421772379484
30,1,3,"y2",0.849133850263855
30,1,3,"y3",0.761774854631738
30,1,3,"y4",0.841917688254857
30,1,3,"y5",0.585493207003238
30,1,4,"y1",0.817025084412461
30,1,4,"y2",0.839687762385408
30,1,4,"y3",0.698747336697753
30,1,4,"y4",0.979540523507918
30,1,4,"y5",0.602664888448572
30,2,1,"y1",0.854983380158982
30,2,1,"y2",0.940348652841839
30,2,1,"y3",0.822286633932103
30,2,1,"y4",0.86681014351139
30,2,1,"y5",0.712600790462553
30,2,2,"y1",0.851591235878392
30,2,2,"y2",0.946960392913783
30,2,2,"y3",0.832632437240522
30,2,2,"y4",0.84002363290173
30,2,2,"y5",0.648816009071773
30,2,3,"y1",0.960143787231053
30,2,3,"y2",0.910516606429437
30,2,3,"y3",0.825987614110663
30,2,3,"y4",0.788511025964054
30,2,3,"y5",0.626585688878862
30,2,4,"y1",0.842049160173043
30,2,4,"y2",0.851170037540525
30,2,4,"y3",0.775842105138575
30,2,4,"y4",0.985633564072556
30,2,4,"y5",0.586117225845043
30,3,1,"y1",0.926132175816991
30,3,1,"y2",0.911952068222898
30,3,1,"y3",0.917970274471183
30,3,1,"y4",0.754409363474864
30,3,1,"y5",0.701004063479619
30,3,2,"y1",0.90474259934986
30,3,2,"y2",0.88798324545437
30,3,2,"y3",0.87000862011254
30,3,2,"y4",0.812951986695071
30,3,2,"y5",0.621699912832585
30,3,3,"y1",0.972948962785987
30,3,3,"y2",0.953311760180891
30,3,3,"y3",0.875384239753048
30,3,3,"y4",0.81244951365513
30,3,3,"y5",0.652674589258888
30,3,4,"y1",0.892849742991613
30,3,4,"y2",0.880016765409372
30,3,4,"y3",0.828874382518716
30,3,4,"y4",0.970149252255015
30,3,4,"y5",0.624353985199261
30,4,1,"y1",0.969709653024796
30,4,1,"y2",0.909331401081191
30,4,1,"y3",0.84022914843432
30,4,1,"y4",0.811082921015673
30,4,1,"y5",0.699831614684689
30,4,2,"y1",0.971783938715862
30,4,2,"y2",0.848521583133384
30,4,2,"y3",0.881956341834146
30,4,2,"y4",0.796575798766343
30,4,2,"y5",0.610503971533088
30,4,3,"y1",0.948075062041424
30,4,3,"y2",0.982105618011236
30,4,3,"y3",0.869068185673815
30,4,3,"y4",0.861992039709214
30,4,3,"y5",0.700166234787134
30,4,4,"y1",0.916990508568644
30,4,4,"y2",0.912669635991065
30,4,4,"y3",0.8644253997723
30,4,4,"y4",0.968515704005346
30,4,4,"y5",0.609557119724434
30,5,1,"y1",0.97320694862054
30,5,1,"y2",0.910129584865684
30,5,1,"y3",0.893100358260578
30,5,1,"y4",0.784718641537387
30,5,1,"y5",0.685753542468916
30,5,2,"y1",0.975738294399785
30,5,2,"y2",0.83541528684619
30,5,2,"y3",0.841199590498937
30,5,2,"y4",0.756374499402323
30,5,2,"y5",0.602507393983423
30,5,3,"y1",0.943962936093821
30,5,3,"y2",0.988226773508015
30,5,3,"y3",0.886230737735361
30,5,3,"y4",0.872787830799154
30,5,3,"y5",0.715496557531415
30,5,4,"y1",0.925385053400313
30,5,4,"y2",0.939075929825613
30,5,4,"y3",0.887131725395169
30,5,4,"y4",0.941957776652107
30,5,4,"y5",0.609655830722688
30,6,1,"y1",0.98122573165876
30,6,1,"y2",0.914654749227045
30,6,1,"y3",0.863781973462543
30,6,1,"y4",0.776570999724917
30,6,1,"y5",0.655312609211873
30,6,2,"y1",0.993304143965755
30,6,2,"y2",0.847443187352892
30,6,2,"y3",0.815112968171623
30,6,2,"y4",0.756372167590274
30,6,2,"y5",0.580034747452218
30,6,3,"y1",0.945244330427999
30,6,3,"y2",0.989754454891704
30,6,3,"y3",0.897221816466654
30,6,3,"y4",0.874628939072512
30,6,3,"y5",0.729134992576898
30,6,4,"y1",0.925793171768709
30,6,4,"y2",0.933071150414127
30,6,4,"y3",0.909433262261246
30,6,4,"y4",0.944696533353741
30,6,4,"y5",0.612147951131181
30,7,1,"y1",0.977449878162223
30,7,1,"y2",0.927366611279033
30,7,1,"y3",0.86450768845056
30,7,1,"y4",0.792963335650649
30,7,1,"y5",0.667336583762733
30,7,2,"y1",0.980980286720008
30,7,2,"y2",0.836947633121645
30,7,2,"y3",0.810542453043713
30,7,2,"y4",0.753814921734033
30,7,2,"y5",0.579433636399784
30,7,3,"y1",0.940088786863235
30,7,3,"y2",0.99768667932036
30,7,3,"y3",0.910632015607322
30,7,3,"y4",0.873178273447029
30,7,3,"y5",0.726312138061821
30,7,4,"y1",0.93698161459436
30,7,4,"y2",0.940350332264809
30,7,4,"y3",0.902138587199144
30,7,4,"y4",0.952357073588716
30,7,4,"y5",0.628356680942176
30,8,1,"y1",0.97960757976576
30,8,1,"y2",0.946282782499561
30,8,1,"y3",0.824025300141467
30,8,1,"y4",0.82878011409262
30,8,1,"y5",0.65834171444448
30,8,2,"y1",0.986160096134527
30,8,2,"y2",0.8329550443546
30,8,2,"y3",0.792815546629979
30,8,2,"y4",0.753845794638978
30,8,2,"y5",0.576441773087528
30,8,3,"y1",0.930064411631482
30,8,3,"y2",0.996203329606307
30,8,3,"y3",0.909292490401431
30,8,3,"y4",0.873425153030281
30,8,3,"y5",0.703347002901285
30,8,4,"y1",0.948381770487278
30,8,4,"y2",0.946594723110313
30,8,4,"y3",0.903006752945343
30,8,4,"y4",0.960159494897211
30,8,4,"y5",0.638463447717078
30,9,1,"y1",0.986655655154439
30,9,1,"y2",0.952648813406844
30,9,1,"y3",0.874189240530361
30,9,1,"y4",0.831685103521793
30,9,1,"y5",0.666430006880922
30,9,2,"y1",0.99226409315153
30,9,2,"y2",0.830367205141048
30,9,2,"y3",0.77459119389325
30,9,2,"y4",0.743561174695515
30,9,2,"y5",0.56705691489782
30,9,3,"y1",0.949632715975199
30,9,3,"y2",0.994751344734406
30,9,3,"y3",0.922173611604366
30,9,3,"y4",0.881058108064396
30,9,3,"y5",0.713317902569962
30,9,4,"y1",0.947285076693817
30,9,4,"y2",0.930928072821356
30,9,4,"y3",0.883926131537218
30,9,4,"y4",0.945518706088219
30,9,4,"y5",0.588166134921957
30,10,1,"y1",0.974703142708709
30,10,1,"y2",0.954238449261243
30,10,1,"y3",0.849841397991878
30,10,1,"y4",0.843755933503165
30,10,1,"y5",0.662822755773263
30,10,2,"y1",0.993797986315797
30,10,2,"y2",0.836174032757078
30,10,2,"y3",0.771835141392004
30,10,2,"y4",0.752527358083151
30,10,2,"y5",0.566406116709778
30,10,3,"y1",0.940253999865277
30,10,3,"y2",0.994627317212489
30,10,3,"y3",0.9130945160582
30,10,3,"y4",0.870227979971413
30,10,3,"y5",0.713719716557549
30,10,4,"y1",0.945116637796911
30,10,4,"y2",0.935734012237162
30,10,4,"y3",0.881702357364494
30,10,4,"y4",0.94636609278355
30,10,4,"y5",0.604044454096275
