"run","visit","cluster","feature","incremental_importance"
1,1,1,"y1",0.849058029491421
1,1,1,"y2",0.947495407571969
1,1,1,"y3",0.758639345400543
1,1,1,"y4",0.785635147088298
1,1,1,"y5",0.705764722109873
1,1,2,"y1",0.776782747732647
1,1,2,"y2",0.956728456726605
1,1,2,"y3",0.695802457175344
1,1,2,"y4",0.757687599224947
1,1,2,"y5",0.644352425248924
1,1,3,"y1",0.915019895350124
1,1,3,"y2",0.845645654499328
1,1,3,"y3",0.731551124878198
1,1,3,"y4",0.763036613347714
1,1,3,"y5",0.659603006941809
1,1,4,"y1",0.773777676124736
1,1,4,"y2",0.826473658650038
1,1,4,"y3",0.653176412331582
1,1,4,"y4",0.97250562330952
1,1,4,"y5",0.610552803789272
1,2,1,"y1",-0.0287550687085453
1,2,1,"y2",0.0149864757882932
1,2,1,"y3",0.0402888276752648
1,2,1,"y4",-0.00036200609352921
1,2,1,"y5",0.059041284716429
1,2,2,"y1",0.0361923287213443
1,2,2,"y2",0.000639977233422573
1,2,2,"y3",0.0810237869417983
1,2,2,"y4",0.0513034416033958
1,2,2,"y5",0.0213079796559145
1,2,3,"y1",0.0459851976889384
1,2,3,"y2",0.0353336597509885
1,2,3,"y3",0.0863764012989219
1,2,3,"y4",0.0349184069724395
1,2,3,"y5",0.0398865994101529
1,2,4,"y1",0.138020821008949
1,2,4,"y2",0.0606547421613803
1,2,4,"y3",0.169641639063745
1,2,4,"y4",-0.0155364112112214
1,2,4,"y5",0.0486484716739515
1,3,1,"y1",0.0414450485966124
1,3,1,"y2",0.0052749280329476
1,3,1,"y3",0.0130296430047688
1,3,1,"y4",0.000293293242082937
1,3,1,"y5",-0.107472014143449
1,3,2,"y1",-0.0378303187821331
1,3,2,"y2",-0.018203689606197
1,3,2,"y3",-0.0245043771651945
1,3,2,"y4",0.00922769589141281
1,3,2,"y5",-0.0341998992214844
1,3,3,"y1",0.0129669688910552
1,3,3,"y2",0.0265872323470091
1,3,3,"y3",0.01484304260012
1,3,3,"y4",-0.0255926200742284
1,3,3,"y5",0.0161817075381393
1,3,4,"y1",0.0432787040280064
1,3,4,"y2",0.0348460296900625
1,3,4,"y3",0.0252681745510149
1,3,4,"y4",0.0237681322669606
1,3,4,"y5",-0.0245164959826459
1,4,1,"y1",0.00629685693084925
1,4,1,"y2",0.0264904474655159
1,4,1,"y3",-0.0294605993823852
1,4,1,"y4",0.0337815036976412
1,4,1,"y5",0.000393480564678361
1,4,2,"y1",0.0765459108280353
1,4,2,"y2",-0.0509729836285493
1,4,2,"y3",0.0283282142087369
1,4,2,"y4",0.0328664643301501
1,4,2,"y5",0.0525432242548814
1,4,3,"y1",0.00387301612731716
1,4,3,"y2",0.0384088026430184
1,4,3,"y3",0.0146040905460901
1,4,3,"y4",0.0520036547534881
1,4,3,"y5",0.0244252001249142
1,4,4,"y1",0.0179234262765122
1,4,4,"y2",0.0369195906226605
1,4,4,"y3",0.0816215447545784
1,4,4,"y4",-0.0558545477974695
1,4,4,"y5",0.0423754859917158
1,5,1,"y1",0.00690446554822177
1,5,1,"y2",-0.0237768972989354
1,5,1,"y3",-0.00399175602020152
1,5,1,"y4",-0.00300043756124113
1,5,1,"y5",0.0275314601888001
1,5,2,"y1",0.102321138504634
1,5,2,"y2",-0.0517360722828596
1,5,2,"y3",0.059991930458451
1,5,2,"y4",-0.0161828934162509
1,5,2,"y5",0.0613223838890972
1,5,3,"y1",-0.00630895902787132
1,5,3,"y2",0.0180601071971943
1,5,3,"y3",0.00841460203186684
1,5,3,"y4",0.000794918454381177
1,5,3,"y5",0.00801842746564152
1,5,4,"y1",-0.00228612928641547
1,5,4,"y2",-0.00773019117646256
1,5,4,"y3",-0.0375623633463866
1,5,4,"y4",0.0431095171512951
1,5,4,"y5",-0.0359936314185553
1,6,1,"y1",-0.00349691428479315
1,6,1,"y2",-0.00325949293363736
1,6,1,"y3",-0.0305566433087565
1,6,1,"y4",0.0394505950592806
1,6,1,"y5",-0.00281325156749046
1,6,2,"y1",0.0396976980964057
1,6,2,"y2",0.0194103818688915
1,6,2,"y3",0.00470829707620202
1,6,2,"y4",-0.0752082154086255
1,6,2,"y5",-0.00696377657611846
1,6,3,"y1",0.0133562294749149
1,6,3,"y2",-0.017454872615369
1,6,3,"y3",-0.000375963580158678
1,6,3,"y4",-0.00702370756351756
1,6,3,"y5",0.0220421866581378
1,6,4,"y1",0.00176050791751015
1,6,4,"y2",0.00481304008654804
1,6,4,"y3",0.021599800095731
1,6,4,"y4",-0.00404733547030911
1,6,4,"y5",0.012348860402747
1,7,1,"y1",9.35073566691313e-05
1,7,1,"y2",0.0150468589193077
1,7,1,"y3",-0.00302977035300089
1,7,1,"y4",0.0045964537349994
1,7,1,"y5",-0.01743855921813
1,7,2,"y1",0.00622267586464176
1,7,2,"y2",0.0219289777534999
1,7,2,"y3",0.0249294389269283
1,7,2,"y4",0.00334764352518968
1,7,2,"y5",-0.0155673608665279
1,7,3,"y1",-0.0158291603064102
1,7,3,"y2",0.0273267674481172
1,7,3,"y3",0.0015643607362319
1,7,3,"y4",0.0159326310473825
1,7,3,"y5",0.0091955709988143
1,7,4,"y1",-0.00540807265659304
1,7,4,"y2",0.0080375088434278
1,7,4,"y3",0.0129241501598772
1,7,4,"y4",-0.00723731422174612
1,7,4,"y5",-0.00275979627792455
1,8,1,"y1",-0.00122122086746379
1,8,1,"y2",0.001672824573408
1,8,1,"y3",0.00853191394149955
1,8,1,"y4",-0.0186578901115065
1,8,1,"y5",-0.00158786249008225
1,8,2,"y1",6.78190344256535e-05
1,8,2,"y2",-0.033968725477095
1,8,2,"y3",-0.0297892888139261
1,8,2,"y4",0.00661762391914322
1,8,2,"y5",0.002827079310186
1,8,3,"y1",0.00174707414696018
1,8,3,"y2",-0.000363137607850672
1,8,3,"y3",-0.0120813312281003
1,8,3,"y4",0.0204448400759903
1,8,3,"y5",-0.0112467046092463
1,8,4,"y1",-0.00993302868406132
1,8,4,"y2",-0.00204544649303073
1,8,4,"y3",-0.00526998791288358
1,8,4,"y4",-0.000113104383686724
1,8,4,"y5",-0.004757229124288
1,9,1,"y1",0.00339103925315487
1,9,1,"y2",0.00569552540551521
1,9,1,"y3",-0.00492805922794493
1,9,1,"y4",-0.000876327816917377
1,9,1,"y5",0.00844360103235808
1,9,2,"y1",0
1,9,2,"y2",0.00537750992549113
1,9,2,"y3",0.00383846046442149
1,9,2,"y4",-0.00687756378021787
1,9,2,"y5",0.0067341276458257
1,9,3,"y1",-0.00644520312104324
1,9,3,"y2",-0.0143827124187058
1,9,3,"y3",-0.00440856272629397
1,9,3,"y4",0.00509151304457134
1,9,3,"y5",0.0137020522253336
1,9,4,"y1",0.00921988408342334
1,9,4,"y2",-0.00422849025859262
1,9,4,"y3",-0.000757839356444245
1,9,4,"y4",0.00400358294657421
1,9,4,"y5",0.000524280985643943
1,10,1,"y1",-0.0118970423296292
1,10,1,"y2",0.0038837304008531
1,10,1,"y3",0.00790966668904003
1,10,1,"y4",0.00922742700334489
1,10,1,"y5",-0.00663160124331419
1,10,2,"y1",0
1,10,2,"y2",-0.00586892605628841
1,10,2,"y3",-0.0161671726528442
1,10,2,"y4",0.00858311345395546
1,10,2,"y5",0.000807369923434553
1,10,3,"y1",0.00441788976866786
1,10,3,"y2",0.00885487987306832
1,10,3,"y3",-0.000121324296448289
1,10,3,"y4",0.00572511160050393
1,10,3,"y5",-0.00458330281101149
1,10,4,"y1",0.00163991367202687
1,10,4,"y2",-0.00659532470460777
1,10,4,"y3",-0.00507394578072129
1,10,4,"y4",0.00645316898539949
1,10,4,"y5",0.00691675708233497
2,1,1,"y1",0.808490105540519
2,1,1,"y2",0.916271900212209
2,1,1,"y3",0.751950103595629
2,1,1,"y4",0.794334580519233
2,1,1,"y5",0.729606027998859
2,1,2,"y1",0.837545183686797
2,1,2,"y2",0.90704565098132
2,1,2,"y3",0.818114262180906
2,1,2,"y4",0.816565382448575
2,1,2,"y5",0.797671665437644
2,1,3,"y1",0.979499638573946
2,1,3,"y2",0.78728091145201
2,1,3,"y3",0.695673248547135
2,1,3,"y4",0.778393557433604
2,1,3,"y5",0.733838196740735
2,1,4,"y1",0.77726047349638
2,1,4,"y2",0.821986162010161
2,1,4,"y3",0.733371746750917
2,1,4,"y4",0.955552116072174
2,1,4,"y5",0.672355130136042
2,2,1,"y1",0.101246638490794
2,2,1,"y2",0.057327712665592
2,2,1,"y3",0.0425403776182951
2,2,1,"y4",0.0249987083601176
2,2,1,"y5",0.0124917070998098
2,2,2,"y1",0.0696036243642493
2,2,2,"y2",0.0142626895358148
2,2,2,"y3",-0.0122045932524792
2,2,2,"y4",0.000895715836857547
2,2,2,"y5",-0.0325269863974922
2,2,3,"y1",-0.0498360341872625
2,2,3,"y2",0.0706636826495844
2,2,3,"y3",0.127380938567876
2,2,3,"y4",-0.00227395458204316
2,2,3,"y5",0.0811749170519666
2,2,4,"y1",0.06316952470329
2,2,4,"y2",0.00042792954813986
2,2,4,"y3",0.0717897336082708
2,2,4,"y4",-0.00196162445300563
2,2,4,"y5",-0.000377026459598695
2,3,1,"y1",0.027142548907459
2,3,1,"y2",-0.042474375862798
2,3,1,"y3",-0.0179586928557678
2,3,1,"y4",-0.0185956056746081
2,3,1,"y5",-0.0301452665846683
2,3,2,"y1",-0.0261360430713258
2,3,2,"y2",-0.0196908849260188
2,3,2,"y3",0.0180516406641291
2,3,2,"y4",-0.0768193246095525
2,3,2,"y5",-0.0779038178946105
2,3,3,"y1",0.0379215729486315
2,3,3,"y2",0.0397145030111095
2,3,3,"y3",-0.00244419009231656
2,3,3,"y4",-0.00218049995191083
2,3,3,"y5",-0.0475585288315661
2,3,4,"y1",0.0646682394712643
2,3,4,"y2",0.0711906983419849
2,3,4,"y3",0.0719671298727388
2,3,4,"y4",0.00508542477242102
2,3,4,"y5",0.0179991068964159
2,4,1,"y1",0.0182757456890584
2,4,1,"y2",0.0267366836948948
2,4,1,"y3",-0.0238701743987216
2,4,1,"y4",-0.00611963331788568
2,4,1,"y5",0.00254652864937688
2,4,2,"y1",0.0398643561825646
2,4,2,"y2",-0.0371825640785808
2,4,2,"y3",0.068254901659922
2,4,2,"y4",0.0471857662339081
2,4,2,"y5",0.0185821897981145
2,4,3,"y1",0.0201061057041897
2,4,3,"y2",0.0155864836238142
2,4,3,"y3",-0.00809919240423407
2,4,3,"y4",0.0287408106137814
2,4,3,"y5",0.00209272851463815
2,4,4,"y1",0.0419607031719991
2,4,4,"y2",0.0345341947758993
2,4,4,"y3",0.0265873635333269
2,4,4,"y4",-0.0253161588185402
2,4,4,"y5",0.00414167976031388
2,5,1,"y1",0.0139970777108286
2,5,1,"y2",-0.00413073883574389
2,5,1,"y3",0.0280338343293499
2,5,1,"y4",0.0127856967432228
2,5,1,"y5",-0.00694919948095907
2,5,2,"y1",0.0163810321257294
2,5,2,"y2",-0.000397851240178437
2,5,2,"y3",0.0281894580005819
2,5,2,"y4",-0.0080076011783069
2,5,2,"y5",0.0226363226510138
2,5,3,"y1",0.00780094246940821
2,5,3,"y2",0.0150710990970965
2,5,3,"y3",0.0345300438809011
2,5,3,"y4",-0.00403436424266268
2,5,3,"y5",0.0162441074630713
2,5,4,"y1",0.0367773365711168
2,5,4,"y2",0.0253547755818337
2,5,4,"y3",-0.0123888544488808
2,5,4,"y4",-0.0296535998594596
2,5,4,"y5",-0.00136325431859563
2,6,1,"y1",0.0257658446794223
2,6,1,"y2",-0.0168521020914678
2,6,1,"y3",-0.0103453030235836
2,6,1,"y4",0.00691603027369736
2,6,1,"y5",0.0325444004324132
2,6,2,"y1",0.0238872090904916
2,6,2,"y2",0.00148394309081734
2,6,2,"y3",-0.000713806192588984
2,6,2,"y4",-0.01477367074272
2,6,2,"y5",-0.0156464330316823
2,6,3,"y1",-0.00307630927082392
2,6,3,"y2",-0.00998350431541795
2,6,3,"y3",0.0166714154829134
2,6,3,"y4",-0.0238371744462141
2,6,3,"y5",-0.0072135216723701
2,6,4,"y1",-0.00422122643628853
2,6,4,"y2",-0.00613239227171714
2,6,4,"y3",0.00833814258368859
2,6,4,"y4",-0.016151298702984
2,6,4,"y5",-0.0117348572132939
2,7,1,"y1",-0.0196337698517455
2,7,1,"y2",-0.0120189439490163
2,7,1,"y3",-0.0186892294711892
2,7,1,"y4",-0.0200915398407219
2,7,1,"y5",-0.0271191727459034
2,7,2,"y1",0.0156680106015787
2,7,2,"y2",-0.0107063320557522
2,7,2,"y3",-0.00713893114940456
2,7,2,"y4",-0.00756958386089712
2,7,2,"y5",0.0116448548864626
2,7,3,"y1",-0.0104456869174995
2,7,3,"y2",0.0129593893778313
2,7,3,"y3",0.0231342628704636
2,7,3,"y4",-0.00759806861460943
2,7,3,"y5",0.00344051934703493
2,7,4,"y1",-0.0066214139647639
2,7,4,"y2",0.0120508940655735
2,7,4,"y3",-0.005675895808401
2,7,4,"y4",0.0188284148009977
2,7,4,"y5",0.0199577659414816
2,8,1,"y1",0.00271103929099925
2,8,1,"y2",-0.00595388918309181
2,8,1,"y3",0.0195123610384982
2,8,1,"y4",0.00543895279690554
2,8,1,"y5",-0.00833017328520846
2,8,2,"y1",-0.0021618041159257
2,8,2,"y2",-0.000157111132335852
2,8,2,"y3",-0.00904882932110973
2,8,2,"y4",-0.02373942270803
2,8,2,"y5",-0.00151253643918692
2,8,3,"y1",-0.000472275952538959
2,8,3,"y2",-7.87235667778496e-05
2,8,3,"y3",0.00242771383742224
2,8,3,"y4",-0.0131087804353356
2,8,3,"y5",0.00945916742035935
2,8,4,"y1",-0.000202311231573771
2,8,4,"y2",0.00483990492576636
2,8,4,"y3",0.00157545986234953
2,8,4,"y4",-0.000131086972087968
2,8,4,"y5",0.00970092828630176
2,9,1,"y1",0.0133680222033959
2,9,1,"y2",-0.00808526821142164
2,9,1,"y3",-0.0060801012805658
2,9,1,"y4",0.000710944429922922
2,9,1,"y5",0.0112767474183683
2,9,2,"y1",0.0253484311358405
2,9,2,"y2",-0.0189627181830965
2,9,2,"y3",0.00616568837397002
2,9,2,"y4",-0.00510349504406393
2,9,2,"y5",-0.0160027525856579
2,9,3,"y1",-0.00581449877447959
2,9,3,"y2",0.0129012366647715
2,9,3,"y3",0.00191271018348405
2,9,3,"y4",0.00595985694780687
2,9,3,"y5",0.00296522650236353
2,9,4,"y1",0.0227412140504629
2,9,4,"y2",0.00228033343600265
2,9,4,"y3",-0.0135751762267536
2,9,4,"y4",-0.0490768591262651
2,9,4,"y5",-0.0162668903924716
2,10,1,"y1",-0.00647433039954093
2,10,1,"y2",0.0117856773738958
2,10,1,"y3",0.0141986392085327
2,10,1,"y4",0.00197434138098318
2,10,1,"y5",0.00679017291544515
2,10,2,"y1",0
2,10,2,"y2",-0.0266572162002623
2,10,2,"y3",-0.0164704800864106
2,10,2,"y4",-0.00699934161799332
2,10,2,"y5",0.00505453150457291
2,10,3,"y1",0.00135490326763543
2,10,3,"y2",0.0156052610681339
2,10,3,"y3",0.0116333799905733
2,10,3,"y4",0.0161827993173684
2,10,3,"y5",0.011246739269125
2,10,4,"y1",-0.00569115047268987
2,10,4,"y2",0.00143841884005902
2,10,4,"y3",0.00736232512544299
2,10,4,"y4",0.00433246651891406
2,10,4,"y5",-0.00228055481552081
3,1,1,"y1",0.94551231529689
3,1,1,"y2",0.86830698214279
3,1,1,"y3",0.825677337618317
3,1,1,"y4",0.765375414750364
3,1,1,"y5",0.642675729547098
3,1,2,"y1",0.951115162274312
3,1,2,"y2",0.847499658830544
3,1,2,"y3",0.823421346772764
3,1,2,"y4",0.82970516128693
3,1,2,"y5",0.798794441886359
3,1,3,"y1",0.993727394169193
3,1,3,"y2",0.7912035582825
3,1,3,"y3",0.826687049909429
3,1,3,"y4",0.735887933392879
3,1,3,"y5",0.62004150119577
3,1,4,"y1",0.816020702264736
3,1,4,"y2",0.782772262000221
3,1,4,"y3",0.576069091610284
3,1,4,"y4",1
3,1,4,"y5",0.558184270014558
3,2,1,"y1",-0.01721092032391
3,2,1,"y2",0.0934494394179626
3,2,1,"y3",-0.0110054311778647
3,2,1,"y4",0.0302961838082207
3,2,1,"y5",0.048819010133649
3,2,2,"y1",-0.0185576605887634
3,2,2,"y2",0.0487966333763713
3,2,2,"y3",0.0302259339504435
3,2,2,"y4",0.0147600223604403
3,2,2,"y5",-0.11419521047771
3,2,3,"y1",-0.000687297498210948
3,2,3,"y2",0.0245438781130366
3,2,3,"y3",-0.00270811900083889
3,2,3,"y4",0.0567863401765811
3,2,3,"y5",0.00786292432573865
3,2,4,"y1",0.0836167777944353
3,2,4,"y2",0.0606192930833344
3,2,4,"y3",0.146950354412988
3,2,4,"y4",-0.0199140276876004
3,2,4,"y5",0.0414212529279191
3,3,1,"y1",0.00558843670321307
3,3,1,"y2",-0.0501096858098411
3,3,1,"y3",-0.035119434790333
3,3,1,"y4",-0.0278482151129464
3,3,1,"y5",-0.085692758647877
3,3,2,"y1",0.0482407232404114
3,3,2,"y2",-0.0876878362455373
3,3,2,"y3",-0.0191572971077653
3,3,2,"y4",-0.104874267762362
3,3,2,"y5",-0.0230387463876348
3,3,3,"y1",0.00580651824397849
3,3,3,"y2",0.0693215667158396
3,3,3,"y3",0.0419091722963855
3,3,3,"y4",-0.0135640048253305
3,3,3,"y5",0.00884716741503855
3,3,4,"y1",0.0342309409786243
3,3,4,"y2",-0.00586898055136253
3,3,4,"y3",0.0811831422552504
3,3,4,"y4",-0.00453385438825116
3,3,4,"y5",-0.0150313092924301
3,4,1,"y1",0.0323411399026375
3,4,1,"y2",-0.0119826197662459
3,4,1,"y3",-0.00382948995754884
3,4,1,"y4",0.0579367815301813
3,4,1,"y5",0.0455190003355903
3,4,2,"y1",0.0192017750740399
3,4,2,"y2",-0.0437709135458837
3,4,2,"y3",0.0243319892087358
3,4,2,"y4",-0.00428745524878771
3,4,2,"y5",-0.0525752847142965
3,4,3,"y1",0.000506367670730312
3,4,3,"y2",0.0175373323517309
3,4,3,"y3",0.0410117501407395
3,4,3,"y4",0.0325901424766967
3,4,3,"y5",0.0114057276690391
3,4,4,"y1",0.0344038580071541
3,4,4,"y2",0.0704362961438455
3,4,4,"y3",0.0603428368928768
3,4,4,"y4",-0.0319625137918687
3,4,4,"y5",0.00869378480770933
3,5,1,"y1",0.0302361114519933
3,5,1,"y2",0.0184506396413898
3,5,1,"y3",0.00691580044221618
3,5,1,"y4",0.0121968094625915
3,5,1,"y5",0.0275565351479493
3,5,2,"y1",0
3,5,2,"y2",0.0207615889533307
3,5,2,"y3",0.000793905176709075
3,5,2,"y4",-0.00128694081292136
3,5,2,"y5",0.0195993890109558
3,5,3,"y1",0.000433212378356806
3,5,3,"y2",0.0114386842706358
3,5,3,"y3",-0.0105919683726913
3,5,3,"y4",-0.00184302449801754
3,5,3,"y5",0.0307140420555747
3,5,4,"y1",-0.00786091971439462
3,5,4,"y2",-0.00664863831917395
3,5,4,"y3",0.00883224686634831
3,5,4,"y4",0.00738478672171827
3,5,4,"y5",0.019567784537415
3,6,1,"y1",0.00353291696917568
3,6,1,"y2",-0.0183374195839741
3,6,1,"y3",0.0197358696645548
3,6,1,"y4",-0.00631456816972586
3,6,1,"y5",0.0214345488505752
3,6,2,"y1",-0.00497701166018361
3,6,2,"y2",-0.0165375136997569
3,6,2,"y3",-0.00104636953847526
3,6,2,"y4",0.0102836433520143
3,6,2,"y5",0.00735997684676937
3,6,3,"y1",0.000213805035952586
3,6,3,"y2",0.0123895127561858
3,6,3,"y3",0.00637057064997837
3,6,3,"y4",0.0056610334465218
3,6,3,"y5",0.00661788158988053
3,6,4,"y1",0.004727018045108
3,6,4,"y2",0.0341147940052606
3,6,4,"y3",0.000425545805911254
3,6,4,"y4",-0.0245873936927181
3,6,4,"y5",-0.00368569360942395
3,7,1,"y1",-0.00714286963326916
3,7,1,"y2",0.00720481396925809
3,7,1,"y3",0.00261498218251321
3,7,1,"y4",0.000670090473690266
3,7,1,"y5",0.0149668873350087
3,7,2,"y1",0.00182184293357746
3,7,2,"y2",0.00207203780546195
3,7,2,"y3",-0.00262392230570319
3,7,2,"y4",-0.00282325306077724
3,7,2,"y5",-0.00235790812348613
3,7,3,"y1",-8.08633927752433e-05
3,7,3,"y2",0.00303179872739345
3,7,3,"y3",-0.00286387110403963
3,7,3,"y4",-0.00368244796761863
3,7,3,"y5",-0.00120093043465963
3,7,4,"y1",0.00934931639498637
3,7,4,"y2",0.0137078191386694
3,7,4,"y3",-0.0162491630088181
3,7,4,"y4",-0.008047711999428
3,7,4,"y5",-0.00704612761406154
3,8,1,"y1",0.00218549612149133
3,8,1,"y2",0.00607527193726132
3,8,1,"y3",0.0128505036922929
3,8,1,"y4",0.000990704295428246
3,8,1,"y5",0.00880437871795514
3,8,2,"y1",0.00315516872660615
3,8,2,"y2",0.0107994619462133
3,8,2,"y3",0.00410341806772807
3,8,2,"y4",-0.00397370593947921
3,8,2,"y5",-0.0178815459265852
3,8,3,"y1",-0.000142472882803335
3,8,3,"y2",-0.00391439855885745
3,8,3,"y3",-0.011863461629999
3,8,3,"y4",0.00507191752821767
3,8,3,"y5",0.025185039244865
3,8,4,"y1",0.00523656127288108
3,8,4,"y2",0.000214522198005995
3,8,4,"y3",0.0295931483966351
3,8,4,"y4",0.00246360249648869
3,8,4,"y5",-0.00434254249829558
3,9,1,"y1",-0.00217048535039177
3,9,1,"y2",0.00461976301882572
3,9,1,"y3",-0.0122768144568451
3,9,1,"y4",0.00185753664368693
3,9,1,"y5",0.0117034148541376
3,9,2,"y1",0
3,9,2,"y2",8.08994209855474e-05
3,9,2,"y3",0.0103720790833886
3,9,2,"y4",0.000473963662592891
3,9,2,"y5",-0.00432951605840015
3,9,3,"y1",0.000223336275578578
3,9,3,"y2",0.00527685010543888
3,9,3,"y3",0.00645429969576228
3,9,3,"y4",-0.000390708753705282
3,9,3,"y5",-0.00574166195939663
3,9,4,"y1",-0.00696269391731663
3,9,4,"y2",0.0015930861846527
3,9,4,"y3",0.00486899208136959
3,9,4,"y4",0.000842820698641833
3,9,4,"y5",-0.00871030577499088
3,10,1,"y1",0.0010637001301782
3,10,1,"y2",0.00458676735174335
3,10,1,"y3",4.14761370026717e-06
3,10,1,"y4",9.8894304045305e-05
3,10,1,"y5",-0.00777117696224405
3,10,2,"y1",0
3,10,2,"y2",0.0126311218141238
3,10,2,"y3",0.00776503650727023
3,10,2,"y4",0.0036602197730673
3,10,2,"y5",0.00565571453133429
3,10,3,"y1",-0.000806086962253039
3,10,3,"y2",-0.00453430943433442
3,10,3,"y3",-0.0165532554001055
3,10,3,"y4",-0.00428344114709678
3,10,3,"y5",-0.00726574370799826
3,10,4,"y1",-0.017364858491319
3,10,4,"y2",0.00247389545247145
3,10,4,"y3",0.00258094669317754
3,10,4,"y4",-0.022293726424922
3,10,4,"y5",0.000325905794913317
4,1,1,"y1",0.776051513474645
4,1,1,"y2",0.940224529911338
4,1,1,"y3",0.834657938211874
4,1,1,"y4",0.89542772775745
4,1,1,"y5",0.732879608487678
4,1,2,"y1",0.697772541783136
4,1,2,"y2",0.950423530508918
4,1,2,"y3",0.813313891244177
4,1,2,"y4",0.908762589848968
4,1,2,"y5",0.696794032015885
4,1,3,"y1",0.770520180340383
4,1,3,"y2",0.940090027100912
4,1,3,"y3",0.86196965632266
4,1,3,"y4",0.831034332194307
4,1,3,"y5",0.68391223107013
4,1,4,"y1",0.761394757791849
4,1,4,"y2",0.862684229573488
4,1,4,"y3",0.67344272765888
4,1,4,"y4",0.991785376676958
4,1,4,"y5",0.597618156441959
4,2,1,"y1",-0.0199561596532837
4,2,1,"y2",0.0357770707661363
4,2,1,"y3",-0.00133480430854582
4,2,1,"y4",-0.123275341754659
4,2,1,"y5",-0.033535512877599
4,2,2,"y1",0.138649243118483
4,2,2,"y2",-0.0252374225912699
4,2,2,"y3",0.0649110519655008
4,2,2,"y4",-0.118352171281052
4,2,2,"y5",0.00350977005041142
4,2,3,"y1",0.101742328645435
4,2,3,"y2",-0.0157761949596837
4,2,3,"y3",-0.00505933511303658
4,2,3,"y4",-0.00999188952159624
4,2,3,"y5",0.0865087733309723
4,2,4,"y1",0.046814802065089
4,2,4,"y2",0.0216217393692167
4,2,4,"y3",0.0678283144512922
4,2,4,"y4",-0.0378028682569868
4,2,4,"y5",0.0510085010079312
4,3,1,"y1",0.06154870521927
4,3,1,"y2",-0.0128087649375267
4,3,1,"y3",-0.0338930957578464
4,3,1,"y4",0.0221393432027404
4,3,1,"y5",-0.0310446470606435
4,3,2,"y1",0.0826074943335728
4,3,2,"y2",-0.0293712016013898
4,3,2,"y3",-0.00519816107568571
4,3,2,"y4",0.0189149459456867
4,3,2,"y5",-0.00532584950124548
4,3,3,"y1",0.00737300966616483
4,3,3,"y2",0.0388889464557161
4,3,3,"y3",-0.0155933457954611
4,3,3,"y4",0.0320704313666457
4,3,3,"y5",-0.0200812103703516
4,3,4,"y1",0.0230328311007719
4,3,4,"y2",0.00412068117656927
4,3,4,"y3",0.0264122441665389
4,3,4,"y4",0.0273138251606692
4,3,4,"y5",0.00947549861212549
4,4,1,"y1",0.0314491397293483
4,4,1,"y2",0.0126828317890602
4,4,1,"y3",0.038061711414937
4,4,1,"y4",0.0282544116000105
4,4,1,"y5",0.052193085445245
4,4,2,"y1",0.0438263594885444
4,4,2,"y2",0.00775765417841423
4,4,2,"y3",-0.00685834149024855
4,4,2,"y4",0.0246756597503968
4,4,2,"y5",-0.0241193886795574
4,4,3,"y1",0.00836507012563681
4,4,3,"y2",0.0264329640651538
4,4,3,"y3",0.0218557072719237
4,4,3,"y4",-0.00810511333705277
4,4,3,"y5",-0.0183801266391124
4,4,4,"y1",0.0168026201327232
4,4,4,"y2",0.0382085748292371
4,4,4,"y3",0.0522234323716555
4,4,4,"y4",0.0105788043217014
4,4,4,"y5",0.0459696968003223
4,5,1,"y1",-0.0137227598212714
4,5,1,"y2",0.010681327935096
4,5,1,"y3",0.0109620330589225
4,5,1,"y4",0.0137968691807457
4,5,1,"y5",-0.0258816066501185
4,5,2,"y1",-0.0120981728294848
4,5,2,"y2",0.0308764437617812
4,5,2,"y3",0.0313433122646433
4,5,2,"y4",-0.0199937998031643
4,5,2,"y5",-0.00496269930974913
4,5,3,"y1",0.0209787924096139
4,5,3,"y2",-0.0175721805495703
4,5,3,"y3",0.00768428905968443
4,5,3,"y4",0.0134463913303116
4,5,3,"y5",-0.00551478881378076
4,5,4,"y1",0.00869992064905312
4,5,4,"y2",-0.00115824256475927
4,5,4,"y3",-0.0202466270473561
4,5,4,"y4",-0.00686117917400342
4,5,4,"y5",0.0129698730533391
4,6,1,"y1",0.022388384244208
4,6,1,"y2",0.0102047947200185
4,6,1,"y3",0.00340945403306525
4,6,1,"y4",0.00985380948412606
4,6,1,"y5",-0.0263265548389003
4,6,2,"y1",0.0015762202356383
4,6,2,"y2",-0.0052973475668372
4,6,2,"y3",-0.0084805333177228
4,6,2,"y4",-0.0217816927524641
4,6,2,"y5",-0.000195967256752638
4,6,3,"y1",0.0133568479560762
4,6,3,"y2",0.012039523367914
4,6,3,"y3",0.0389054934767799
4,6,3,"y4",0.00500032554696717
4,6,3,"y5",0.00211814888581274
4,6,4,"y1",0.0181056843141887
4,6,4,"y2",0.0164973149769765
4,6,4,"y3",0.0154354078975437
4,6,4,"y4",-0.0112870353554508
4,6,4,"y5",0.0202615586272984
4,7,1,"y1",-0.0105775690792793
4,7,1,"y2",0.000183222868454291
4,7,1,"y3",-0.0136734017661091
4,7,1,"y4",0.0110230797217671
4,7,1,"y5",-0.00526755432774584
4,7,2,"y1",0.0215100136470348
4,7,2,"y2",0.0104090713713255
4,7,2,"y3",0.000256084188647643
4,7,2,"y4",0.0126195160378036
4,7,2,"y5",0.00940097735150636
4,7,3,"y1",-0.0141813086329156
4,7,3,"y2",0.0111221217496197
4,7,3,"y3",-0.0106974579753608
4,7,3,"y4",-0.00120813710428713
4,7,3,"y5",-0.0116631075879251
4,7,4,"y1",0.00347559258510977
4,7,4,"y2",0.0117653815613848
4,7,4,"y3",0.00555734655934226
4,7,4,"y4",-0.00701280296322537
4,7,4,"y5",0.0064158836026692
4,8,1,"y1",-0.011283882267308
4,8,1,"y2",-0.00157195452000969
4,8,1,"y3",-0.00084816094272111
4,8,1,"y4",0.0160731294256672
4,8,1,"y5",-0.00824323920613301
4,8,2,"y1",0.00205944503744615
4,8,2,"y2",0.000338373103512701
4,8,2,"y3",-0.00551046711576497
4,8,2,"y4",-0.0167481326026562
4,8,2,"y5",-0.00844806441469803
4,8,3,"y1",-0.0215805255165146
4,8,3,"y2",0.00284240362811539
4,8,3,"y3",-0.0153157985462226
4,8,3,"y4",0.000362080471479675
4,8,3,"y5",-0.00396917259192586
4,8,4,"y1",-0.00774950259799634
4,8,4,"y2",-0.00711843654209021
4,8,4,"y3",1.92719106523187e-05
4,8,4,"y4",0.000596805372971798
4,8,4,"y5",-0.0113016922107686
4,9,1,"y1",-0.0157031079090546
4,9,1,"y2",-0.0036276570956113
4,9,1,"y3",-0.0206227537439423
4,9,1,"y4",0.00226663756799395
4,9,1,"y5",0.018744742303044
4,9,2,"y1",0.00180600231796624
4,9,2,"y2",0.00652932397987871
4,9,2,"y3",0.00251198269752684
4,9,2,"y4",0.00244883157077236
4,9,2,"y5",0.00229653128679752
4,9,3,"y1",0.00126095182016861
4,9,3,"y2",-0.00537309069969572
4,9,3,"y3",-0.00444999415617409
4,9,3,"y4",-0.0018996036688983
4,9,3,"y5",0.0101982991849069
4,9,4,"y1",0.0174241508363522
4,9,4,"y2",0.00678818081035393
4,9,4,"y3",0.000593443215911926
4,9,4,"y4",0.00257121540971561
4,9,4,"y5",0.00713788484855982
4,10,1,"y1",0.008822491663798
4,10,1,"y2",-0.00488195442979289
4,10,1,"y3",0.00655778400639428
4,10,1,"y4",0.0163896215016793
4,10,1,"y5",-0.00697348625668426
4,10,2,"y1",0.00274351860327349
4,10,2,"y2",0.00733455119693771
4,10,2,"y3",0.00668508623593045
4,10,2,"y4",0.00106641837320587
4,10,2,"y5",0.0104489025880238
4,10,3,"y1",0.0039858629255739
4,10,3,"y2",0.00272085939379907
4,10,3,"y3",0.00624732720445187
4,10,3,"y4",0.00169123125457671
4,10,3,"y5",-0.00349973806172166
4,10,4,"y1",-0.00665046353575494
4,10,4,"y2",0.00284120812427924
4,10,4,"y3",-0.00967417940187054
4,10,4,"y4",0.00479419894095889
4,10,4,"y5",0.00893481632242465
5,1,1,"y1",0.905805527487865
5,1,1,"y2",0.83910655579866
5,1,1,"y3",0.840230261350027
5,1,1,"y4",0.866847090680402
5,1,1,"y5",0.779886305114682
5,1,2,"y1",0.846603734672184
5,1,2,"y2",0.859905357831839
5,1,2,"y3",0.752692809843723
5,1,2,"y4",0.838449057335995
5,1,2,"y5",0.739624166012124
5,1,3,"y1",0.972164590426987
5,1,3,"y2",0.772485802138907
5,1,3,"y3",0.801617353571285
5,1,3,"y4",0.782483175228244
5,1,3,"y5",0.733770367099704
5,1,4,"y1",0.759598886122628
5,1,4,"y2",0.755072271995077
5,1,4,"y3",0.681859473355271
5,1,4,"y4",0.976805540560937
5,1,4,"y5",0.636798185402492
5,2,1,"y1",0.0506217587066466
5,2,1,"y2",0.0593204329956719
5,2,1,"y3",0.0244780903721339
5,2,1,"y4",-0.072156182812388
5,2,1,"y5",-0.0342017217932957
5,2,2,"y1",0.0944878841456557
5,2,2,"y2",-0.126358985945524
5,2,2,"y3",0.109457310662481
5,2,2,"y4",-0.0752041652805987
5,2,2,"y5",0.004359229724895
5,2,3,"y1",0.0178582351751263
5,2,3,"y2",-0.00101457509150782
5,2,3,"y3",0.0784758454469748
5,2,3,"y4",-0.0368871276892648
5,2,3,"y5",-0.0298603546310935
5,2,4,"y1",0.0790418154329521
5,2,4,"y2",0.00765243912713731
5,2,4,"y3",0.0762665183749582
5,2,4,"y4",0.0216702848679939
5,2,4,"y5",0.0147898482426539
5,3,1,"y1",-0.00263255042236243
5,3,1,"y2",0.00093780698569601
5,3,1,"y3",-0.00533231534826928
5,3,1,"y4",0.0449545838945733
5,3,1,"y5",-0.0305956087451645
5,3,2,"y1",-0.0173162408939611
5,3,2,"y2",0.0456630109515722
5,3,2,"y3",-0.0218185049203863
5,3,2,"y4",0.0804637234282406
5,3,2,"y5",-0.0712161043380346
5,3,3,"y1",0.00180327541640513
5,3,3,"y2",0.0631330449030679
5,3,3,"y3",0.0304320759249874
5,3,3,"y4",0.0644987053217054
5,3,3,"y5",0.0339901396426775
5,3,4,"y1",0.0734083396046985
5,3,4,"y2",0.0267483078239145
5,3,4,"y3",0.114240088730358
5,3,4,"y4",-0.00868707125296397
5,3,4,"y5",0.0139003252518982
5,4,1,"y1",0.0365678086677506
5,4,1,"y2",-0.0185341731592239
5,4,1,"y3",0.00138936145395152
5,4,1,"y4",-0.00128806255065683
5,4,1,"y5",0.0265935625771027
5,4,2,"y1",0.0490813491182155
5,4,2,"y2",-0.0119175063252511
5,4,2,"y3",0.0306778141461052
5,4,2,"y4",-0.0209542103044811
5,4,2,"y5",-0.0187813334986512
5,4,3,"y1",-0.016674560611995
5,4,3,"y2",0.0618048784715202
5,4,3,"y3",0.0138222452556946
5,4,3,"y4",0.027141832544614
5,4,3,"y5",0.00699638058417507
5,4,4,"y1",0.0196276266045722
5,4,4,"y2",0.0281425809567557
5,4,4,"y3",0.00427846059899362
5,4,4,"y4",-0.000914312527491856
5,4,4,"y5",0.00450782376453074
5,5,1,"y1",0.0068241143299469
5,5,1,"y2",0.00275788832496593
5,5,1,"y3",-0.0200683042652885
5,5,1,"y4",0.00136554600560357
5,5,1,"y5",-0.00452656256195627
5,5,2,"y1",-0.00759427416071057
5,5,2,"y2",-0.0495096021599197
5,5,2,"y3",-0.0586233211305973
5,5,2,"y4",-0.0261093255093382
5,5,2,"y5",-0.0509611514007604
5,5,3,"y1",0.0102106729382079
5,5,3,"y2",0.016688036452827
5,5,3,"y3",0.0171698335057959
5,5,3,"y4",0.019857662179001
5,5,3,"y5",-0.0173581483445268
5,5,4,"y1",0.00654766768939985
5,5,4,"y2",0.0217530341179083
5,5,4,"y3",0.0402509087504664
5,5,4,"y4",-0.0059272239681093
5,5,4,"y5",-0.0070237280789085
5,6,1,"y1",-0.00156523428167021
5,6,1,"y2",-0.0196181553017787
5,6,1,"y3",-0.00290326340242386
5,6,1,"y4",0.0148723604471337
5,6,1,"y5",0.00255455007314287
5,6,2,"y1",0.0295074602020703
5,6,2,"y2",0.00141435009767443
5,6,2,"y3",0.0106593407163449
5,6,2,"y4",-0.0159841467738355
5,6,2,"y5",0.0203916749996235
5,6,3,"y1",0.00793759474880229
5,6,3,"y2",0.0123856018284169
5,6,3,"y3",0.0102979556615136
5,6,3,"y4",-0.0118368968574265
5,6,3,"y5",0.0111238351047245
5,6,4,"y1",0.00918021968889926
5,6,4,"y2",0.0134101121863192
5,6,4,"y3",0.017662637302996
5,6,4,"y4",0.000475698246188427
5,6,4,"y5",0.0154390289074131
5,7,1,"y1",1.86669490608304e-05
5,7,1,"y2",0.0280172467335269
5,7,1,"y3",0.0145264678833537
5,7,1,"y4",0.0107551209793588
5,7,1,"y5",0.0219703863373507
5,7,2,"y1",0.00523008691654647
5,7,2,"y2",0.0123188469659942
5,7,2,"y3",0.00566817268033437
5,7,2,"y4",0.0161275521275143
5,7,2,"y5",0.0158552426777042
5,7,3,"y1",-0.00639513945571391
5,7,3,"y2",0.000489533663308062
5,7,3,"y3",0.00544528734552951
5,7,3,"y4",0.00222220652382177
5,7,3,"y5",0.0054398723605128
5,7,4,"y1",-0.000602392657154449
5,7,4,"y2",0.00567436479664341
5,7,4,"y3",0.0106012213653811
5,7,4,"y4",0.0020144568952063
5,7,4,"y5",0.00885122616964862
5,8,1,"y1",0.00260819220537445
5,8,1,"y2",0.0108697611070575
5,8,1,"y3",-0.0136625300351524
5,8,1,"y4",-0.00435951566093862
5,8,1,"y5",-0.0256748019689619
5,8,2,"y1",-0.00506416762473705
5,8,2,"y2",0.00266136180489296
5,8,2,"y3",0.000725635287815662
5,8,2,"y4",-0.00117562373901403
5,8,2,"y5",0.00195194387474917
5,8,3,"y1",0.0018831107326962
5,8,3,"y2",-0.00705962675301386
5,8,3,"y3",-0.00466620854210487
5,8,3,"y4",-0.00423712558745792
5,8,3,"y5",0.00220046756666048
5,8,4,"y1",-0.00231574714811089
5,8,4,"y2",0.00930422522576213
5,8,4,"y3",0.00454019097179847
5,8,4,"y4",0.00139854744237689
5,8,4,"y5",0.00528042300426879
5,9,1,"y1",-0.000106013247584191
5,9,1,"y2",0.00775461482648099
5,9,1,"y3",0.0157374356206816
5,9,1,"y4",0.00748188689193419
5,9,1,"y5",0.0231844326316444
5,9,2,"y1",-0.00124326930193308
5,9,2,"y2",0.00527415372657225
5,9,2,"y3",-0.00749396424222881
5,9,2,"y4",-0.00842722082854919
5,9,2,"y5",-0.0166686200723365
5,9,3,"y1",-0.00147285075456971
5,9,3,"y2",-0.00204032452225622
5,9,3,"y3",-0.00192168944276228
5,9,3,"y4",-0.00999108049021646
5,9,3,"y5",0.008042864492951
5,9,4,"y1",0.0110862169191429
5,9,4,"y2",6.04071309605603e-05
5,9,4,"y3",-0.00466667747805183
5,9,4,"y4",0.00304471963097197
5,9,4,"y5",0.00644792530056759
5,10,1,"y1",-2.79864070866775e-05
5,10,1,"y2",-0.000466586953796866
5,10,1,"y3",0.00852615284939973
5,10,1,"y4",-0.0111406434738777
5,10,1,"y5",0.00906348544223534
5,10,2,"y1",0.0040968361559417
5,10,2,"y2",0.000464568772106211
5,10,2,"y3",0.00307684380232687
5,10,2,"y4",-0.00140752475793782
5,10,2,"y5",0.0139562156295892
5,10,3,"y1",-0.000319742694192104
5,10,3,"y2",-0.00173866173687987
5,10,3,"y3",0.00301543705917662
5,10,3,"y4",0.00498557256455223
5,10,3,"y5",-0.0113779649167799
5,10,4,"y1",0.00299744037079863
5,10,4,"y2",-0.00240313123575508
5,10,4,"y3",-0.00152980536595149
5,10,4,"y4",-0.00335993138946367
5,10,4,"y5",-0.0113176339347301
6,1,1,"y1",0.844362168644007
6,1,1,"y2",0.978296435366335
6,1,1,"y3",0.785686403380354
6,1,1,"y4",0.745900607433868
6,1,1,"y5",0.640259503937994
6,1,2,"y1",0.857599062910107
6,1,2,"y2",0.985278451369237
6,1,2,"y3",0.766262327136519
6,1,2,"y4",0.742980989749599
6,1,2,"y5",0.642942821568437
6,1,3,"y1",0.903624695478238
6,1,3,"y2",0.948645838895566
6,1,3,"y3",0.832346559848316
6,1,3,"y4",0.699622910042583
6,1,3,"y5",0.720598959794185
6,1,4,"y1",0.754715430144854
6,1,4,"y2",0.88414867119801
6,1,4,"y3",0.649668489147782
6,1,4,"y4",0.986751124926533
6,1,4,"y5",0.639375507871727
6,2,1,"y1",0.0579996802397007
6,2,1,"y2",0.00489522766876216
6,2,1,"y3",0.0249663872129663
6,2,1,"y4",-0.01623161570557
6,2,1,"y5",0.0428231592105381
6,2,2,"y1",0.00773366953374277
6,2,2,"y2",-0.0170492276473513
6,2,2,"y3",0.0287002062986562
6,2,2,"y4",0.0659025532421538
6,2,2,"y5",-0.0317105522860412
6,2,3,"y1",0.031436549941409
6,2,3,"y2",0.0167808725209596
6,2,3,"y3",0.00102918199035862
6,2,3,"y4",0.0519736177908189
6,2,3,"y5",-0.016720396856777
6,2,4,"y1",0.0788526393821151
6,2,4,"y2",0.0421725425871705
6,2,4,"y3",0.0548465127384062
6,2,4,"y4",-0.0232801936701669
6,2,4,"y5",0.00574817395058458
6,3,1,"y1",-0.0249203922816414
6,3,1,"y2",-0.004898362134792
6,3,1,"y3",-0.0610380922031502
6,3,1,"y4",-0.0027078840297311
6,3,1,"y5",-0.0794001787730826
6,3,2,"y1",-0.0143366765715219
6,3,2,"y2",0.0141639007519869
6,3,2,"y3",-0.0027815983502073
6,3,2,"y4",0.0262565688714761
6,3,2,"y5",-0.0181487366740479
6,3,3,"y1",-0.00628594213363154
6,3,3,"y2",-0.00182356786503457
6,3,3,"y3",0.00140607527156045
6,3,3,"y4",-0.0283295766037041
6,3,3,"y5",0.0101643435793037
6,3,4,"y1",0.073570597335981
6,3,4,"y2",0.0190439744451533
6,3,4,"y3",0.0810776765953016
6,3,4,"y4",0.00713424400644824
6,3,4,"y5",0.0260550514950525
6,4,1,"y1",0.0152736197569133
6,4,1,"y2",9.96146808489584e-05
6,4,1,"y3",0.0301611354189186
6,4,1,"y4",0.0215779726805098
6,4,1,"y5",0.0298675891781354
6,4,2,"y1",0.068158540194035
6,4,2,"y2",-0.0338852504731399
6,4,2,"y3",0.0421181501219161
6,4,2,"y4",-0.0136828726927507
6,4,2,"y5",0.0380559384378449
6,4,3,"y1",-0.0218373770488421
6,4,3,"y2",0.0314761631067483
6,4,3,"y3",0.021143142245147
6,4,3,"y4",0.00323574549113193
6,4,3,"y5",0.00200696930553346
6,4,4,"y1",0.0060800588770038
6,4,4,"y2",0.0143609913988454
6,4,4,"y3",0.0192457833671116
6,4,4,"y4",-0.0216562023508382
6,4,4,"y5",0.00576191517290658
6,5,1,"y1",0.0249244604832853
6,5,1,"y2",0.0179135173009363
6,5,1,"y3",-0.00759818115648458
6,5,1,"y4",0.0510492229544189
6,5,1,"y5",-0.00738472587266614
6,5,2,"y1",0.0270696815747917
6,5,2,"y2",-0.00106311977134965
6,5,2,"y3",-0.0141850434177969
6,5,2,"y4",0.00477055041671237
6,5,2,"y5",0.00112886711690374
6,5,3,"y1",-0.0186611812555528
6,5,3,"y2",0.00280384047768523
6,5,3,"y3",0.00343926655111371
6,5,3,"y4",0.00116436630784955
6,5,3,"y5",-0.00020196459034072
6,5,4,"y1",0.0142266311302294
6,5,4,"y2",0.0139300559093233
6,5,4,"y3",0.0315979140509145
6,5,4,"y4",-0.0244232785181173
6,5,4,"y5",-0.00769372882711772
6,6,1,"y1",-0.00107605083858264
6,6,1,"y2",0.00315351371390382
6,6,1,"y3",0.0354116452384714
6,6,1,"y4",6.04726374445752e-05
6,6,1,"y5",-0.00265906571349328
6,6,2,"y1",0.00668479995577265
6,6,2,"y2",0.0279525568042531
6,6,2,"y3",-0.00999848950291893
6,6,2,"y4",-0.0200214531065952
6,6,2,"y5",-0.00864012558944427
6,6,3,"y1",-0.00898102856396676
6,6,3,"y2",0.00211685286407526
6,6,3,"y3",-0.00435314751750315
6,6,3,"y4",0.008870784813098
6,6,3,"y5",-0.00610412646691283
6,6,4,"y1",0.013977310995996
6,6,4,"y2",-0.000625255083136711
6,6,4,"y3",0.00108222527882595
6,6,4,"y4",-0.00442782320848345
6,6,4,"y5",-0.00241623371115851
6,7,1,"y1",-0.00126404740301989
6,7,1,"y2",0.000540053404005647
6,7,1,"y3",0.0197589157426841
6,7,1,"y4",-0.00837006668260531
6,7,1,"y5",-0.00322190390080213
6,7,2,"y1",0.00982406451137585
6,7,2,"y2",-0.00565488363963007
6,7,2,"y3",0.0190587162134577
6,7,2,"y4",-0.00446644534879992
6,7,2,"y5",0.00681891623572051
6,7,3,"y1",-0.00615637276943815
6,7,3,"y2",0
6,7,3,"y3",0.00416162315428714
6,7,3,"y4",-0.000597028712837178
6,7,3,"y5",-0.00300725776328614
6,7,4,"y1",-0.000671854168743602
6,7,4,"y2",0.00648308121831243
6,7,4,"y3",0.00221154977111226
6,7,4,"y4",-0.0092503422972704
6,7,4,"y5",0.00569850991363219
6,8,1,"y1",-0.00556265503682041
6,8,1,"y2",0
6,8,1,"y3",-0.0143661409054145
6,8,1,"y4",0.00306381865584293
6,8,1,"y5",5.65838583850287e-05
6,8,2,"y1",0.00494744125289592
6,8,2,"y2",0.0042108773282149
6,8,2,"y3",0.00181773547457864
6,8,2,"y4",-0.00989525516877132
6,8,2,"y5",-0.00352636582512711
6,8,3,"y1",-0.00538366700780535
6,8,3,"y2",0
6,8,3,"y3",-0.00952322268867312
6,8,3,"y4",0.0070902544094017
6,8,3,"y5",-0.00371831616555718
6,8,4,"y1",0.00294871634708671
6,8,4,"y2",-0.00459205371077642
6,8,4,"y3",-0.0033010909778346
6,8,4,"y4",-0.00650457501309276
6,8,4,"y5",-0.0058920470202628
6,9,1,"y1",-0.00597633464157699
6,9,1,"y2",0
6,9,1,"y3",0.0030159040928619
6,9,1,"y4",0.0075476571849733
6,9,1,"y5",-0.000291337573445016
6,9,2,"y1",0.00664064759325578
6,9,2,"y2",-0.00346313046478786
6,9,2,"y3",-0.00485041561036403
6,9,2,"y4",0.0182317093761259
6,9,2,"y5",0.00250933643443729
6,9,3,"y1",-0.00377427807698394
6,9,3,"y2",0
6,9,3,"y3",-0.00515037244551464
6,9,3,"y4",0.00786023277720971
6,9,3,"y5",0.00883837677959209
6,9,4,"y1",-0.00313501293684493
6,9,4,"y2",0.0109683988865443
6,9,4,"y3",-0.0018170638032079
6,9,4,"y4",-0.0265617433187239
6,9,4,"y5",-0.0126844402404311
6,10,1,"y1",-0.00130160475578278
6,10,1,"y2",-0.00132966892253206
6,10,1,"y3",-0.00499828666331803
6,10,1,"y4",-0.00574675515059231
6,10,1,"y5",-0.00400197399850377
6,10,2,"y1",-0.0024926474031407
6,10,2,"y2",0.015125579884163
6,10,2,"y3",0.0203664447454424
6,10,2,"y4",-0.00754149679655169
6,10,2,"y5",-0.010815110981239
6,10,3,"y1",0.00515890790461182
6,10,3,"y2",0
6,10,3,"y3",0.00131109399411178
6,10,3,"y4",-0.000236232424074112
6,10,3,"y5",-0.0166157376220787
6,10,4,"y1",0.00421738043637654
6,10,4,"y2",0.00317467349630396
6,10,4,"y3",0.000771929448032949
6,10,4,"y4",-0.00342089802587475
6,10,4,"y5",0.00883229290817311
7,1,1,"y1",0.899658562141394
7,1,1,"y2",0.917870639905674
7,1,1,"y3",0.828250232783479
7,1,1,"y4",0.897654145317834
7,1,1,"y5",0.670229285355333
7,1,2,"y1",0.867071301676972
7,1,2,"y2",0.81500551315805
7,1,2,"y3",0.784020806198117
7,1,2,"y4",0.947594610118083
7,1,2,"y5",0.750808652728637
7,1,3,"y1",0.950844418323691
7,1,3,"y2",0.800292423662677
7,1,3,"y3",0.732568666102386
7,1,3,"y4",0.964093048808215
7,1,3,"y5",0.668484311893479
7,1,4,"y1",0.681899137261366
7,1,4,"y2",0.68306730814167
7,1,4,"y3",0.549725585247588
7,1,4,"y4",1
7,1,4,"y5",0.541039001059647
7,2,1,"y1",0.009324221332218
7,2,1,"y2",-0.00334314707563277
7,2,1,"y3",0.0195878466712923
7,2,1,"y4",-0.00120105442113327
7,2,1,"y5",0.00544293358390435
7,2,2,"y1",0.0438210450389512
7,2,2,"y2",0.0108312816776285
7,2,2,"y3",0.00695855979782356
7,2,2,"y4",-0.0607485304447315
7,2,2,"y5",-0.0555876585857112
7,2,3,"y1",0.0135648829739492
7,2,3,"y2",0.0198873172903496
7,2,3,"y3",0.000474091159222589
7,2,3,"y4",0.00948318299272377
7,2,3,"y5",-0.0245393607768689
7,2,4,"y1",0.0926689328871353
7,2,4,"y2",0.0211831312407764
7,2,4,"y3",0.0737594089452532
7,2,4,"y4",-0.00174171371265985
7,2,4,"y5",0.0476546026607835
7,3,1,"y1",0.0418618917469935
7,3,1,"y2",0.017438039158322
7,3,1,"y3",-0.0397619642018248
7,3,1,"y4",0.00552479555006335
7,3,1,"y5",0.0124029735740497
7,3,2,"y1",-0.00725948767371043
7,3,2,"y2",0.0679527050560897
7,3,2,"y3",0.0724530761141089
7,3,2,"y4",0.0294581575214649
7,3,2,"y5",0.106691360216044
7,3,3,"y1",-0.0131145646132681
7,3,3,"y2",0.0501714920747618
7,3,3,"y3",0.056595501928999
7,3,3,"y4",0.0134760642694325
7,3,3,"y5",0.0157981081250457
7,3,4,"y1",0.0526328101397652
7,3,4,"y2",0.00804512952337388
7,3,4,"y3",0.033006460416224
7,3,4,"y4",-0.0161151593892253
7,3,4,"y5",0.0160277610884135
7,4,1,"y1",0.0196032745174278
7,4,1,"y2",-0.0191807713547432
7,4,1,"y3",0.00552199687193144
7,4,1,"y4",-0.00723531319100401
7,4,1,"y5",0.0256806387351327
7,4,2,"y1",0.0387701774476075
7,4,2,"y2",-0.118010272446239
7,4,2,"y3",-0.0593868793123974
7,4,2,"y4",-0.0530694698247627
7,4,2,"y5",-0.136690042545602
7,4,3,"y1",-0.0041557968238175
7,4,3,"y2",0.0179725491576835
7,4,3,"y3",0.00444912249257057
7,4,3,"y4",0.00105411679131473
7,4,3,"y5",0.0171149001230827
7,4,4,"y1",0.0255662606570164
7,4,4,"y2",0.0156764754998825
7,4,4,"y3",0.0175527776116547
7,4,4,"y4",0.0133471011644016
7,4,4,"y5",0.00339807966594219
7,5,1,"y1",-0.000140846310763831
7,5,1,"y2",0.020316445777162
7,5,1,"y3",-0.00899680019308779
7,5,1,"y4",-0.0171329073742992
7,5,1,"y5",0.00692868908449784
7,5,2,"y1",0.0341716291343809
7,5,2,"y2",-0.00282752224209359
7,5,2,"y3",-0.016422334703887
7,5,2,"y4",-0.00785621844069284
7,5,2,"y5",0.00129969314261158
7,5,3,"y1",0.0227223823470304
7,5,3,"y2",0.0103938448000847
7,5,3,"y3",0.0148517100879246
7,5,3,"y4",-0.00136453039710882
7,5,3,"y5",0.0316659065716547
7,5,4,"y1",0.0110611122301639
7,5,4,"y2",0.013581061986662
7,5,4,"y3",0.0166481303286059
7,5,4,"y4",0.00057144029151901
7,5,4,"y5",0.00374622280625303
7,6,1,"y1",0.0286670267156848
7,6,1,"y2",-0.00934198414010146
7,6,1,"y3",0.00928408781236612
7,6,1,"y4",0.0192014846850808
7,6,1,"y5",-0.00197133748976164
7,6,2,"y1",0.0234253343757987
7,6,2,"y2",-0.00978634723233585
7,6,2,"y3",-0.0221985606793366
7,6,2,"y4",-0.0360644988093924
7,6,2,"y5",-0.0149689241369932
7,6,3,"y1",-0.00592602856042557
7,6,3,"y2",0.00705131994445363
7,6,3,"y3",0.0257530156417236
7,6,3,"y4",0.00107986961169326
7,6,3,"y5",0.0119113782264455
7,6,4,"y1",0.0054558229284819
7,6,4,"y2",0.0184535481716345
7,6,4,"y3",0.0187589459912861
7,6,4,"y4",0.00210051159117219
7,6,4,"y5",0.00622137137167822
7,7,1,"y1",-0.021903239517125
7,7,1,"y2",0.00153471147522877
7,7,1,"y3",-0.0071895094815031
7,7,1,"y4",-0.0111999569114529
7,7,1,"y5",0.00359787199561556
7,7,2,"y1",0
7,7,2,"y2",0.00319007857802023
7,7,2,"y3",0.00557228486178785
7,7,2,"y4",-0.000638304772146658
7,7,2,"y5",-0.00695134229187477
7,7,3,"y1",0.00949411837181446
7,7,3,"y2",0.00358014726250933
7,7,3,"y3",0.00690213307708709
7,7,3,"y4",-0.00316827303078471
7,7,3,"y5",0.0143894160595985
7,7,4,"y1",0.00216969170042314
7,7,4,"y2",0.0129585919767203
7,7,4,"y3",0.0191584786522871
7,7,4,"y4",-0.00448081418755764
7,7,4,"y5",0.00669723027903069
7,8,1,"y1",0.00194437063780994
7,8,1,"y2",-0.00199773091703881
7,8,1,"y3",0.0223458106779967
7,8,1,"y4",0.0126413603732589
7,8,1,"y5",0.00625601960678657
7,8,2,"y1",0
7,8,2,"y2",-0.000533944006585019
7,8,2,"y3",-0.00764461023417629
7,8,2,"y4",0.00870277528651364
7,8,2,"y5",-0.0113380031012549
7,8,3,"y1",0.00768924375450053
7,8,3,"y2",0.00018746991103713
7,8,3,"y3",0.0090963758989594
7,8,3,"y4",-0.0125132026237363
7,8,3,"y5",0.00699318029196294
7,8,4,"y1",0.00626324564725589
7,8,4,"y2",-0.0102491638331477
7,8,4,"y3",-0.00677814344804972
7,8,4,"y4",0.000136833892818933
7,8,4,"y5",-0.00258042227047794
7,9,1,"y1",0.00862950770179582
7,9,1,"y2",0.00300352304365015
7,9,1,"y3",-0.00849804100328033
7,9,1,"y4",0.0118725375574731
7,9,1,"y5",0.0107341947531611
7,9,2,"y1",0
7,9,2,"y2",0.0050513671747644
7,9,2,"y3",-0.00437711862978152
7,9,2,"y4",0.00214549010880449
7,9,2,"y5",0.00148972989270457
7,9,3,"y1",-0.000540934886344102
7,9,3,"y2",0.00843656925760483
7,9,3,"y3",-0.00262227873936016
7,9,3,"y4",-0.00796628136165378
7,9,3,"y5",-0.00670428659186528
7,9,4,"y1",0.0159504120631365
7,9,4,"y2",0.0107221221292398
7,9,4,"y3",0.0004365239623767
7,9,4,"y4",0.00105355860171452
7,9,4,"y5",0.0160813309964827
7,10,1,"y1",0.000679472992979324
7,10,1,"y2",-0.00259614625937665
7,10,1,"y3",0.0117548359906821
7,10,1,"y4",0.0179098718305152
7,10,1,"y5",0.0159003980391094
7,10,2,"y1",0
7,10,2,"y2",-0.00950663731223889
7,10,2,"y3",0.00499878820462851
7,10,2,"y4",0.00324294961739025
7,10,2,"y5",0.00145701611077131
7,10,3,"y1",-0.00253300783152344
7,10,3,"y2",0.00124442891494536
7,10,3,"y3",-0.00643444044157815
7,10,3,"y4",-0.00178681908447309
7,10,3,"y5",0.00261689731110137
7,10,4,"y1",0.0016848929228136
7,10,4,"y2",0.00456107335268308
7,10,4,"y3",-0.00372340607396759
7,10,4,"y4",-0.00431976401366285
7,10,4,"y5",-0.00226097534797243
8,1,1,"y1",0.782850589781155
8,1,1,"y2",0.928105217379614
8,1,1,"y3",0.849904107102711
8,1,1,"y4",0.679787420901515
8,1,1,"y5",0.694188942987459
8,1,2,"y1",0.809070541381435
8,1,2,"y2",0.954565395079849
8,1,2,"y3",0.788261855167184
8,1,2,"y4",0.726513983425408
8,1,2,"y5",0.689509254803339
8,1,3,"y1",0.849777225432238
8,1,3,"y2",0.926675756112345
8,1,3,"y3",0.839847076397958
8,1,3,"y4",0.694975144325113
8,1,3,"y5",0.710973545903589
8,1,4,"y1",0.807348766311388
8,1,4,"y2",0.955727810755911
8,1,4,"y3",0.699748546159356
8,1,4,"y4",0.979973579502208
8,1,4,"y5",0.658827169793017
8,2,1,"y1",0.0302361417741742
8,2,1,"y2",0.0289833601797578
8,2,1,"y3",-0.0689453450954867
8,2,1,"y4",0.0277192380287605
8,2,1,"y5",-0.0722873794967294
8,2,2,"y1",0.0229317096516448
8,2,2,"y2",-0.0137519551569425
8,2,2,"y3",0.0765947578055796
8,2,2,"y4",0.0267295742722622
8,2,2,"y5",-0.0485944345410138
8,2,3,"y1",0.0437468924410779
8,2,3,"y2",0.0294403214395651
8,2,3,"y3",-0.0137340552147811
8,2,3,"y4",0.00595794392286397
8,2,3,"y5",-0.0266199094353824
8,2,4,"y1",0.0267259167532429
8,2,4,"y2",-0.0148799790281514
8,2,4,"y3",0.069392302748342
8,2,4,"y4",-0.00847342069666268
8,2,4,"y5",0.0139992828033455
8,3,1,"y1",0.0316332144011792
8,3,1,"y2",0.0360871666803299
8,3,1,"y3",0.0390410941444188
8,3,1,"y4",0.0206192868963303
8,3,1,"y5",0.0104951107369295
8,3,2,"y1",0.110665733042071
8,3,2,"y2",-0.0202034006389717
8,3,2,"y3",0.0255912221053307
8,3,2,"y4",0.000413123212146482
8,3,2,"y5",0.00991017004422168
8,3,3,"y1",0.0196095683375961
8,3,3,"y2",0.000568331106582387
8,3,3,"y3",0.0268270335501282
8,3,3,"y4",0.0115876602015409
8,3,3,"y5",0.0228919741291759
8,3,4,"y1",0.0613337057398948
8,3,4,"y2",0.011627759591173
8,3,4,"y3",0.0850094719696082
8,3,4,"y4",-0.0278268524347284
8,3,4,"y5",-0.00740883746503995
8,4,1,"y1",0.0153253006214111
8,4,1,"y2",0.00206778975918009
8,4,1,"y3",0.0367871183499053
8,4,1,"y4",-0.0192401688863486
8,4,1,"y5",0.0198068693106385
8,4,2,"y1",-0.0449814459439023
8,4,2,"y2",0.000162344685843974
8,4,2,"y3",-0.00753262591636472
8,4,2,"y4",-0.0101199175474911
8,4,2,"y5",0.0138802419317813
8,4,3,"y1",-0.00646544767427037
8,4,3,"y2",0.0129684587988402
8,4,3,"y3",0.0210859026952388
8,4,3,"y4",-0.0454052327537475
8,4,3,"y5",-0.00531066727620988
8,4,4,"y1",0.0486674111241496
8,4,4,"y2",0.0203136280017773
8,4,4,"y3",0.00916576473523645
8,4,4,"y4",-0.0142292965002497
8,4,4,"y5",0.00822612170910897
8,5,1,"y1",0.0271607194191656
8,5,1,"y2",-0.00373291132036546
8,5,1,"y3",-0.00667976452035646
8,5,1,"y4",0.0180842212323133
8,5,1,"y5",0.0072653618105013
8,5,2,"y1",0.0230749259231551
8,5,2,"y2",-0.0137124296225438
8,5,2,"y3",0.044689650041744
8,5,2,"y4",-0.00941846812957559
8,5,2,"y5",-0.000779106521114792
8,5,3,"y1",0.00877684176258409
8,5,3,"y2",0.0159753928526002
8,5,3,"y3",-0.0242135175089601
8,5,3,"y4",0.0330230257969918
8,5,3,"y5",0.00968895349343513
8,5,4,"y1",-0.021254457824659
8,5,4,"y2",0.00254105261098903
8,5,4,"y3",0.00162097516060233
8,5,4,"y4",-0.00815935182559901
8,5,4,"y5",-0.0188004280970097
8,6,1,"y1",-0.000557352033246583
8,6,1,"y2",-0.00612737452606005
8,6,1,"y3",-0.00117417911004192
8,6,1,"y4",0.0116128583358676
8,6,1,"y5",-1.32457837574984e-05
8,6,2,"y1",0.0292120952261609
8,6,2,"y2",0.0226355695675327
8,6,2,"y3",-0.0174510895974627
8,6,2,"y4",-0.00374323308324409
8,6,2,"y5",0.0333140207785955
8,6,3,"y1",-0.0048083676051186
8,6,3,"y2",0.00548352759325177
8,6,3,"y3",0.0116383613438836
8,6,3,"y4",0.0113874913246611
8,6,3,"y5",0.0125293602633021
8,6,4,"y1",-0.00970888555506788
8,6,4,"y2",0.0116385479702098
8,6,4,"y3",0.0377206248023236
8,6,4,"y4",-0.00593614719418856
8,6,4,"y5",-0.00518441316882468
8,7,1,"y1",-0.0066276605348693
8,7,1,"y2",0.00416370070591932
8,7,1,"y3",0.0336141088285988
8,7,1,"y4",0.00725364575568954
8,7,1,"y5",-0.00412047116846437
8,7,2,"y1",-0.0290105214000094
8,7,2,"y2",-0.00988004903879269
8,7,2,"y3",-0.0250768409366041
8,7,2,"y4",-0.00611626104539187
8,7,2,"y5",-0.013150675691284
8,7,3,"y1",-0.00627503128427476
8,7,3,"y2",-0.00619389768894951
8,7,3,"y3",-0.00948695333294247
8,7,3,"y4",-0.00810230469572504
8,7,3,"y5",0.00178761908091063
8,7,4,"y1",0.005296353941735
8,7,4,"y2",0.0022337378400441
8,7,4,"y3",-0.0141784720099885
8,7,4,"y4",-0.0216191295882954
8,7,4,"y5",0.00426717824845957
8,8,1,"y1",0.0147355057712264
8,8,1,"y2",0.00399028829882364
8,8,1,"y3",0.00536955256336002
8,8,1,"y4",0.00155026239096878
8,8,1,"y5",-0.00705028325232981
8,8,2,"y1",0.0716605509210968
8,8,2,"y2",-0.0059511821364957
8,8,2,"y3",0.0239286898426284
8,8,2,"y4",0.00112034294285623
8,8,2,"y5",0.0106077254754203
8,8,3,"y1",-0.00651856807907836
8,8,3,"y2",-0.00360935506591697
8,8,3,"y3",0.0387276598684128
8,8,3,"y4",0.00142408458843468
8,8,3,"y5",0.00329984429382324
8,8,4,"y1",0.00279621466307001
8,8,4,"y2",0.00113670800875498
8,8,4,"y3",0.0099579619215675
8,8,4,"y4",0.00933506647235571
8,8,4,"y5",0.0161444121720359
8,9,1,"y1",0.000433691998383168
8,9,1,"y2",0.00200381318622389
8,9,1,"y3",0.00435655390538214
8,9,1,"y4",0.0191022082114083
8,9,1,"y5",0.0117703217782019
8,9,2,"y1",-0.0291053221880637
8,9,2,"y2",-0.00196559419416742
8,9,2,"y3",-0.00501019630010568
8,9,2,"y4",-0.0161061596055208
8,9,2,"y5",-0.013063951475245
8,9,3,"y1",-0.00038326467049421
8,9,3,"y2",-0.0033848096048994
8,9,3,"y3",-0.00453872171062097
8,9,3,"y4",0.00223441626816479
8,9,3,"y5",0.0110174401473883
8,9,4,"y1",0.000676488029496269
8,9,4,"y2",-0.0116738440859355
8,9,4,"y3",-0.0217223189498204
8,9,4,"y4",-0.000700784311479685
8,9,4,"y5",-0.00462702065182885
8,10,1,"y1",-0.00706586147889032
8,10,1,"y2",0.00401741618960638
8,10,1,"y3",0.0123853819976895
8,10,1,"y4",-0.00528660400950876
8,10,1,"y5",0.00431924894078672
8,10,2,"y1",0.0221778964622872
8,10,2,"y2",-0.00140347600505164
8,10,2,"y3",0.00761014831868057
8,10,2,"y4",-0.0071732793897612
8,10,2,"y5",-0.00890058640460678
8,10,3,"y1",-0.0205587933209183
8,10,3,"y2",0.0116150977736197
8,10,3,"y3",0.00202570416301284
8,10,3,"y4",0.00997144691647212
8,10,3,"y5",0.0106910693039582
8,10,4,"y1",-0.00410720929582975
8,10,4,"y2",0.00146713692718514
8,10,4,"y3",0.00360726270361533
8,10,4,"y4",-0.0099960264044503
8,10,4,"y5",-0.00660187522193934
9,1,1,"y1",0.861457153418314
9,1,1,"y2",0.944481432926568
9,1,1,"y3",0.807261452853737
9,1,1,"y4",0.818237902286768
9,1,1,"y5",0.738174495036281
9,1,2,"y1",0.870861082136096
9,1,2,"y2",0.828737195927642
9,1,2,"y3",0.898625495784501
9,1,2,"y4",0.809013662092861
9,1,2,"y5",0.675493954751471
9,1,3,"y1",0.90044031814093
9,1,3,"y2",0.812815665583583
9,1,3,"y3",0.794390857325669
9,1,3,"y4",0.787791861741802
9,1,3,"y5",0.658598284249931
9,1,4,"y1",0.753610824044978
9,1,4,"y2",0.721528155862417
9,1,4,"y3",0.6892372873414
9,1,4,"y4",0.993943296844157
9,1,4,"y5",0.635755814614261
9,2,1,"y1",-0.0390796462341195
9,2,1,"y2",0.0160155332086372
9,2,1,"y3",-0.0420639198930034
9,2,1,"y4",-0.022508058351901
9,2,1,"y5",-0.0745623497342849
9,2,2,"y1",0.00369426126411343
9,2,2,"y2",0.117279761614996
9,2,2,"y3",-0.150230621180126
9,2,2,"y4",-0.0245596213892036
9,2,2,"y5",-0.0265516636804836
9,2,3,"y1",0.0308602376073992
9,2,3,"y2",0.119685090151808
9,2,3,"y3",0.0951687563104004
9,2,3,"y4",0.00650743516201435
9,2,3,"y5",0.0140258646517311
9,2,4,"y1",0.0725855175916943
9,2,4,"y2",0.034977686234959
9,2,4,"y3",0.0515295840306178
9,2,4,"y4",-0.0258287681202982
9,2,4,"y5",-0.0123231162979212
9,3,1,"y1",0.0432504470943817
9,3,1,"y2",0.00997881989062721
9,3,1,"y3",0.0367726045780363
9,3,1,"y4",-0.0905414610105949
9,3,1,"y5",-0.00866066786777742
9,3,2,"y1",0.0043856339684637
9,3,2,"y2",-0.00198675406221038
9,3,2,"y3",0.0580159305344096
9,3,2,"y4",0.0539309550619338
9,3,2,"y5",0.0235368541356189
9,3,3,"y1",0.0130665463890973
9,3,3,"y2",0.0323788727832584
9,3,3,"y3",-0.00253357768927565
9,3,3,"y4",-0.00959671595442702
9,3,3,"y5",0.00538209232564624
9,3,4,"y1",0.0759956719852228
9,3,4,"y2",0.0321360382504076
9,3,4,"y3",0.115866750193994
9,3,4,"y4",0.0143804052811514
9,3,4,"y5",0.00214533572925946
9,4,1,"y1",0.0313488151741421
9,4,1,"y2",-0.0023470967365129
9,4,1,"y3",0.0138194835818874
9,4,1,"y4",0.0647082968614825
9,4,1,"y5",0.0182527607698162
9,4,2,"y1",0.0412180607445428
9,4,2,"y2",-0.0589947917006439
9,4,2,"y3",-0.0221110440401447
9,4,2,"y4",-0.0341604120886395
9,4,2,"y5",-0.0491425936147298
9,4,3,"y1",-0.00915994451552549
9,4,3,"y2",0.00917762675288336
9,4,3,"y3",0.0215922931078958
9,4,3,"y4",0.00697343575736975
9,4,3,"y5",-0.00288629855932576
9,4,4,"y1",0.0176800393738706
9,4,4,"y2",0.0473842948316008
9,4,4,"y3",0.0563312531112705
9,4,4,"y4",-0.011733310688046
9,4,4,"y5",0.00672784357779788
9,5,1,"y1",0.0322215692582166
9,5,1,"y2",0.0237996572816875
9,5,1,"y3",-0.0112734040316593
9,5,1,"y4",0.0180273538153144
9,5,1,"y5",0.0227727848065171
9,5,2,"y1",0.051033216845191
9,5,2,"y2",-0.0633013220526294
9,5,2,"y3",0.0530173454490339
9,5,2,"y4",0.0294713270664382
9,5,2,"y5",0.00233175965332721
9,5,3,"y1",0.00921954309616813
9,5,3,"y2",0.011507205220319
9,5,3,"y3",0.0123471500810867
9,5,3,"y4",0.00119980963039046
9,5,3,"y5",0.0176447179955506
9,5,4,"y1",0.0101640320106947
9,5,4,"y2",0.0623730240044177
9,5,4,"y3",0.0206076709472177
9,5,4,"y4",-0.00631922083270342
9,5,4,"y5",-0.0308840609973949
9,6,1,"y1",0.0203251735272937
9,6,1,"y2",-0.000429760115818079
9,6,1,"y3",0.0127433579976906
9,6,1,"y4",0.0148691863933458
9,6,1,"y5",0.0107484926187543
9,6,2,"y1",-0.00472324812577363
9,6,2,"y2",0.0330886915506704
9,6,2,"y3",-0.00999034954142441
9,6,2,"y4",-0.000301027780584495
9,6,2,"y5",0.0239492830231929
9,6,3,"y1",-0.00897702191371164
9,6,3,"y2",0.00126222430686518
9,6,3,"y3",0.00823468929699889
9,6,3,"y4",-0.000571871009627523
9,6,3,"y5",-0.00113735240413337
9,6,4,"y1",0.0166034187307698
9,6,4,"y2",0.0151618015838665
9,6,4,"y3",-0.0141249820516959
9,6,4,"y4",-0.00174472468415043
9,6,4,"y5",0.00853033015089644
9,7,1,"y1",-0.00805411104488696
9,7,1,"y2",0.0071308940558158
9,7,1,"y3",0.0162545079309491
9,7,1,"y4",0.00992825728081304
9,7,1,"y5",-0.00171412353416922
9,7,2,"y1",0.0248508512731147
9,7,2,"y2",-0.00793411137610767
9,7,2,"y3",-0.0173866299780621
9,7,2,"y4",-0.0227670935281183
9,7,2,"y5",-0.035336377223262
9,7,3,"y1",0.00316364514764644
9,7,3,"y2",0.00182926808495643
9,7,3,"y3",-0.00544960618240031
9,7,3,"y4",0.0137717063126021
9,7,3,"y5",0.0015241873162477
9,7,4,"y1",0.00345738704275811
9,7,4,"y2",0.0170963392671053
9,7,4,"y3",0.0169752224577951
9,7,4,"y4",0.00468470254721032
9,7,4,"y5",0.00322455902661267
9,8,1,"y1",-0.00739457560252854
9,8,1,"y2",-0.00167462858084377
9,8,1,"y3",0.0162735834093383
9,8,1,"y4",-0.00342197112311382
9,8,1,"y5",-0.00866071127189072
9,8,2,"y1",-0.0177876916572774
9,8,2,"y2",0.00224399496138672
9,8,2,"y3",0.0255226297758904
9,8,2,"y4",-0.00877730795627085
9,8,2,"y5",0.0144603897029097
9,8,3,"y1",-0.00306428797888791
9,8,3,"y2",-0.00408492562713969
9,8,3,"y3",0.0031476370321728
9,8,3,"y4",0.0103540980453338
9,8,3,"y5",-0.000565578040775394
9,8,4,"y1",0.0199769302532521
9,8,4,"y2",0.0186331939891851
9,8,4,"y3",-0.0109208367455775
9,8,4,"y4",-0.0169117673339297
9,8,4,"y5",-0.00771654926842358
9,9,1,"y1",-0.00436953504184545
9,9,1,"y2",0.00281374968715375
9,9,1,"y3",-0.00593782163248147
9,9,1,"y4",-0.00327119080073945
9,9,1,"y5",0.0080852328424269
9,9,2,"y1",0.0264678335515289
9,9,2,"y2",-0.0171642069990777
9,9,2,"y3",-0.0400608981149259
9,9,2,"y4",-0.0140246692609616
9,9,2,"y5",-0.0204919841316362
9,9,3,"y1",0.0066674825274744
9,9,3,"y2",-0.00956547083080328
9,9,3,"y3",0.0123359282095743
9,9,3,"y4",0.00713122880656625
9,9,3,"y5",-0.0123545960255802
9,9,4,"y1",-0.00489975397586384
9,9,4,"y2",0.0118363601253105
9,9,4,"y3",0.0143163319104879
9,9,4,"y4",-0.00744701634057121
9,9,4,"y5",-0.00154123849680743
9,10,1,"y1",-0.00114857479333674
9,10,1,"y2",-0.00569132912877091
9,10,1,"y3",0.00430358982018431
9,10,1,"y4",0.0136840631333419
9,10,1,"y5",-0.00991346653591108
9,10,2,"y1",0
9,10,2,"y2",0.0093853327450546
9,10,2,"y3",0.0118147497896712
9,10,2,"y4",0.0159142747843446
9,10,2,"y5",0.0129259648171227
9,10,3,"y1",-0.0110376383321011
9,10,3,"y2",0.0112936304379063
9,10,3,"y3",-0.0267683040922581
9,10,3,"y4",-0.00146625530115185
9,10,3,"y5",0.00379577766148209
9,10,4,"y1",0.0028064993640029
9,10,4,"y2",-0.0248986732798178
9,10,4,"y3",-0.0279602776834728
9,10,4,"y4",-0.00966783520044501
9,10,4,"y5",0.00210642087688884
10,1,1,"y1",0.949239358214897
10,1,1,"y2",0.806138252316113
10,1,1,"y3",0.720117293699849
10,1,1,"y4",0.822716086752901
10,1,1,"y5",0.766418753201355
10,1,2,"y1",0.896817019510425
10,1,2,"y2",0.851698086162635
10,1,2,"y3",0.777965998801912
10,1,2,"y4",0.848403440989803
10,1,2,"y5",0.75879111980247
10,1,3,"y1",0.941545953282482
10,1,3,"y2",0.840764777000134
10,1,3,"y3",0.73250832652569
10,1,3,"y4",0.845220349513075
10,1,3,"y5",0.762245029336971
10,1,4,"y1",0.871142237056902
10,1,4,"y2",0.747205502904144
10,1,4,"y3",0.6263131491463
10,1,4,"y4",1
10,1,4,"y5",0.683008442529431
10,2,1,"y1",-0.048486909333619
10,2,1,"y2",0.0884281915827263
10,2,1,"y3",0.0667185846971947
10,2,1,"y4",0.0525616391560475
10,2,1,"y5",-0.0457918432225141
10,2,2,"y1",0.0513582605167552
10,2,2,"y2",-0.026174476229922
10,2,2,"y3",-0.0119279780636357
10,2,2,"y4",0.0173321484770923
10,2,2,"y5",0.00638991538253653
10,2,3,"y1",0.0278030459116791
10,2,3,"y2",0.0578816847976903
10,2,3,"y3",0.0257134773769121
10,2,3,"y4",-0.0187725871728055
10,2,3,"y5",-0.0354019139975088
10,2,4,"y1",0.036214084816647
10,2,4,"y2",0.0270085773461554
10,2,4,"y3",0.0517470194392036
10,2,4,"y4",0
10,2,4,"y5",-0.0195765995436336
10,3,1,"y1",0.00195382395881838
10,3,1,"y2",0.0582216834567274
10,3,1,"y3",-0.0121586806698573
10,3,1,"y4",-0.0213969850730054
10,3,1,"y5",-0.00337775064679746
10,3,2,"y1",-0.0131946480730967
10,3,2,"y2",0.0439453532927766
10,3,2,"y3",0.105326926326031
10,3,2,"y4",-0.00674472611779342
10,3,2,"y5",0.0298282961674453
10,3,3,"y1",0.00687607232865561
10,3,3,"y2",0.0193316781729278
10,3,3,"y3",0.0111278901570296
10,3,3,"y4",0.0196925742016547
10,3,3,"y5",0.0360512846647929
10,3,4,"y1",0.0338330695018071
10,3,4,"y2",0.0356143833772259
10,3,4,"y3",0.0279931497211686
10,3,4,"y4",-0.00869993349953091
10,3,4,"y5",0.020918881735206
10,4,1,"y1",0.0469301702057727
10,4,1,"y2",-0.00606921156347828
10,4,1,"y3",-0.00891842459304504
10,4,1,"y4",0.0128341720043343
10,4,1,"y5",0.0234217675655093
10,4,2,"y1",0.0038401049067065
10,4,2,"y2",0.0299252026695789
10,4,2,"y3",0.00731567808932465
10,4,2,"y4",-0.037622674447324
10,4,2,"y5",-0.0228810051635954
10,4,3,"y1",-0.00912622987906964
10,4,3,"y2",0.0287396446332101
10,4,3,"y3",0.0370943194265292
10,4,3,"y4",-0.00362526280916653
10,4,3,"y5",-0.00611191421090329
10,4,4,"y1",0.0172952596535756
10,4,4,"y2",0.0568485293473453
10,4,4,"y3",0.0475829067683485
10,4,4,"y4",-0.00364801628519684
10,4,4,"y5",0.0329571967073091
10,5,1,"y1",-0.0351557501565255
10,5,1,"y2",0.00725348694891392
10,5,1,"y3",-0.00218140909489262
10,5,1,"y4",-0.0573311274543621
10,5,1,"y5",-0.0268071838752735
10,5,2,"y1",0.0550611060081624
10,5,2,"y2",-0.03444473236557
10,5,2,"y3",-0.00672202703268276
10,5,2,"y4",0.0389976922043518
10,5,2,"y5",-0.0130958770053016
10,5,3,"y1",0.00603351010056308
10,5,3,"y2",3.16700353701904e-05
10,5,3,"y3",-0.0264273011974636
10,5,3,"y4",-0.0290222805131302
10,5,3,"y5",0.00932918522576909
10,5,4,"y1",0.00642144487980045
10,5,4,"y2",0.0168996488062879
10,5,4,"y3",0.0321871715675638
10,5,4,"y4",-0.00576721815319559
10,5,4,"y5",-0.0164849789115441
10,6,1,"y1",0.0448513129853017
10,6,1,"y2",-0.00106403025337898
10,6,1,"y3",0.010727612376315
10,6,1,"y4",0.0323918555638435
10,6,1,"y5",0.002822573958848
10,6,2,"y1",-0.0167982920003561
10,6,2,"y2",-0.000773957663118274
10,6,2,"y3",-0.00936186692678964
10,6,2,"y4",-0.0183379160433566
10,6,2,"y5",0.0117151149478453
10,6,3,"y1",0.00690690136965233
10,6,3,"y2",-0.000162820089673277
10,6,3,"y3",0.00499725296824816
10,6,3,"y4",0.0178951093969049
10,6,3,"y5",0.00830456087786202
10,6,4,"y1",0.0170075681551539
10,6,4,"y2",0.0109690482092875
10,6,4,"y3",0.0250343297415627
10,6,4,"y4",-0.00139071522438716
10,6,4,"y5",0.00255185988429429
10,7,1,"y1",-0.0211348278665674
10,7,1,"y2",-0.0451058131272111
10,7,1,"y3",-0.00510473649649701
10,7,1,"y4",-0.00421173377457273
10,7,1,"y5",-0.0101352866111321
10,7,2,"y1",0.0194633823345411
10,7,2,"y2",-0.0206424074352208
10,7,2,"y3",-0.0172430128636208
10,7,2,"y4",0.00989191296507086
10,7,2,"y5",-0.00847002297107247
10,7,3,"y1",0.00774144339663818
10,7,3,"y2",0.0119502551213793
10,7,3,"y3",0.00373540025237984
10,7,3,"y4",0.0115209815701066
10,7,3,"y5",0.0109471825276635
10,7,4,"y1",0.0101946254022636
10,7,4,"y2",0.0154072420380165
10,7,4,"y3",0.00690042158086435
10,7,4,"y4",-0.00565113836669962
10,7,4,"y5",0.00905925484778236
10,8,1,"y1",0.0220760146294395
10,8,1,"y2",0.0173802188414236
10,8,1,"y3",0.0103051226319439
10,8,1,"y4",0.00891560767934996
10,8,1,"y5",0.00547246984243555
10,8,2,"y1",0.00177188016687746
10,8,2,"y2",0.000681860311884663
10,8,2,"y3",-0.00135920171950099
10,8,2,"y4",0.00519794307522559
10,8,2,"y5",-0.000206927480258967
10,8,3,"y1",-0.00522464984300963
10,8,3,"y2",0.00146800805790182
10,8,3,"y3",0.00319785387375682
10,8,3,"y4",-0.00373330088041646
10,8,3,"y5",-0.00472168822661445
10,8,4,"y1",-0.00656672197733665
10,8,4,"y2",-0.0122291336006126
10,8,4,"y3",-0.00554841560155039
10,8,4,"y4",0.000374409901981787
10,8,4,"y5",0.0124662711479983
10,9,1,"y1",-0.0285997030423949
10,9,1,"y2",0.0183383238160517
10,9,1,"y3",0.00392511493588055
10,9,1,"y4",-0.032044644657065
10,9,1,"y5",-0.0124559256813227
10,9,2,"y1",-0.00194262056635686
10,9,2,"y2",0.0137538335001856
10,9,2,"y3",0.00128117563812102
10,9,2,"y4",-0.0132490889066532
10,9,2,"y5",-0.0211034914819925
10,9,3,"y1",-0.00252492709625141
10,9,3,"y2",0.00195954002892007
10,9,3,"y3",0.00098132049525701
10,9,3,"y4",0.0051236619653664
10,9,3,"y5",0.00141753790139787
10,9,4,"y1",0.00119533685848572
10,9,4,"y2",-0.00464218441720821
10,9,4,"y3",0.00598814654959268
10,9,4,"y4",0.000574532742845912
10,9,4,"y5",-0.00668863926757735
10,10,1,"y1",0.0144100941646912
10,10,1,"y2",0.00875408354750773
10,10,1,"y3",-0.00438467400589748
10,10,1,"y4",0.018443437732
10,10,1,"y5",-0.00399583911026324
10,10,2,"y1",-0.00139680716078094
10,10,2,"y2",-0.00651443883000868
10,10,2,"y3",0.000718208072659987
10,10,2,"y4",0.00932960308122133
10,10,2,"y5",0.00321206551126207
10,10,3,"y1",-0.00330457897202729
10,10,3,"y2",0.00414867794548912
10,10,3,"y3",0.00951510093777563
10,10,3,"y4",0.0177085199557169
10,10,3,"y5",0.00417071868185837
10,10,4,"y1",-0.00606853599570434
10,10,4,"y2",-0.0204589850273947
10,10,4,"y3",-0.0184134927091363
10,10,4,"y4",0.00993163598717639
10,10,4,"y5",0.00848078459445656
11,1,1,"y1",0.834748254582157
11,1,1,"y2",0.912629686593513
11,1,1,"y3",0.634901554828443
11,1,1,"y4",0.868245230049523
11,1,1,"y5",0.680399981319695
11,1,2,"y1",0.817530425017663
11,1,2,"y2",0.897936787436334
11,1,2,"y3",0.77159918823979
11,1,2,"y4",0.89280094122898
11,1,2,"y5",0.729788467074067
11,1,3,"y1",0.939642257400662
11,1,3,"y2",0.906583543010434
11,1,3,"y3",0.747007831382182
11,1,3,"y4",0.763352486706367
11,1,3,"y5",0.618705704184421
11,1,4,"y1",0.743274558208626
11,1,4,"y2",0.7542493737362
11,1,4,"y3",0.572597644841289
11,1,4,"y4",0.987455001644094
11,1,4,"y5",0.648547479652301
11,2,1,"y1",-0.0161698557618282
11,2,1,"y2",0.0195481917390553
11,2,1,"y3",0.0261968273296349
11,2,1,"y4",-0.0532685517952082
11,2,1,"y5",0.0377712981991978
11,2,2,"y1",-0.0275617386354255
11,2,2,"y2",0.0119525273964016
11,2,2,"y3",-0.0305794579122176
11,2,2,"y4",-0.107966095982517
11,2,2,"y5",-0.108465103434926
11,2,3,"y1",0.0191409580622613
11,2,3,"y2",0.00445981015826502
11,2,3,"y3",-0.00414194087524622
11,2,3,"y4",0.070130570349786
11,2,3,"y5",0.0666355774797337
11,2,4,"y1",0.0632216508265486
11,2,4,"y2",0.0515362020513264
11,2,4,"y3",0.0775096809506135
11,2,4,"y4",0.00947840024124191
11,2,4,"y5",0.0134440175159549
11,3,1,"y1",0.0414847529447434
11,3,1,"y2",0.0416221079434566
11,3,1,"y3",0.127535976090877
11,3,1,"y4",-0.0883015194756426
11,3,1,"y5",-0.0598948473961534
11,3,2,"y1",0.0950709449197661
11,3,2,"y2",0.0189757713940764
11,3,2,"y3",0.137596401395678
11,3,2,"y4",-0.00841588601897481
11,3,2,"y5",0.0288499943083829
11,3,3,"y1",0.00596079699875218
11,3,3,"y2",0.0303855563046982
11,3,3,"y3",0.026669164796517
11,3,3,"y4",-0.0143541480864926
11,3,3,"y5",0.033046285984854
11,3,4,"y1",0.0485680177886894
11,3,4,"y2",0.0174646171542623
11,3,4,"y3",0.0911265527855625
11,3,4,"y4",0.00271792625578005
11,3,4,"y5",0.0198849330084743
11,4,1,"y1",0.0234584056326944
11,4,1,"y2",-0.00545568975761568
11,4,1,"y3",0.0111647378594021
11,4,1,"y4",0.0383398884002483
11,4,1,"y5",0.0632881043382544
11,4,2,"y1",0.0278888895408667
11,4,2,"y2",0.0210468814961104
11,4,2,"y3",0.0474435956136318
11,4,2,"y4",0.0104847795296827
11,4,2,"y5",-0.0127496025600076
11,4,3,"y1",0.00922033196941929
11,4,3,"y2",0.0322007939850925
11,4,3,"y3",0.036400262879295
11,4,3,"y4",0.00282029030175557
11,4,3,"y5",-0.0170460843631481
11,4,4,"y1",0.0564289057151226
11,4,4,"y2",0.05685844951493
11,4,4,"y3",0.0394673658642469
11,4,4,"y4",-0.0183806665340736
11,4,4,"y5",0.0267591014201298
11,5,1,"y1",0.0236188280125158
11,5,1,"y2",0.0244065419981535
11,5,1,"y3",0.00448726639839192
11,5,1,"y4",0.0129460471628348
11,5,1,"y5",-0.0195477187474269
11,5,2,"y1",-0.00125616873158874
11,5,2,"y2",-0.00718522524246079
11,5,2,"y3",-0.0285349656469595
11,5,2,"y4",-0.00563407646664371
11,5,2,"y5",-0.00749245870542714
11,5,3,"y1",-0.0216986944467924
11,5,3,"y2",0.0096308708826266
11,5,3,"y3",-0.0158777831222897
11,5,3,"y4",-0.0114032945146363
11,5,3,"y5",-0.0207920531076154
11,5,4,"y1",0.00256874847409627
11,5,4,"y2",0.0279746343807661
11,5,4,"y3",0.0355747422895766
11,5,4,"y4",-0.00281110070430401
11,5,4,"y5",0.0161425233013992
11,6,1,"y1",0.0300817737968875
11,6,1,"y2",0.00104109132679642
11,6,1,"y3",0.0172824498463253
11,6,1,"y4",-0.00856963352308426
11,6,1,"y5",-0.0251910683537584
11,6,2,"y1",0.0592952805251288
11,6,2,"y2",0.0320629017516464
11,6,2,"y3",0.0291304506394712
11,6,2,"y4",0.0172439144385983
11,6,2,"y5",0.00927081688514764
11,6,3,"y1",-0.0163992087722167
11,6,3,"y2",0.00640283543032794
11,6,3,"y3",0.0162147460567079
11,6,3,"y4",-0.0157165754194385
11,6,3,"y5",0.000438248960991316
11,6,4,"y1",0.00666719937880744
11,6,4,"y2",0.00513883965515316
11,6,4,"y3",0.00368030659856222
11,6,4,"y4",-0.00896018318751446
11,6,4,"y5",-0.0141686751971378
11,7,1,"y1",-0.00260859574758265
11,7,1,"y2",0.0025563932404693
11,7,1,"y3",-0.00621774254714536
11,7,1,"y4",0.0173467732982856
11,7,1,"y5",0.00972541584144215
11,7,2,"y1",-0.00543259065623669
11,7,2,"y2",-0.0088232034698803
11,7,2,"y3",0.00247869827878966
11,7,2,"y4",0.0315994320089464
11,7,2,"y5",-0.00760781497480112
11,7,3,"y1",0.0069826087267576
11,7,3,"y2",-0.00280308707607235
11,7,3,"y3",0.00274428812874195
11,7,3,"y4",0.00444738684272294
11,7,3,"y5",0.000493126030826851
11,7,4,"y1",0.00691023918196521
11,7,4,"y2",0.0103549054563401
11,7,4,"y3",0.00711363108984675
11,7,4,"y4",-0.00822799949890707
11,7,4,"y5",0.00774658092142544
11,8,1,"y1",-0.0116872695264226
11,8,1,"y2",0.000250424613396305
11,8,1,"y3",-0.0104917252620114
11,8,1,"y4",-0.00671869924107471
11,8,1,"y5",-0.0235275814857363
11,8,2,"y1",0.00284674474851576
11,8,2,"y2",-0.00595762064754213
11,8,2,"y3",-0.0214843603047433
11,8,2,"y4",-0.00834065513025672
11,8,2,"y5",-0.0187983267369425
11,8,3,"y1",0.000530794356105702
11,8,3,"y2",-0.00310246551908155
11,8,3,"y3",0.00126019425506851
11,8,3,"y4",0.00309262061072346
11,8,3,"y5",0.0121119274687714
11,8,4,"y1",0.00336451165518548
11,8,4,"y2",0.00807573615389823
11,8,4,"y3",0.00724156923735542
11,8,4,"y4",-0.00130148836619515
11,8,4,"y5",0.0094341938354171
11,9,1,"y1",0.00647405493839526
11,9,1,"y2",0.00340125230277522
11,9,1,"y3",0.0138378970764217
11,9,1,"y4",0.0084819576299191
11,9,1,"y5",0.00307400519204426
11,9,2,"y1",0.000580019263718867
11,9,2,"y2",0.0157268197263503
11,9,2,"y3",0.0218008950537134
11,9,2,"y4",-0.00474536394040781
11,9,2,"y5",0.00708786188621369
11,9,3,"y1",-0.0107683442317571
11,9,3,"y2",0.00733673890204212
11,9,3,"y3",0.0144510730877836
11,9,3,"y4",-0.00806885476547026
11,9,3,"y5",0.00210966663564649
11,9,4,"y1",-7.93451558050995e-05
11,9,4,"y2",0.00649389492449026
11,9,4,"y3",0.00631451755924073
11,9,4,"y4",0.000762620012278892
11,9,4,"y5",-0.00813561286811748
11,10,1,"y1",-0.0159854421470565
11,10,1,"y2",0
11,10,1,"y3",-0.00804392867793458
11,10,1,"y4",-0.00979058896554141
11,10,1,"y5",-0.00824624229507165
11,10,2,"y1",-0.00647892001109907
11,10,2,"y2",0.00726913942303975
11,10,2,"y3",0.00373124306310479
11,10,2,"y4",-0.0108547169315163
11,10,2,"y5",-0.00225818792432675
11,10,3,"y1",-0.00788657101504764
11,10,3,"y2",0.0013397089885655
11,10,3,"y3",-0.00230901496925262
11,10,3,"y4",-0.00433647812789228
11,10,3,"y5",-0.00237345512870957
11,10,4,"y1",0.00599960829744983
11,10,4,"y2",0.00518826726072796
11,10,4,"y3",0.00272647394566039
11,10,4,"y4",0.0018378821329571
11,10,4,"y5",0.014239326200822
12,1,1,"y1",0.838336803901394
12,1,1,"y2",0.947354929200397
12,1,1,"y3",0.815796415688712
12,1,1,"y4",0.753486459299499
12,1,1,"y5",0.614569995517106
12,1,2,"y1",0.78982649390273
12,1,2,"y2",0.92978163069025
12,1,2,"y3",0.801128892361012
12,1,2,"y4",0.750895870842363
12,1,2,"y5",0.642729762602553
12,1,3,"y1",0.955364778803464
12,1,3,"y2",0.850582954844765
12,1,3,"y3",0.783512706426564
12,1,3,"y4",0.637112468303683
12,1,3,"y5",0.604154654021624
12,1,4,"y1",0.738755628173195
12,1,4,"y2",0.857742223431532
12,1,4,"y3",0.617493351161726
12,1,4,"y4",0.969126691014793
12,1,4,"y5",0.651263306705126
12,2,1,"y1",0.0621296166246181
12,2,1,"y2",-0.0289113506125215
12,2,1,"y3",0.0168440700683671
12,2,1,"y4",0.0201471943946566
12,2,1,"y5",0.101140558534778
12,2,2,"y1",0.0251385478962753
12,2,2,"y2",-0.0492498271495478
12,2,2,"y3",0.0570754510927023
12,2,2,"y4",-0.0234576323840887
12,2,2,"y5",0.0733753919061787
12,2,3,"y1",0.0400694804940958
12,2,3,"y2",-0.0481991026009051
12,2,3,"y3",-0.0313374213626154
12,2,3,"y4",0.0731745147876384
12,2,3,"y5",0.035047743538196
12,2,4,"y1",0.0817792049852896
12,2,4,"y2",0.0087904403684268
12,2,4,"y3",0.0820100788857154
12,2,4,"y4",-0.00493060910359289
12,2,4,"y5",-0.0158634381795787
12,3,1,"y1",-0.033104011204433
12,3,1,"y2",0.0617864581901875
12,3,1,"y3",-0.0465410661975955
12,3,1,"y4",-0.0304150098966878
12,3,1,"y5",-0.137720313631327
12,3,2,"y1",0.130021542291833
12,3,2,"y2",-0.0141969660150997
12,3,2,"y3",-0.0145819023153683
12,3,2,"y4",-0.0233778370087352
12,3,2,"y5",-0.0627238668446591
12,3,3,"y1",-0.00233527317344251
12,3,3,"y2",0.0547913284889449
12,3,3,"y3",-0.021692094699943
12,3,3,"y4",0.035849480519584
12,3,3,"y5",0.00250387146521303
12,3,4,"y1",0.113121129434143
12,3,4,"y2",0.0385859463261318
12,3,4,"y3",0.0610715545178938
12,3,4,"y4",0.0240776414387627
12,3,4,"y5",0.0121083910407416
12,4,1,"y1",0.0265499573244478
12,4,1,"y2",0.00830837973948273
12,4,1,"y3",0.0299858896577356
12,4,1,"y4",0.034642059197036
12,4,1,"y5",0.0530867187240338
12,4,2,"y1",0.0456736917876484
12,4,2,"y2",-0.0490302864731711
12,4,2,"y3",-0.0144886129054512
12,4,2,"y4",-0.00378477442243952
12,4,2,"y5",-0.0519225222879323
12,4,3,"y1",0.000723737091575916
12,4,3,"y2",0.0319942892902654
12,4,3,"y3",0.047957559708691
12,4,3,"y4",-9.00764333083837e-05
12,4,3,"y5",0.000623029646219297
12,4,4,"y1",0.015155903348483
12,4,4,"y2",0.024011018284791
12,4,4,"y3",0.0395885483764342
12,4,4,"y4",-0.00767552163170837
12,4,4,"y5",0.0139381511816608
12,5,1,"y1",0.0215270189205824
12,5,1,"y2",-0.000456507393990391
12,5,1,"y3",-0.0240814824414446
12,5,1,"y4",-0.0147862993975086
12,5,1,"y5",-0.0382131028501196
12,5,2,"y1",-0.0290852879202241
12,5,2,"y2",0.0460388229846258
12,5,2,"y3",0.0354554868124037
12,5,2,"y4",0.00228574564290895
12,5,2,"y5",0.00407238733714499
12,5,3,"y1",-0.0010968461692793
12,5,3,"y2",0.0371396416320737
12,5,3,"y3",0.0306898751311399
12,5,3,"y4",0.0310773828518832
12,5,3,"y5",0.0193240905071038
12,5,4,"y1",0.00130528087679072
12,5,4,"y2",-0.00239536091094672
12,5,4,"y3",0.0243753519929286
12,5,4,"y4",-0.00561369585045268
12,5,4,"y5",0.000577850487809228
12,6,1,"y1",0.0105488015638905
12,6,1,"y2",0.00203281279538292
12,6,1,"y3",0.0297934843289123
12,6,1,"y4",0.013639397654684
12,6,1,"y5",0.0240621595642447
12,6,2,"y1",0.0384250120417379
12,6,2,"y2",-0.0198703096539035
12,6,2,"y3",-0.00869285115498986
12,6,2,"y4",0.0171486960330832
12,6,2,"y5",0.00689927586208205
12,6,3,"y1",0.00415001501204582
12,6,3,"y2",0.0154473767986159
12,6,3,"y3",0.0286015414810259
12,6,3,"y4",0.00604385566410326
12,6,3,"y5",-0.00586129492185405
12,6,4,"y1",0.00030812286815185
12,6,4,"y2",0.0307399592920486
12,6,4,"y3",0.0349276501645781
12,6,4,"y4",-0.0187922632563979
12,6,4,"y5",0.0173578837363069
12,7,1,"y1",0.00866840285669079
12,7,1,"y2",0.00402901441375558
12,7,1,"y3",0.0154562701594518
12,7,1,"y4",0.0233280433908799
12,7,1,"y5",0.0288686956917199
12,7,2,"y1",0
12,7,2,"y2",0.0152623633728971
12,7,2,"y3",0.00364620488032541
12,7,2,"y4",0.023463096729429
12,7,2,"y5",0.0177214843620747
12,7,3,"y1",0.00278401891787372
12,7,3,"y2",0.00208921073660462
12,7,3,"y3",0.00730047135878997
12,7,3,"y4",0.00130378058180136
12,7,3,"y5",0.00929827460532584
12,7,4,"y1",0.00631031649335889
12,7,4,"y2",0.0135185361961785
12,7,4,"y3",0.00481796490433317
12,7,4,"y4",-0.00391675134244052
12,7,4,"y5",-0.0011818833602657
12,8,1,"y1",-0.0119863463184611
12,8,1,"y2",7.88226265262537e-05
12,8,1,"y3",0.0116264851551808
12,8,1,"y4",0.00629364411488909
12,8,1,"y5",-0.00612424006138301
12,8,2,"y1",0
12,8,2,"y2",-0.0235942046368541
12,8,2,"y3",-0.0221101091097436
12,8,2,"y4",0.00719179465999931
12,8,2,"y5",-0.011944503483001
12,8,3,"y1",-0.000556923305411461
12,8,3,"y2",-0.000241734598573795
12,8,3,"y3",0.00426390384507347
12,8,3,"y4",-0.00497308163227883
12,8,3,"y5",-0.00867247708668017
12,8,4,"y1",-0.00766361575802832
12,8,4,"y2",-0.00995962360859415
12,8,4,"y3",-0.00820009519579257
12,8,4,"y4",0.00212178039719102
12,8,4,"y5",-0.0223670739024315
12,9,1,"y1",-0.0118428325956664
12,9,1,"y2",0.00577744104077982
12,9,1,"y3",-0.00908683003472488
12,9,1,"y4",-0.00710425204475251
12,9,1,"y5",-0.00201391786026905
12,9,2,"y1",0
12,9,2,"y2",0.00342677571216954
12,9,2,"y3",0.00673001422131125
12,9,2,"y4",0.00915958616502621
12,9,2,"y5",0.019946107129271
12,9,3,"y1",-0.000714614033646255
12,9,3,"y2",0.0189618284354817
12,9,3,"y3",0.0119260803292812
12,9,3,"y4",0.00359658322910039
12,9,3,"y5",0.00747366324690224
12,9,4,"y1",0.00711804663725069
12,9,4,"y2",-0.00154844094347906
12,9,4,"y3",-0.00237229454896526
12,9,4,"y4",-0.0076316684638017
12,9,4,"y5",0.00226676458883246
12,10,1,"y1",-0.00320804585292478
12,10,1,"y2",0
12,10,1,"y3",-0.000615902374719091
12,10,1,"y4",-0.00266211857498533
12,10,1,"y5",-0.000212013566971425
12,10,2,"y1",0
12,10,2,"y2",-0.021092269647415
12,10,2,"y3",-0.0209142802833965
12,10,2,"y4",-0.00828468648744007
12,10,2,"y5",-0.0208874410703599
12,10,3,"y1",-0.00558848778169629
12,10,3,"y2",-0.00881843280062067
12,10,3,"y3",0.00464505032125573
12,10,3,"y4",-0.00605744773389894
12,10,3,"y5",-0.0100645412602998
12,10,4,"y1",-0.00199668884951854
12,10,4,"y2",0.00983778837234761
12,10,4,"y3",0.00415155357550601
12,10,4,"y4",0.00441564913568093
12,10,4,"y5",-0.00049376961957992
13,1,1,"y1",0.847592442443016
13,1,1,"y2",0.930082930358563
13,1,1,"y3",0.880632980696656
13,1,1,"y4",0.758911676003125
13,1,1,"y5",0.646527400151434
13,1,2,"y1",0.797490536592777
13,1,2,"y2",0.891157558769031
13,1,2,"y3",0.851985532987915
13,1,2,"y4",0.847712741058827
13,1,2,"y5",0.685118565195443
13,1,3,"y1",0.882418049025099
13,1,3,"y2",0.873095924590199
13,1,3,"y3",0.873941648552138
13,1,3,"y4",0.817972241069495
13,1,3,"y5",0.687848542459888
13,1,4,"y1",0.692077478673406
13,1,4,"y2",0.759506872780862
13,1,4,"y3",0.74086925501938
13,1,4,"y4",0.94770387489264
13,1,4,"y5",0.660246298953447
13,2,1,"y1",-0.00753786260045308
13,2,1,"y2",0.0450705154754758
13,2,1,"y3",-0.0662115903961552
13,2,1,"y4",0.0033454105530768
13,2,1,"y5",0.021012468642389
13,2,2,"y1",0.00484871339310899
13,2,2,"y2",0.0238185282144096
13,2,2,"y3",0.0408381298874543
13,2,2,"y4",-0.0285501619830731
13,2,2,"y5",0.0158218394508144
13,2,3,"y1",0.00976020969409186
13,2,3,"y2",0.0564312222792958
13,2,3,"y3",-0.00616486815238682
13,2,3,"y4",-0.0134492590227905
13,2,3,"y5",0.0156894917696825
13,2,4,"y1",0.0617900908337664
13,2,4,"y2",0.0678196371392897
13,2,4,"y3",0.130273140715322
13,2,4,"y4",-0.0541694217266179
13,2,4,"y5",-0.00233101480239573
13,3,1,"y1",0.00593065735835219
13,3,1,"y2",-0.0126516720264116
13,3,1,"y3",0.0653843260657433
13,3,1,"y4",0.0265019935265738
13,3,1,"y5",-0.00846612134441049
13,3,2,"y1",0.0471591721937954
13,3,2,"y2",-0.0257374207800659
13,3,2,"y3",0.0266614500581138
13,3,2,"y4",0.0420926806845048
13,3,2,"y5",0.0137583772645788
13,3,3,"y1",0.0317133994179732
13,3,3,"y2",0.023421737105236
13,3,3,"y3",0.0284368415784085
13,3,3,"y4",-0.00689414070164907
13,3,3,"y5",0.0344881735303203
13,3,4,"y1",0.0610380204004352
13,3,4,"y2",-0.0323209092547864
13,3,4,"y3",0.0166121079270308
13,3,4,"y4",0.0540151331433656
13,3,4,"y5",0.00702138239453975
13,4,1,"y1",0.0369540678880418
13,4,1,"y2",-0.0267785959483916
13,4,1,"y3",0.0182286945433021
13,4,1,"y4",0.117666774950417
13,4,1,"y5",-0.00885844614876885
13,4,2,"y1",0.0656280050245186
13,4,2,"y2",-0.00719055758383169
13,4,2,"y3",0.0257790593992222
13,4,2,"y4",-0.0741771807839007
13,4,2,"y5",-0.0809567357573843
13,4,3,"y1",-0.0365362209614319
13,4,3,"y2",0.0228568312996141
13,4,3,"y3",0.0111666609541626
13,4,3,"y4",0.00469698021270748
13,4,3,"y5",0.00904394998636171
13,4,4,"y1",0.043828787730032
13,4,4,"y2",0.0633507216407372
13,4,4,"y3",0.00649220168712694
13,4,4,"y4",-0.00419095338290676
13,4,4,"y5",0.0321740082259967
13,5,1,"y1",0.0479133540745212
13,5,1,"y2",0.0462624200841495
13,5,1,"y3",0.00867020117620543
13,5,1,"y4",0.0296403252869191
13,5,1,"y5",0.00274280540298155
13,5,2,"y1",-0.0299965452473726
13,5,2,"y2",-0.0147254097690236
13,5,2,"y3",0.00381671480240953
13,5,2,"y4",0.0248456726983717
13,5,2,"y5",0.0407498200214765
13,5,3,"y1",0.0282680161399705
13,5,3,"y2",0.00891529085284359
13,5,3,"y3",0.0356893045428277
13,5,3,"y4",0.0168034496750012
13,5,3,"y5",0.0105385672198536
13,5,4,"y1",0.0490446379890115
13,5,4,"y2",0.0458742819678641
13,5,4,"y3",0.0463080531993303
13,5,4,"y4",-0.00296746064781794
13,5,4,"y5",0.040299701557939
13,6,1,"y1",-0.0113939999971755
13,6,1,"y2",-0.0310709021910994
13,6,1,"y3",0.00128040543293217
13,6,1,"y4",0.00081955163599412
13,6,1,"y5",-0.0116790025114154
13,6,2,"y1",0.0191862131167617
13,6,2,"y2",0.00657104622680249
13,6,2,"y3",0.00346671867415871
13,6,2,"y4",0.0383679204459053
13,6,2,"y5",-0.0405353914167517
13,6,3,"y1",-0.0012623589167633
13,6,3,"y2",-0.00527044503415763
13,6,3,"y3",-0.00904773272945103
13,6,3,"y4",0.0151290063535204
13,6,3,"y5",-0.0021474692815544
13,6,4,"y1",0.00244601772799602
13,6,4,"y2",-0.00220078305288451
13,6,4,"y3",-0.000553390914416307
13,6,4,"y4",0.00132895477554973
13,6,4,"y5",-0.00153586897527658
13,7,1,"y1",0.00508871784418097
13,7,1,"y2",-0.00448767474504708
13,7,1,"y3",-0.0105516755656002
13,7,1,"y4",0.000274535219431438
13,7,1,"y5",0.00462744616208011
13,7,2,"y1",0.03881244574894
13,7,2,"y2",-0.00216605903516842
13,7,2,"y3",0.0308056312211165
13,7,2,"y4",-0.00989984748081818
13,7,2,"y5",0.0200284271805181
13,7,3,"y1",0.00824837793034694
13,7,3,"y2",0.00500158906520098
13,7,3,"y3",0.00622718411438028
13,7,3,"y4",-0.00445989092365084
13,7,3,"y5",-0.0148608180440062
13,7,4,"y1",-0.0471506005121347
13,7,4,"y2",-0.00483771318018422
13,7,4,"y3",-0.00865158659464571
13,7,4,"y4",-0.00593510126410535
13,7,4,"y5",-0.0201553276450899
13,8,1,"y1",-0.0168751932248804
13,8,1,"y2",-0.000342412812057935
13,8,1,"y3",-0.00341041653508367
13,8,1,"y4",0.00441099389459887
13,8,1,"y5",0.00548039816982959
13,8,2,"y1",-0.0118679279609869
13,8,2,"y2",0.0112740604610755
13,8,2,"y3",0.00160999961023744
13,8,2,"y4",-0.000559537045693004
13,8,2,"y5",-0.0118960204355917
13,8,3,"y1",0.00221720534854319
13,8,3,"y2",-0.0136796701638392
13,8,3,"y3",0.0207777729481434
13,8,3,"y4",0.0130754547756573
13,8,3,"y5",0.015536305066076
13,8,4,"y1",0.0428131786481931
13,8,4,"y2",0.00243839487526043
13,8,4,"y3",0.00504700346809661
13,8,4,"y4",-0.00229838933394433
13,8,4,"y5",0.00563608121116033
13,9,1,"y1",-0.000843580591086246
13,9,1,"y2",0.00478386520004581
13,9,1,"y3",-0.00403074886989363
13,9,1,"y4",0.0107464115014924
13,9,1,"y5",-0.0010902420865071
13,9,2,"y1",0.0155050596684545
13,9,2,"y2",-0.000587406892847531
13,9,2,"y3",-8.19220496368622e-05
13,9,2,"y4",0.00869429661829479
13,9,2,"y5",0.0182099332038105
13,9,3,"y1",-0.00057927656245127
13,9,3,"y2",0.00194545384765676
13,9,3,"y3",0.00196033523924311
13,9,3,"y4",-0.0109675912173113
13,9,3,"y5",-0.00199521121070678
13,9,4,"y1",0.0103780087821023
13,9,4,"y2",0.0106450186784116
13,9,4,"y3",0.0118957318712676
13,9,4,"y4",0.0143796631450775
13,9,4,"y5",0.0274853497219829
13,10,1,"y1",0.0183665138264828
13,10,1,"y2",0.0265064625390553
13,10,1,"y3",0.00065381893213845
13,10,1,"y4",-0.00110906742024119
13,10,1,"y5",0.0155317473407932
13,10,2,"y1",0.00180955001653926
13,10,2,"y2",0.00599315195307693
13,10,2,"y3",0.00619070433437496
13,10,2,"y4",-0.00293517228554474
13,10,2,"y5",-0.00762351725128307
13,10,3,"y1",-0.00120109729862838
13,10,3,"y2",-0.00773454964180809
13,10,3,"y3",-0.00594228183918344
13,10,3,"y4",-0.000723169459159068
13,10,3,"y5",-0.0148621650776763
13,10,4,"y1",0.00593135991724891
13,10,4,"y2",0.00183422348660911
13,10,4,"y3",-0.00311025608487758
13,10,4,"y4",-0.00289177952945707
13,10,4,"y5",-0.0110744991113552
14,1,1,"y1",0.896530467786143
14,1,1,"y2",0.95870630490674
14,1,1,"y3",0.830797526719951
14,1,1,"y4",0.699969410785212
14,1,1,"y5",0.72781793175207
14,1,2,"y1",0.798383962807439
14,1,2,"y2",0.913030315511394
14,1,2,"y3",0.761164084164953
14,1,2,"y4",0.80642093980685
14,1,2,"y5",0.709496601858202
14,1,3,"y1",0.924747986146626
14,1,3,"y2",0.867292255351182
14,1,3,"y3",0.727749264826576
14,1,3,"y4",0.787640334633275
14,1,3,"y5",0.768495566225492
14,1,4,"y1",0.841592023298111
14,1,4,"y2",0.868609750029171
14,1,4,"y3",0.757891029507757
14,1,4,"y4",0.898084949002551
14,1,4,"y5",0.797012089299558
14,2,1,"y1",-0.0409930882651919
14,2,1,"y2",0.00566371037729885
14,2,1,"y3",-0.013428275089038
14,2,1,"y4",0.0540102870946448
14,2,1,"y5",0.000821470638173505
14,2,2,"y1",0.0713023222151922
14,2,2,"y2",-0.0157169732285931
14,2,2,"y3",0.100558678806433
14,2,2,"y4",-0.057646277771338
14,2,2,"y5",0.000360332928832863
14,2,3,"y1",0.0148559971826838
14,2,3,"y2",0.019201156555014
14,2,3,"y3",0.0485726923565428
14,2,3,"y4",-0.024709310231177
14,2,3,"y5",0.00485489637364644
14,2,4,"y1",0.0286505839830903
14,2,4,"y2",0.0670931867008377
14,2,4,"y3",0.085231707343818
14,2,4,"y4",0.0132882872982636
14,2,4,"y5",-0.0514393212156772
14,3,1,"y1",-0.0538753027864403
14,3,1,"y2",-0.0138246991402005
14,3,1,"y3",0.0294277539911123
14,3,1,"y4",-0.0156750829519563
14,3,1,"y5",0.0193479424008932
14,3,2,"y1",0.0855732169143627
14,3,2,"y2",-0.0255099216057643
14,3,2,"y3",0.0234025247483428
14,3,2,"y4",-0.0168955827908396
14,3,2,"y5",-0.0181074111198031
14,3,3,"y1",0.048135388172837
14,3,3,"y2",0.0476888608224387
14,3,3,"y3",0.0364277240702776
14,3,3,"y4",-0.00822218106275086
14,3,3,"y5",0.0263682981480816
14,3,4,"y1",0.0685957116138656
14,3,4,"y2",0.00270807750449986
14,3,4,"y3",0.0552844188700929
14,3,4,"y4",0.00118699553421697
14,3,4,"y5",-0.0145228650565296
14,4,1,"y1",0.0479061569033192
14,4,1,"y2",0.0269762723670172
14,4,1,"y3",-0.00651135538527681
14,4,1,"y4",0.0296772578272021
14,4,1,"y5",0.00540944536423527
14,4,2,"y1",0.0179915422364797
14,4,2,"y2",-0.019028730498509
14,4,2,"y3",0.00716955550843634
14,4,2,"y4",0.0234039054830359
14,4,2,"y5",-0.0483041062338331
14,4,3,"y1",-0.0256822115487259
14,4,3,"y2",0.0265581710383845
14,4,3,"y3",0.0156989011020313
14,4,3,"y4",0.0145238305378167
14,4,3,"y5",0.0116677914586165
14,4,4,"y1",0.0258569613766283
14,4,4,"y2",0.0159178582475432
14,4,4,"y3",-0.0147319328235374
14,4,4,"y4",0.0411071915841987
14,4,4,"y5",0.0062092877291926
14,5,1,"y1",0.0368538837204286
14,5,1,"y2",-0.00509504801859861
14,5,1,"y3",-0.00313256591153377
14,5,1,"y4",-0.00618913384784625
14,5,1,"y5",-0.0306034345526709
14,5,2,"y1",0.0137226208536234
14,5,2,"y2",0.00484792269380441
14,5,2,"y3",-0.0301959147174207
14,5,2,"y4",-0.00369988212699046
14,5,2,"y5",0.00186733974985609
14,5,3,"y1",-0.00918897824091369
14,5,3,"y2",0.0165880275998755
14,5,3,"y3",0.0110605749405926
14,5,3,"y4",-0.023897606787603
14,5,3,"y5",0.00295338192697803
14,5,4,"y1",-0.00993031697167845
14,5,4,"y2",0.0213228441961493
14,5,4,"y3",0.0208920705830073
14,5,4,"y4",-0.022102959771391
14,5,4,"y5",0.00288123315701427
14,6,1,"y1",0.00594879762006739
14,6,1,"y2",0.0120077675604401
14,6,1,"y3",0.00700229564371224
14,6,1,"y4",0.000484893154081067
14,6,1,"y5",0.0136976275030288
14,6,2,"y1",0.00696706638840983
14,6,2,"y2",0.0446870405422652
14,6,2,"y3",0.0203596157447505
14,6,2,"y4",-0.00799393749633126
14,6,2,"y5",0.0175894062070239
14,6,3,"y1",0.0319952907287804
14,6,3,"y2",-0.00270035998833651
14,6,3,"y3",0.0271858719237267
14,6,3,"y4",0.0217092721963237
14,6,3,"y5",0.0107882611996639
14,6,4,"y1",0.0172077211559984
14,6,4,"y2",0.00794501969306538
14,6,4,"y3",0.00704643002115757
14,6,4,"y4",-0.00574180544333447
14,6,4,"y5",-0.00480699436036658
14,7,1,"y1",0.00144493893707731
14,7,1,"y2",-0.00516003903037776
14,7,1,"y3",-0.0139622082175
14,7,1,"y4",-0.00074686994753248
14,7,1,"y5",-0.00825260732114119
14,7,2,"y1",0.0043790817146131
14,7,2,"y2",-0.0148721402722877
14,7,2,"y3",-0.0125213836256814
14,7,2,"y4",0.00814374488132641
14,7,2,"y5",0.0120483069062683
14,7,3,"y1",0.00371099025259058
14,7,3,"y2",-0.00752339783029099
14,7,3,"y3",-0.00198788341694667
14,7,3,"y4",-0.0233051384680758
14,7,3,"y5",-0.00520722898340487
14,7,4,"y1",-0.00303671347784906
14,7,4,"y2",0.000225504636090279
14,7,4,"y3",-0.00789337280121927
14,7,4,"y4",-0.00881117969766909
14,7,4,"y5",-0.00383371462915583
14,8,1,"y1",0.00365798651790528
14,8,1,"y2",0.00664915428963941
14,8,1,"y3",-0.00935150693504871
14,8,1,"y4",0.0168840913063437
14,8,1,"y5",0.0187529659947644
14,8,2,"y1",-2.14883136158139e-05
14,8,2,"y2",0.00796814237880894
14,8,2,"y3",-0.0115187958424846
14,8,2,"y4",0.00450815902888768
14,8,2,"y5",0.00491120074799012
14,8,3,"y1",-0.00525369001295006
14,8,3,"y2",-0.0039814619781775
14,8,3,"y3",-0.00647233539132663
14,8,3,"y4",-0.0187011785039232
14,8,3,"y5",0.0121524592283353
14,8,4,"y1",0.004832199703794
14,8,4,"y2",-0.00149821577761111
14,8,4,"y3",0.00426138752349969
14,8,4,"y4",-0.0014483025603963
14,8,4,"y5",0.0123522301238473
14,9,1,"y1",-0.0055939194677741
14,9,1,"y2",0.0138708678022393
14,9,1,"y3",-0.00339374793881764
14,9,1,"y4",-0.0118698354952564
14,9,1,"y5",-0.0035620408864474
14,9,2,"y1",0.00170167518349551
14,9,2,"y2",-0.0160485877362245
14,9,2,"y3",0.00304123551252955
14,9,2,"y4",-0.0135007754176588
14,9,2,"y5",0.0149202262916295
14,9,3,"y1",0.000103033277244702
14,9,3,"y2",-0.00350856663362364
14,9,3,"y3",0.00542152795454987
14,9,3,"y4",-0.0106936904596489
14,9,3,"y5",-0.000771390770670455
14,9,4,"y1",-0.00163094182576862
14,9,4,"y2",-0.00359245392049268
14,9,4,"y3",-0.0151873224779373
14,9,4,"y4",-0.0192328337165539
14,9,4,"y5",-0.0152029743388147
14,10,1,"y1",-0.00799205129088432
14,10,1,"y2",-0.000984317485840935
14,10,1,"y3",-0.0083783730521958
14,10,1,"y4",-0.0158047907107374
14,10,1,"y5",0.0128424217361037
14,10,2,"y1",-0.000602842932701297
14,10,2,"y2",0.0118303258116735
14,10,2,"y3",0.0144456477953888
14,10,2,"y4",0.0169530100074362
14,10,2,"y5",-0.0213009561121735
14,10,3,"y1",-0.00250639716664591
14,10,3,"y2",-0.00118458418848977
14,10,3,"y3",0.00346290917614966
14,10,3,"y4",0.00389806305687646
14,10,3,"y5",0.0132279400177643
14,10,4,"y1",0.000662120055075932
14,10,4,"y2",0.0036479545449134
14,10,4,"y3",-0.0027281684055297
14,10,4,"y4",-0.0155168679571098
14,10,4,"y5",-0.0145682870254472
15,1,1,"y1",0.807558147072506
15,1,1,"y2",0.883140300678154
15,1,1,"y3",0.801770476233339
15,1,1,"y4",0.898188177845264
15,1,1,"y5",0.642053023511543
15,1,2,"y1",0.809123053603576
15,1,2,"y2",0.93046303115651
15,1,2,"y3",0.798685835288927
15,1,2,"y4",0.919656809799115
15,1,2,"y5",0.7000498869493
15,1,3,"y1",0.868684351575804
15,1,3,"y2",0.865545240318827
15,1,3,"y3",0.846124669418625
15,1,3,"y4",0.762112462562413
15,1,3,"y5",0.676053623839306
15,1,4,"y1",0.641285249757128
15,1,4,"y2",0.654979078490955
15,1,4,"y3",0.529372113049278
15,1,4,"y4",0.977905269586649
15,1,4,"y5",0.523366526393855
15,2,1,"y1",0.0386532987551804
15,2,1,"y2",0.015842558180251
15,2,1,"y3",-0.0319809752881846
15,2,1,"y4",0.00387611499635132
15,2,1,"y5",-0.00634119156131852
15,2,2,"y1",0.0263284134243343
15,2,2,"y2",-0.0700294521714995
15,2,2,"y3",0.0120735100799249
15,2,2,"y4",0.00976150466951109
15,2,2,"y5",-0.0265454299818182
15,2,3,"y1",0.0694639894372444
15,2,3,"y2",-0.0125787049214785
15,2,3,"y3",-0.0833870292730747
15,2,3,"y4",0.148619898105411
15,2,3,"y5",-0.0060625802450085
15,2,4,"y1",0.0721534149802776
15,2,4,"y2",0.027409345134439
15,2,4,"y3",0.0552507929320556
15,2,4,"y4",0.00325761814218162
15,2,4,"y5",-0.0095760239570184
15,3,1,"y1",0.103171700680556
15,3,1,"y2",0.0583530667368403
15,3,1,"y3",0.0140774234201338
15,3,1,"y4",0.0229831391468405
15,3,1,"y5",0.0142385116769338
15,3,2,"y1",0.0698248231865042
15,3,2,"y2",-0.00855260573907424
15,3,2,"y3",0.016952961400922
15,3,2,"y4",0.0122182805095913
15,3,2,"y5",0.00436435650686784
15,3,3,"y1",0.0259799980458445
15,3,3,"y2",0.0350077851039898
15,3,3,"y3",-0.0101143903695279
15,3,3,"y4",0.00446601280962888
15,3,3,"y5",0.0154465755014837
15,3,4,"y1",0.0365842526031211
15,3,4,"y2",0.00974361846499761
15,3,4,"y3",0.0552029298363134
15,3,4,"y4",-0.00356863107706462
15,3,4,"y5",0.0292041583700531
15,4,1,"y1",0.00991837761498238
15,4,1,"y2",-0.0354758033776384
15,4,1,"y3",-0.0191869387199067
15,4,1,"y4",0.00887466074637622
15,4,1,"y5",-0.0159265574737276
15,4,2,"y1",0.0163261080267361
15,4,2,"y2",-0.00490142266404237
15,4,2,"y3",0.0204492182053178
15,4,2,"y4",-0.0133147752954812
15,4,2,"y5",-0.0199292178263349
15,4,3,"y1",0.00311954743682175
15,4,3,"y2",-0.00421432198830574
15,4,3,"y3",0.0432168608750716
15,4,3,"y4",0.0122411840953781
15,4,3,"y5",0.0140378072923755
15,4,4,"y1",0.0292836955034365
15,4,4,"y2",0.0142452951407153
15,4,4,"y3",0.031539143400761
15,4,4,"y4",0.0224057433482335
15,4,4,"y5",-0.020613983953529
15,5,1,"y1",0.034468379669269
15,5,1,"y2",0.0150705800339954
15,5,1,"y3",0.0228050232584666
15,5,1,"y4",0.0131011664143553
15,5,1,"y5",0.0296112249941062
15,5,2,"y1",0.0232775292092721
15,5,2,"y2",-0.0524809361416545
15,5,2,"y3",-0.00397448025660851
15,5,2,"y4",-0.00397191224450721
15,5,2,"y5",-0.0308593764963565
15,5,3,"y1",0.0325977621506737
15,5,3,"y2",0.0265365394021468
15,5,3,"y3",0.0364102241616839
15,5,3,"y4",-0.0126240465014943
15,5,3,"y5",0.0113185654460229
15,5,4,"y1",0.0408831284878869
15,5,4,"y2",0.0252472619996709
15,5,4,"y3",0.0214560285931323
15,5,4,"y4",0
15,5,4,"y5",-0.0139415148980974
15,6,1,"y1",-0.00195000026990733
15,6,1,"y2",-0.000680965653999999
15,6,1,"y3",0.011299607239196
15,6,1,"y4",-0.00442432926618952
15,6,1,"y5",0.00342988086167428
15,6,2,"y1",0.0106176580974653
15,6,2,"y2",-0.00541878978683408
15,6,2,"y3",0.0151869380375315
15,6,2,"y4",0.0194202091347523
15,6,2,"y5",-0.0151899917457085
15,6,3,"y1",-0.00289312921017604
15,6,3,"y2",0.00939655949377938
15,6,3,"y3",0.0115121248916382
15,6,3,"y4",-0.0001740289923855
15,6,3,"y5",0.0281779314738344
15,6,4,"y1",0.0135770177633225
15,6,4,"y2",0.0255586836372577
15,6,4,"y3",0.0138493169433944
15,6,4,"y4",-0.00052105348637288
15,6,4,"y5",0.0153258734114029
15,7,1,"y1",0.00123117416823582
15,7,1,"y2",0.00585561805529144
15,7,1,"y3",0.0187491982747368
15,7,1,"y4",0.00661424678906719
15,7,1,"y5",0.00689980694536951
15,7,2,"y1",0.0108980465451674
15,7,2,"y2",0.022482531529787
15,7,2,"y3",0.019772751850096
15,7,2,"y4",0.0160513007537257
15,7,2,"y5",-0.00848417455923789
15,7,3,"y1",0.00240902918595687
15,7,3,"y2",0.00618976144880157
15,7,3,"y3",0.016313574526491
15,7,3,"y4",0.00421030886455909
15,7,3,"y5",0.00802263130888092
15,7,4,"y1",-0.00107944711234653
15,7,4,"y2",-0.00608052894093625
15,7,4,"y3",-0.00802979929322423
15,7,4,"y4",0.00052105348637288
15,7,4,"y5",0.00577756977019517
15,8,1,"y1",0.0010103721531991
15,8,1,"y2",-0.000498979136690503
15,8,1,"y3",0.00981788197833078
15,8,1,"y4",0.00166871563495707
15,8,1,"y5",0.00440628766493822
15,8,2,"y1",-0.00244743130491376
15,8,2,"y2",-0.0119915797159347
15,8,2,"y3",0.00511045367322782
15,8,2,"y4",0.00792131899194704
15,8,2,"y5",0.00501424237421266
15,8,3,"y1",-0.00440224464958672
15,8,3,"y2",-0.000402286214766567
15,8,3,"y3",0.0028399961266542
15,8,3,"y4",0.0121627852072873
15,8,3,"y5",-0.00526365261094375
15,8,4,"y1",0.0155054903167818
15,8,4,"y2",0.0221850200602474
15,8,4,"y3",0.0290804247958221
15,8,4,"y4",0
15,8,4,"y5",0.0164419269632423
15,9,1,"y1",-0.00141090808043443
15,9,1,"y2",0.00219395573965742
15,9,1,"y3",0.00773432645343164
15,9,1,"y4",-0.011049501677562
15,9,1,"y5",-0.000634460165273687
15,9,2,"y1",0.00317460036478001
15,9,2,"y2",0.00185123355412031
15,9,2,"y3",-0.00544202958436857
15,9,2,"y4",0.00588303556914516
15,9,2,"y5",0.015148983382453
15,9,3,"y1",0.00303000772245166
15,9,3,"y2",-0.00407098449753429
15,9,3,"y3",-0.0206725606754307
15,9,3,"y4",-0.0248424025930936
15,9,3,"y5",-0.018505308569011
15,9,4,"y1",-0.00109152668703416
15,9,4,"y2",-0.0118439430597185
15,9,4,"y3",-0.0094123605728279
15,9,4,"y4",-0.0011881987783493
15,9,4,"y5",-0.0152058480143917
15,10,1,"y1",-0.0039581779054082
15,10,1,"y2",0.00630876053395912
15,10,1,"y3",-0.00638603370349833
15,10,1,"y4",0.0176642657707025
15,10,1,"y5",-0.000721533101501581
15,10,2,"y1",0.01335452778239
15,10,2,"y2",0.0055585146257342
15,10,2,"y3",-0.0109302978632687
15,10,2,"y4",-0.0209895352498202
15,10,2,"y5",-0.0152195419868728
15,10,3,"y1",-0.00641180245750261
15,10,3,"y2",0.00985006359948204
15,10,3,"y3",0.00779856524367606
15,10,3,"y4",-0.00567710782761854
15,10,3,"y5",-0.00162022231883974
15,10,4,"y1",-0.00572631292758918
15,10,4,"y2",-0.0111048183159975
15,10,4,"y3",-0.00823890585045006
15,10,4,"y4",0.0011881987783493
15,10,4,"y5",0.00899502353854997
16,1,1,"y1",0.746493162979975
16,1,1,"y2",0.929566207134682
16,1,1,"y3",0.806040629201271
16,1,1,"y4",0.725848049822843
16,1,1,"y5",0.758927779660501
16,1,2,"y1",0.728812252969605
16,1,2,"y2",0.859532684933432
16,1,2,"y3",0.760096024534926
16,1,2,"y4",0.777760576396567
16,1,2,"y5",0.733409899482425
16,1,3,"y1",0.772150365697305
16,1,3,"y2",0.967204575683027
16,1,3,"y3",0.775854705923553
16,1,3,"y4",0.779836933717834
16,1,3,"y5",0.749091143020434
16,1,4,"y1",0.898566728351678
16,1,4,"y2",0.892277366732214
16,1,4,"y3",0.800926216430674
16,1,4,"y4",0.847974850275034
16,1,4,"y5",0.750732565711108
16,2,1,"y1",-0.00486132808788742
16,2,1,"y2",0.0231250225717999
16,2,1,"y3",-0.0446065212192985
16,2,1,"y4",0.00935062822720956
16,2,1,"y5",-0.0915843252894206
16,2,2,"y1",0.0825214474078907
16,2,2,"y2",-0.0556033822635045
16,2,2,"y3",-0.0377017651599894
16,2,2,"y4",0.111299897614855
16,2,2,"y5",-0.0440857097299597
16,2,3,"y1",0.0124479280633529
16,2,3,"y2",-0.00388169183396903
16,2,3,"y3",0.0952559729214979
16,2,3,"y4",-0.0252000539929366
16,2,3,"y5",0.00771109517785384
16,2,4,"y1",-0.0491365089215271
16,2,4,"y2",0.0238182199579453
16,2,4,"y3",0.0359637916304262
16,2,4,"y4",-0.0208034989513275
16,2,4,"y5",0.028948863462795
16,3,1,"y1",0.0518482090597648
16,3,1,"y2",0.0164022431495131
16,3,1,"y3",0.00411093880245561
16,3,1,"y4",0.0298222162913283
16,3,1,"y5",0.0432853697312798
16,3,2,"y1",0.00428288250148745
16,3,2,"y2",0.00124369753562892
16,3,2,"y3",-0.0498887765745645
16,3,2,"y4",0.106623927368481
16,3,2,"y5",-0.00975501717994853
16,3,3,"y1",0.0428290362257405
16,3,3,"y2",-0.00571782341308791
16,3,3,"y3",-0.0443451069269161
16,3,3,"y4",0.0917933879797428
16,3,3,"y5",-0.0146980460817979
16,3,4,"y1",0.0476578631915957
16,3,4,"y2",0.0419174262337452
16,3,4,"y3",0.0318408759298504
16,3,4,"y4",0.00440054553359159
16,3,4,"y5",0.0118756827507566
16,4,1,"y1",0.0544564836169552
16,4,1,"y2",-0.00659675163145812
16,4,1,"y3",0.0113110284231442
16,4,1,"y4",0.0195862022293767
16,4,1,"y5",-0.0282408023591101
16,4,2,"y1",0.0377998324841384
16,4,2,"y2",0.0395981945735527
16,4,2,"y3",0.06963757050881
16,4,2,"y4",-0.00882911955673982
16,4,2,"y5",0.00826894785055499
16,4,3,"y1",-0.000155382573033713
16,4,3,"y2",0.00281681777432652
16,4,3,"y3",0.0492291117540201
16,4,3,"y4",-0.0187655977199386
16,4,3,"y5",-0.00716980398747469
16,4,4,"y1",0.0193231187944157
16,4,4,"y2",-0.019636335606343
16,4,4,"y3",-0.020837333025193
16,4,4,"y4",0.06690000135943
16,4,4,"y5",0.0648778411117167
16,5,1,"y1",0.0101463850138374
16,5,1,"y2",0.028924650799152
16,5,1,"y3",0.0435489998734854
16,5,1,"y4",-0.0345032014546005
16,5,1,"y5",0.0451659629130783
16,5,2,"y1",0.041936467566392
16,5,2,"y2",0.0551392009178431
16,5,2,"y3",0.0581996040861343
16,5,2,"y4",-0.0593953585478828
16,5,2,"y5",0.035603120624321
16,5,3,"y1",0.0413939142168588
16,5,3,"y2",-0.00955352456164937
16,5,3,"y3",-0.0013893243317542
16,5,3,"y4",0.0395085021562722
16,5,3,"y5",-0.00266661228130105
16,5,4,"y1",0.00387910174840989
16,5,4,"y2",0.0247362191588643
16,5,4,"y3",0.0108833905601641
16,5,4,"y4",0.023979152901583
16,5,4,"y5",-0.0121239112734121
16,6,1,"y1",0.00246253206245739
16,6,1,"y2",0.0036543019885511
16,6,1,"y3",0.00638436145605714
16,6,1,"y4",0.0125343051679619
16,6,1,"y5",0.000844550927227572
16,6,2,"y1",-0.00583914408367836
16,6,2,"y2",-0.0186105560925989
16,6,2,"y3",0.0119969649059842
16,6,2,"y4",0.00972283188479783
16,6,2,"y5",-0.0104039824089004
16,6,3,"y1",0.0565126442855233
16,6,3,"y2",-0.0280775188571947
16,6,3,"y3",0.00729100011480133
16,6,3,"y4",0.00602952919624944
16,6,3,"y5",0.0283885048233856
16,6,4,"y1",-0.0132950916444442
16,6,4,"y2",0.0103925294451668
16,6,4,"y3",0.00749067155972361
16,6,4,"y4",-0.019895454501758
16,6,4,"y5",0.0104752655648686
16,7,1,"y1",-0.00604194179185957
16,7,1,"y2",-0.0162761640794483
16,7,1,"y3",-0.0242845532852707
16,7,1,"y4",0.0418311613861635
16,7,1,"y5",-0.0129850548443571
16,7,2,"y1",0.00154695834215057
16,7,2,"y2",0.0158286599009555
16,7,2,"y3",0.0108851465496033
16,7,2,"y4",0.00847475835812639
16,7,2,"y5",0.00911986467900694
16,7,3,"y1",0.00757888577002575
16,7,3,"y2",0.0137285152038904
16,7,3,"y3",0.00772524788339424
16,7,3,"y4",0.0166867683635589
16,7,3,"y5",0.000761380598302774
16,7,4,"y1",0.00924468515991739
16,7,4,"y2",0.00700068024574685
16,7,4,"y3",0.00983740419097923
16,7,4,"y4",-0.0372467887700895
16,7,4,"y5",-0.00731747429155161
16,8,1,"y1",0.010407521777984
16,8,1,"y2",0.0100517822137751
16,8,1,"y3",0.00566803168942176
16,8,1,"y4",0.00187513237738901
16,8,1,"y5",-0.00152532398429994
16,8,2,"y1",0.0199763005672884
16,8,2,"y2",0.0502660613612392
16,8,2,"y3",0.0259973489995824
16,8,2,"y4",-0.0304871193992717
16,8,2,"y5",0.0174765327959652
16,8,3,"y1",0.0219171294321987
16,8,3,"y2",-0.0021526091055063
16,8,3,"y3",-0.00764789299437374
16,8,3,"y4",-0.0216354934147518
16,8,3,"y5",0.00506809487046034
16,8,4,"y1",-0.016433504906943
16,8,4,"y2",-0.00143577009758322
16,8,4,"y3",0.00231526212951594
16,8,4,"y4",0.00709357474391625
16,8,4,"y5",-0.0155971103424568
16,9,1,"y1",-0.00564574208273461
16,9,1,"y2",-0.00420329424680443
16,9,1,"y3",-0.00800359774842618
16,9,1,"y4",-0.00415786212616587
16,9,1,"y5",-0.00296341696338986
16,9,2,"y1",0.0143397475593839
16,9,2,"y2",-0.0269418557293755
16,9,2,"y3",-0.0481885588182561
16,9,2,"y4",0.0603581007232753
16,9,2,"y5",-0.012072351640305
16,9,3,"y1",0.0230662282490514
16,9,3,"y2",-0.000695558512742056
16,9,3,"y3",0.00782082827020369
16,9,3,"y4",0.0205106214546451
16,9,3,"y5",0.015361249756057
16,9,4,"y1",-0.00867740791599114
16,9,4,"y2",-0.000215266627972444
16,9,4,"y3",-0.00950043478317386
16,9,4,"y4",0.00220527540763515
16,9,4,"y5",0.01848067047974
16,10,1,"y1",0.00236017261578314
16,10,1,"y2",0.0153520021002373
16,10,1,"y3",0.0263229360439294
16,10,1,"y4",-0.0267107834711239
16,10,1,"y5",0.00965518319334135
16,10,2,"y1",-0.00436689983218785
16,10,2,"y2",0.0114383385141525
16,10,2,"y3",0.0246902779586093
16,10,2,"y4",0.0083243829328371
16,10,2,"y5",-0.0103563613631664
16,10,3,"y1",0.00528578455600448
16,10,3,"y2",0.00158112326020166
16,10,3,"y3",-0.000153856170634903
16,10,3,"y4",-0.0167471152868732
16,10,3,"y5",0.00667202544696877
16,10,4,"y1",0.0139860055674045
16,10,4,"y2",-0.000221024551732341
16,10,4,"y3",-0.00737989644016812
16,10,4,"y4",-0.0137431115404146
16,10,4,"y5",-0.013316204532698
17,1,1,"y1",0.867927941874951
17,1,1,"y2",0.964003031494306
17,1,1,"y3",0.867375890181082
17,1,1,"y4",0.814169058185876
17,1,1,"y5",0.70966373096998
17,1,2,"y1",0.814592418985564
17,1,2,"y2",0.915705829033852
17,1,2,"y3",0.729999148739788
17,1,2,"y4",0.810102778289656
17,1,2,"y5",0.819566723427014
17,1,3,"y1",0.953826271397187
17,1,3,"y2",0.792418751204982
17,1,3,"y3",0.744696771427196
17,1,3,"y4",0.68245816101149
17,1,3,"y5",0.617496472352628
17,1,4,"y1",0.863144884625936
17,1,4,"y2",0.821279722064407
17,1,4,"y3",0.699407808582215
17,1,4,"y4",0.972616917292643
17,1,4,"y5",0.68337125021551
17,2,1,"y1",0.0107825925448226
17,2,1,"y2",-0.0013683257359095
17,2,1,"y3",-0.0290435003390428
17,2,1,"y4",-0.0121136554862715
17,2,1,"y5",-0.00966732222698996
17,2,2,"y1",0.0782034855945998
17,2,2,"y2",-0.0897483435274268
17,2,2,"y3",0.079416457041767
17,2,2,"y4",-0.0126964406234766
17,2,2,"y5",-0.0746584851192552
17,2,3,"y1",0.0461737286028129
17,2,3,"y2",-0.0106629431465062
17,2,3,"y3",-0.00410828744122338
17,2,3,"y4",0.0189726238922129
17,2,3,"y5",0.0498648578147307
17,2,4,"y1",0.0461614638324744
17,2,4,"y2",0.00225571079164744
17,2,4,"y3",0.0768887025700818
17,2,4,"y4",-0.0220649745801743
17,2,4,"y5",0.00197972632802246
17,3,1,"y1",0.063733512788847
17,3,1,"y2",0.00324835883625862
17,3,1,"y3",-0.0256076199341494
17,3,1,"y4",0.0063086986200841
17,3,1,"y5",0.0143892563835878
17,3,2,"y1",-0.00246054994238309
17,3,2,"y2",0.0268960684641296
17,3,2,"y3",0.0103881762447441
17,3,2,"y4",-0.00254798527471789
17,3,2,"y5",-0.0680808940484156
17,3,3,"y1",0
17,3,3,"y2",0.0499973721896136
17,3,3,"y3",0.0269099771746476
17,3,3,"y4",0.0245293356658304
17,3,3,"y5",0.0516494208214596
17,3,4,"y1",0.0701230188448692
17,3,4,"y2",-0.0441980141785414
17,3,4,"y3",0.0485714297385054
17,3,4,"y4",-0.0211658800066538
17,3,4,"y5",6.7416649840113e-05
17,4,1,"y1",0.0109061688302248
17,4,1,"y2",0.000500344985485457
17,4,1,"y3",0.00362101103277912
17,4,1,"y4",0.0358278984657299
17,4,1,"y5",-0.00520668835432758
17,4,2,"y1",0.0206763386673114
17,4,2,"y2",-0.00566818771307953
17,4,2,"y3",-0.0086243455838303
17,4,2,"y4",-0.0180211017733503
17,4,2,"y5",-0.0012524057030795
17,4,3,"y1",-0.00490447378377856
17,4,3,"y2",0.0739015972721924
17,4,3,"y3",0.0468956896461207
17,4,3,"y4",0.0324541512500756
17,4,3,"y5",0.0391737293266861
17,4,4,"y1",0.00391502714847658
17,4,4,"y2",0.00720592199400782
17,4,4,"y3",0.0256880031409372
17,4,4,"y4",-0.0206308151602228
17,4,4,"y5",0.00186183345603452
17,5,1,"y1",0.0323637761405815
17,5,1,"y2",-0.0235610724105906
17,5,1,"y3",-0.00519099113791344
17,5,1,"y4",-0.00761271189181045
17,5,1,"y5",-0.0243565138208528
17,5,2,"y1",0.0320727512332447
17,5,2,"y2",-0.0210240177999358
17,5,2,"y3",0.0313902232101942
17,5,2,"y4",-0.00424340144342594
17,5,2,"y5",0.00895831742302033
17,5,3,"y1",-0.00535808166097862
17,5,3,"y2",0.0286504002441431
17,5,3,"y3",0.0188975039733823
17,5,3,"y4",0.00448415422948034
17,5,3,"y5",0.00303566911726882
17,5,4,"y1",-0.00252241076028858
17,5,4,"y2",0.0310363544077572
17,5,4,"y3",-0.0026421929590742
17,5,4,"y4",0.0151808417185714
17,5,4,"y5",0.0115227266012363
17,6,1,"y1",-0.0041943989242732
17,6,1,"y2",-0.00778421970284326
17,6,1,"y3",0.00407528562768888
17,6,1,"y4",-0.0092983971282854
17,6,1,"y5",0.000185756864596542
17,6,2,"y1",0.0346788348079601
17,6,2,"y2",-0.0295193823113046
17,6,2,"y3",-0.0167354659227947
17,6,2,"y4",0.00441149766515636
17,6,2,"y5",-0.0185305310162296
17,6,3,"y1",0.00468882248447644
17,6,3,"y2",0.00704478510804507
17,6,3,"y3",0.00144185135135055
17,6,3,"y4",0.00220484333186222
17,6,3,"y5",-0.0111417615111901
17,6,4,"y1",-0.0103572495658817
17,6,4,"y2",-0.0154284591992274
17,6,4,"y3",0.00330869383610033
17,6,4,"y4",-0.0358369782510216
17,6,4,"y5",-0.0122216314693737
17,7,1,"y1",0.00972009762548853
17,7,1,"y2",-0.0110168656432399
17,7,1,"y3",-0.00746123524972497
17,7,1,"y4",0.00834792059669232
17,7,1,"y5",-0.00539516141047092
17,7,2,"y1",0.020635043939379
17,7,2,"y2",-0.0157347794968913
17,7,2,"y3",-0.0254926937331273
17,7,2,"y4",-0.0173515097209497
17,7,2,"y5",-0.00710356910058085
17,7,3,"y1",0.00201800455323353
17,7,3,"y2",0.00328852433773308
17,7,3,"y3",0.00454472426338615
17,7,3,"y4",0.0342434902439381
17,7,3,"y5",0.00669688055663775
17,7,4,"y1",0.0248907239806572
17,7,4,"y2",0.0147331219380736
17,7,4,"y3",-0.0264585269430136
17,7,4,"y4",-0.00900279976296581
17,7,4,"y5",0.0234364924143852
17,8,1,"y1",-0.00249278325057345
17,8,1,"y2",0.00597739643690864
17,8,1,"y3",0.0132371836736918
17,8,1,"y4",0.0131588627452084
17,8,1,"y5",-0.00361082103442589
17,8,2,"y1",-0.00119492491333517
17,8,2,"y2",0.0158232730051738
17,8,2,"y3",0.00379748703295368
17,8,2,"y4",-0.0126801826223134
17,8,2,"y5",0.00788528720031201
17,8,3,"y1",-0.00375984849532762
17,8,3,"y2",-0.00262017484247723
17,8,3,"y3",0.00805943207351245
17,8,3,"y4",-0.0147437527519564
17,8,3,"y5",-0.00865253335799487
17,8,4,"y1",-0.00807078881663525
17,8,4,"y2",0.00331160171962785
17,8,4,"y3",0.00448657309271394
17,8,4,"y4",0.00800256965534696
17,8,4,"y5",-0.00713236569974862
17,9,1,"y1",-0.00210341206925568
17,9,1,"y2",0.0185359626829068
17,9,1,"y3",0.00623417903625834
17,9,1,"y4",-0.00366942965860806
17,9,1,"y5",0.0247435048604949
17,9,2,"y1",0.0027966016276596
17,9,2,"y2",-0.0121578161424607
17,9,2,"y3",-0.0325379851626245
17,9,2,"y4",-0.0052064835529676
17,9,2,"y5",-0.0182437448431771
17,9,3,"y1",-0.00170124117817749
17,9,3,"y2",0.00791168387958752
17,9,3,"y3",0.00495677712615417
17,9,3,"y4",0.00143312754138469
17,9,3,"y5",0.00302790473460113
17,9,4,"y1",-0.000902685131217162
17,9,4,"y2",-0.00658995832103382
17,9,4,"y3",-0.00547129558329085
17,9,4,"y4",-0.017351170895386
17,9,4,"y5",-0.00627902913184053
17,10,1,"y1",0.0044298185708247
17,10,1,"y2",-0.00318919913227556
17,10,1,"y3",-9.89305915666261e-06
17,10,1,"y4",0.00136257634030013
17,10,1,"y5",0.0143909346531245
17,10,2,"y1",0
17,10,2,"y2",0.00605452741688217
17,10,2,"y3",0.0012202981398608
17,10,2,"y4",-0.0094885857844057
17,10,2,"y5",0.0103217561713355
17,10,3,"y1",0.000144366951525532
17,10,3,"y2",0.00524675749677672
17,10,3,"y3",-0.00982691831570792
17,10,3,"y4",-0.00691759348025078
17,10,3,"y5",-0.00486276194761537
17,10,4,"y1",0.0087080821397022
17,10,4,"y2",0.00368283898822674
17,10,4,"y3",-0.01013473271076
17,10,4,"y4",-0.00628095919859839
17,10,4,"y5",0.0125455300872218
18,1,1,"y1",0.810434488886611
18,1,1,"y2",0.985916808436459
18,1,1,"y3",0.733084204577577
18,1,1,"y4",0.757312183026153
18,1,1,"y5",0.620857237947812
18,1,2,"y1",0.802767019305428
18,1,2,"y2",0.975019704975171
18,1,2,"y3",0.799867849860676
18,1,2,"y4",0.7748574343913
18,1,2,"y5",0.61475491130273
18,1,3,"y1",0.869906179593997
18,1,3,"y2",0.899228168871568
18,1,3,"y3",0.755048829735346
18,1,3,"y4",0.771339746701622
18,1,3,"y5",0.645051853539797
18,1,4,"y1",0.781839452578006
18,1,4,"y2",0.882604725383919
18,1,4,"y3",0.614446693771078
18,1,4,"y4",0.971041654690448
18,1,4,"y5",0.651824501051547
18,2,1,"y1",-0.0211335746576804
18,2,1,"y2",0.0105882858769893
18,2,1,"y3",-0.0374899599074173
18,2,1,"y4",-0.0235193250206769
18,2,1,"y5",-0.0722970973949953
18,2,2,"y1",0.0485853712432658
18,2,2,"y2",-0.0118671698459633
18,2,2,"y3",-0.0114661290492745
18,2,2,"y4",-0.0420149325668863
18,2,2,"y5",0.000864344703978448
18,2,3,"y1",0.0683746128269721
18,2,3,"y2",0.0296044945008768
18,2,3,"y3",-0.00301217096845441
18,2,3,"y4",0.00921769147677876
18,2,3,"y5",0.00969973738296959
18,2,4,"y1",0.0104357063165544
18,2,4,"y2",0.0379005104180404
18,2,4,"y3",0.0381446158505643
18,2,4,"y4",0.00283744484865778
18,2,4,"y5",-0.00587032470830295
18,3,1,"y1",-0.021052937421364
18,3,1,"y2",-0.0139321222568893
18,3,1,"y3",-0.00612505053979573
18,3,1,"y4",0.0208811970358928
18,3,1,"y5",-0.0330045092244404
18,3,2,"y1",0.0166293605073083
18,3,2,"y2",-0.00530840893897988
18,3,2,"y3",0.0373254387945721
18,3,2,"y4",-0.0395817548117786
18,3,2,"y5",0.0115910488024852
18,3,3,"y1",-0.00735757415079796
18,3,3,"y2",-0.0211749336065703
18,3,3,"y3",-0.0115692716908014
18,3,3,"y4",0.00416151862727487
18,3,3,"y5",-0.0263891456650633
18,3,4,"y1",0.0464005470564874
18,3,4,"y2",0.0399984562919958
18,3,4,"y3",0.04710819922456
18,3,4,"y4",-0.0206539430053179
18,3,4,"y5",0.0250669154643588
18,4,1,"y1",0.0642933613063073
18,4,1,"y2",-0.00304997186577505
18,4,1,"y3",0.00850674066079671
18,4,1,"y4",0.0335431026257801
18,4,1,"y5",-0.000776976083002867
18,4,2,"y1",0.00649945458989964
18,4,2,"y2",-0.0184075756970281
18,4,2,"y3",-0.014116364415845
18,4,2,"y4",0.0185810436847649
18,4,2,"y5",0.00466295518295368
18,4,3,"y1",0.0360690980107967
18,4,3,"y2",0.0498135126815727
18,4,3,"y3",0.00759602727753261
18,4,3,"y4",0.0135652301535298
18,4,3,"y5",0.0406837616290106
18,4,4,"y1",0.0251801242745467
18,4,4,"y2",0.00850919471997957
18,4,4,"y3",0.030065798100165
18,4,4,"y4",-0.0174062303651964
18,4,4,"y5",-0.00776364074064129
18,5,1,"y1",0.0176517303120886
18,5,1,"y2",0.00565685617881106
18,5,1,"y3",0.00320378572119495
18,5,1,"y4",-0.0351760677123012
18,5,1,"y5",-0.00662839581789576
18,5,2,"y1",0.0448679212169
18,5,2,"y2",-0.0132918690137241
18,5,2,"y3",-0.000751453762321774
18,5,2,"y4",0.0749165171723397
18,5,2,"y5",0.0262928776214234
18,5,3,"y1",-0.00353940604260428
18,5,3,"y2",0.00589418927590124
18,5,3,"y3",0.0131251087548917
18,5,3,"y4",-0.00602122889282775
18,5,3,"y5",-0.00491543277769824
18,5,4,"y1",0.00242650846416503
18,5,4,"y2",0.010534802801327
18,5,4,"y3",0.0405819301188302
18,5,4,"y4",-0.0117532873625448
18,5,4,"y5",0.0304449401353531
18,6,1,"y1",-0.0225672970146663
18,6,1,"y2",0.0107201350475152
18,6,1,"y3",0.0348233017096715
18,6,1,"y4",0.0104512856733426
18,6,1,"y5",0.00284700618213007
18,6,2,"y1",0.0718161365633093
18,6,2,"y2",-0.00764644789730395
18,6,2,"y3",-0.0197357800834292
18,6,2,"y4",-0.0185382478512474
18,6,2,"y5",-0.0159134508990939
18,6,3,"y1",-0.0036763835658058
18,6,3,"y2",0.0099786524825366
18,6,3,"y3",0.00131451069367416
18,6,3,"y4",0.00773873184048757
18,6,3,"y5",-0.0135421262448225
18,6,4,"y1",0.00918553733881744
18,6,4,"y2",0.012741332158472
18,6,4,"y3",-0.00486593703510629
18,6,4,"y4",-0.00766425388564518
18,6,4,"y5",-0.011751150267704
18,7,1,"y1",-0.00274646580650495
18,7,1,"y2",0.00140809624097771
18,7,1,"y3",-0.00832783546495985
18,7,1,"y4",-0.000726236814062475
18,7,1,"y5",0.0103333063896596
18,7,2,"y1",-0.00225790766918432
18,7,2,"y2",-0.00345895910095551
18,7,2,"y3",-0.0244697305512032
18,7,2,"y4",-0.00539746761367499
18,7,2,"y5",0.00731488712830808
18,7,3,"y1",-0.00932687591165438
18,7,3,"y2",-0.00718725056516045
18,7,3,"y3",0.00372900412704025
18,7,3,"y4",-0.00294841035102278
18,7,3,"y5",0.00734302630014505
18,7,4,"y1",0.0139962211133594
18,7,4,"y2",0.00102385832801855
18,7,4,"y3",-0.00205866391863219
18,7,4,"y4",-0.00179320975053709
18,7,4,"y5",-0.000259054044190798
18,8,1,"y1",0.0378769189414776
18,8,1,"y2",-0.00936679047577527
18,8,1,"y3",0.0080947557025608
18,8,1,"y4",-0.0101312773535944
18,8,1,"y5",0.011895578981497
18,8,2,"y1",0.00533648778886331
18,8,2,"y2",0.0203316885169276
18,8,2,"y3",0.00588899238253648
18,8,2,"y4",-0.00199031990048038
18,8,2,"y5",-0.0151974470531751
18,8,3,"y1",0.00410111258881407
18,8,3,"y2",0.0154370492323554
18,8,3,"y3",0.00614059409711587
18,8,3,"y4",0.0147401608782113
18,8,3,"y5",0.00684924449995128
18,8,4,"y1",0.00946574401782085
18,8,4,"y2",-0.00426901804960711
18,8,4,"y3",0.00127684725697419
18,8,4,"y4",0.00960524562005727
18,8,4,"y5",0.0105662901744135
18,9,1,"y1",-0.0524745570112765
18,9,1,"y2",0.0120587028176873
18,9,1,"y3",-0.00614208636018332
18,9,1,"y4",-0.00537690182333472
18,9,1,"y5",-0.00768013863549444
18,9,2,"y1",0.000241613661830953
18,9,2,"y2",0.00226996840949167
18,9,2,"y3",0.00291251114578273
18,9,2,"y4",0.00547069538185163
18,9,2,"y5",-0.0127620712999219
18,9,3,"y1",-0.00850648804531706
18,9,3,"y2",-0.00228928257112182
18,9,3,"y3",0.00504461647312016
18,9,3,"y4",0.00568230994781449
18,9,3,"y5",-0.0039781315469839
18,9,4,"y1",-0.00792533793397077
18,9,4,"y2",0.00723391792215999
18,9,4,"y3",-0.00243506904667967
18,9,4,"y4",-0.0158973052207565
18,9,4,"y5",-0.00341383364614178
18,10,1,"y1",0.00275191840781785
18,10,1,"y2",-0.00788826329778314
18,10,1,"y3",0.00606820983530587
18,10,1,"y4",0.00473599617721876
18,10,1,"y5",0.0103536047498346
18,10,2,"y1",0.0021576916496856
18,10,2,"y2",-0.027076549269238
18,10,2,"y3",-0.00933249009961812
18,10,2,"y4",-0.0125125786979388
18,10,2,"y5",0.000541105829207855
18,10,3,"y1",-0.00446275869642332
18,10,3,"y2",0.00220945221628166
18,10,3,"y3",-0.0126630863426422
18,10,3,"y4",-0.0053659629595727
18,10,3,"y5",-0.00393198429924235
18,10,4,"y1",0.0062787704054309
18,10,4,"y2",0.000722814679542494
18,10,4,"y3",-0.00834410508625449
18,10,4,"y4",0.00641426445086168
18,10,4,"y5",-0.00330501602546207
19,1,1,"y1",0.670937086046408
19,1,1,"y2",0.980791161479835
19,1,1,"y3",0.675903683487954
19,1,1,"y4",0.758142174009836
19,1,1,"y5",0.5215481717942
19,1,2,"y1",0.661399827116852
19,1,2,"y2",0.99633807151406
19,1,2,"y3",0.730331090870195
19,1,2,"y4",0.792428710735274
19,1,2,"y5",0.604152392510001
19,1,3,"y1",0.827139125706176
19,1,3,"y2",0.957288058956006
19,1,3,"y3",0.757547459493148
19,1,3,"y4",0.786159120533677
19,1,3,"y5",0.622148696387645
19,1,4,"y1",0.680271006580038
19,1,4,"y2",0.747460486649967
19,1,4,"y3",0.537473219444225
19,1,4,"y4",1
19,1,4,"y5",0.49226818014459
19,2,1,"y1",0.0697822280276293
19,2,1,"y2",0.00102566273369975
19,2,1,"y3",0.0944371159357623
19,2,1,"y4",0.0566988272628967
19,2,1,"y5",0.051519470154979
19,2,2,"y1",0.132030433129617
19,2,2,"y2",-0.0294154638594567
19,2,2,"y3",0.0699492821933935
19,2,2,"y4",0.0268880758669636
19,2,2,"y5",0.0767564593583068
19,2,3,"y1",0.0750554398635336
19,2,3,"y2",-0.0127413083694535
19,2,3,"y3",-0.0256201937025623
19,2,3,"y4",0.00438942150059352
19,2,3,"y5",0.072295688803225
19,2,4,"y1",0.0729505877637179
19,2,4,"y2",0.043538454782085
19,2,4,"y3",0.0890838053266322
19,2,4,"y4",-0.000115590354234696
19,2,4,"y5",0.0136129168413072
19,3,1,"y1",0.0506404671024708
19,3,1,"y2",-0.0497404839833531
19,3,1,"y3",-0.0111211179169977
19,3,1,"y4",0.0367928810802374
19,3,1,"y5",0.0234364629413549
19,3,2,"y1",-0.0428303363151004
19,3,2,"y2",0.0138742966680732
19,3,2,"y3",0.00647996395994133
19,3,2,"y4",-0.0551340175117585
19,3,2,"y5",-0.0462886522970132
19,3,3,"y1",-0.019236631973115
19,3,3,"y2",0.0305335935977696
19,3,3,"y3",0.00830668846432858
19,3,3,"y4",0.0402893471054588
19,3,3,"y5",0.0121167732154637
19,3,4,"y1",0.0371459955874273
19,3,4,"y2",0.0600209050891335
19,3,4,"y3",0.0585771790493763
19,3,4,"y4",0.000115590354234696
19,3,4,"y5",0.0192642990208348
19,4,1,"y1",0.0584347756880249
19,4,1,"y2",0.0529911882218933
19,4,1,"y3",0.0147186872206364
19,4,1,"y4",-0.0341425038677001
19,4,1,"y5",0.0133433398377646
19,4,2,"y1",0.143015758475674
19,4,2,"y2",-0.00996223252651107
19,4,2,"y3",0.0591816140629177
19,4,2,"y4",0.0922068289419657
19,4,2,"y5",0.00225210267744558
19,4,3,"y1",-0.0359007328606966
19,4,3,"y2",0.000848000106980273
19,4,3,"y3",0.00845277912372588
19,4,3,"y4",-0.00363131750560819
19,4,3,"y5",-0.0203583390895502
19,4,4,"y1",0.0241611555068667
19,4,4,"y2",0.0112201568943004
19,4,4,"y3",0.043642682349324
19,4,4,"y4",-0.00322274288410429
19,4,4,"y5",0.00783507593919719
19,5,1,"y1",0.0303729112000671
19,5,1,"y2",0.00476820999674188
19,5,1,"y3",0.0159128239676138
19,5,1,"y4",0.0315759044472049
19,5,1,"y5",-0.0167067727474194
19,5,2,"y1",0.0619586993361161
19,5,2,"y2",-0.0213933294633624
19,5,2,"y3",-0.00148728412885579
19,5,2,"y4",-0.00263196328880055
19,5,2,"y5",-0.00748584472180669
19,5,3,"y1",-0.0189928656592205
19,5,3,"y2",0.0025598037275214
19,5,3,"y3",-0.0106986228745641
19,5,3,"y4",-0.00700302976618616
19,5,3,"y5",-0.0160166757759613
19,5,4,"y1",-0.00238962069903814
19,5,4,"y2",0.0256229444795693
19,5,4,"y3",0.0329224815687339
19,5,4,"y4",0.00322274288410429
19,5,4,"y5",-0.00707318792396905
19,6,1,"y1",-0.00837963119632346
19,6,1,"y2",0.000908994480494418
19,6,1,"y3",0.018333863604956
19,6,1,"y4",0.00483102566985893
19,6,1,"y5",0.0060103826867749
19,6,2,"y1",0.00981444820146604
19,6,2,"y2",0.00757076272907309
19,6,2,"y3",-0.0100987706866317
19,6,2,"y4",0.0174070775222905
19,6,2,"y5",0.00737897148956101
19,6,3,"y1",0.00824760351401055
19,6,3,"y2",0.00373229365932459
19,6,3,"y3",0.0293520844485172
19,6,3,"y4",-0.011635297143034
19,6,3,"y5",-0.0117153674585011
19,6,4,"y1",0.0148041135340857
19,6,4,"y2",0.020467794356216
19,6,4,"y3",0.00571169754606282
19,6,4,"y4",-0.0212808096763024
19,6,4,"y5",0.0046592334781157
19,7,1,"y1",0.0111621846738656
19,7,1,"y2",0.00925526707068858
19,7,1,"y3",0.0273595381150598
19,7,1,"y4",-0.0155010251788473
19,7,1,"y5",0.0148065245307939
19,7,2,"y1",-0.0303790338382557
19,7,2,"y2",0.0170836648516004
19,7,2,"y3",-0.00430387965913204
19,7,2,"y4",-0.0192863811922181
19,7,2,"y5",0.0308203380432434
19,7,3,"y1",0.00050251811804447
19,7,3,"y2",-0.000377156565373737
19,7,3,"y3",0.00974390524926672
19,7,3,"y4",0.0111522816428652
19,7,3,"y5",-0.00464647336961033
19,7,4,"y1",-0.0060630905714627
19,7,4,"y2",0.000978436157530571
19,7,4,"y3",0.00739475348938012
19,7,4,"y4",0.0212808096763024
19,7,4,"y5",0.0184653911963296
19,8,1,"y1",0.00730415785986926
19,8,1,"y2",-0.00299644506272922
19,8,1,"y3",-0.0172850510586068
19,8,1,"y4",9.40001528886292e-05
19,8,1,"y5",0.00490671571675816
19,8,2,"y1",0.0372145160550722
19,8,2,"y2",-0.0114523783336085
19,8,2,"y3",0.00250033013776008
19,8,2,"y4",0.0300123130206931
19,8,2,"y5",-0.00289959309955279
19,8,3,"y1",-0.00548821104569952
19,8,3,"y2",-0.00563674562765137
19,8,3,"y3",0.00788699553796879
19,8,3,"y4",-0.00409109802475394
19,8,3,"y5",-0.00404557920904192
19,8,4,"y1",0.00421373742552988
19,8,4,"y2",0.000576442670290889
19,8,4,"y3",-0.00859155836136516
19,8,4,"y4",-0.00840390406452829
19,8,4,"y5",-0.00210822210905226
19,9,1,"y1",-0.00822058742355436
19,9,1,"y2",0.00299644506272922
19,9,1,"y3",-0.00326278106605182
19,9,1,"y4",-0.0109217174079577
19,9,1,"y5",0.00315277445970186
19,9,2,"y1",-0.00245497778029258
19,9,2,"y2",0.0178840309388509
19,9,2,"y3",0.0201619405164967
19,9,2,"y4",-0.000776709218840321
19,9,2,"y5",0.00416222288535284
19,9,3,"y1",-0.00506413299519648
19,9,3,"y2",0.0116879048301299
19,9,3,"y3",-0.00181767451453951
19,9,3,"y4",-0.00340345129411213
19,9,3,"y5",0.00491647394626737
19,9,4,"y1",0.0110248589566464
19,9,4,"y2",-0.00020361898320298
19,9,4,"y3",0.00171945987864852
19,9,4,"y4",0.005132394995777
19,9,4,"y5",0.0146947687741471
19,10,1,"y1",0.00221885633995644
19,10,1,"y2",0
19,10,1,"y3",-0.0023648583612732
19,10,1,"y4",-0.00160220874991901
19,10,1,"y5",0.00053797207784112
19,10,2,"y1",0.00912108212789164
19,10,2,"y2",-0.00543139815820881
19,10,2,"y3",-0.00311060682135456
19,10,2,"y4",0.00670147699084045
19,10,2,"y5",-0.00404224218640015
19,10,3,"y1",-0.00105246569852424
19,10,3,"y2",0.00382253745434769
19,10,3,"y3",0.00406615518612241
19,10,3,"y4",-0.0115528300525325
19,10,3,"y5",-0.00241966401262972
19,10,4,"y1",-0.00205175800138924
19,10,4,"y2",0.028740361684491
19,10,4,"y3",0.00970594391012247
19,10,4,"y4",-0.00872755815145976
19,10,4,"y5",0.0155412870045174
20,1,1,"y1",0.898162689661343
20,1,1,"y2",0.886705946720187
20,1,1,"y3",0.743761499973968
20,1,1,"y4",0.841572720899703
20,1,1,"y5",0.835219841724201
20,1,2,"y1",0.867509660075944
20,1,2,"y2",0.868709769509503
20,1,2,"y3",0.747344142751838
20,1,2,"y4",0.859218787908679
20,1,2,"y5",0.881516326169801
20,1,3,"y1",0.929412092353613
20,1,3,"y2",0.900157306259401
20,1,3,"y3",0.783619070405083
20,1,3,"y4",0.864155676777061
20,1,3,"y5",0.717564419692594
20,1,4,"y1",0.805322105469885
20,1,4,"y2",0.76456016456819
20,1,4,"y3",0.618197452425556
20,1,4,"y4",0.970000924226356
20,1,4,"y5",0.623340909377408
20,2,1,"y1",0.0531976282842392
20,2,1,"y2",0.0309206198858215
20,2,1,"y3",-0.0299579775796792
20,2,1,"y4",-0.00882283251169291
20,2,1,"y5",-0.0603696343358318
20,2,2,"y1",0.0250401200483991
20,2,2,"y2",0.0476537481092204
20,2,2,"y3",0.0643790889115669
20,2,2,"y4",-0.0227440607375383
20,2,2,"y5",-0.0608845197316149
20,2,3,"y1",0.0508675374700921
20,2,3,"y2",-0.0747374084689028
20,2,3,"y3",-0.0674846112713415
20,2,3,"y4",-0.0405362577205387
20,2,3,"y5",0.024978585853457
20,2,4,"y1",0.0640594932233154
20,2,4,"y2",0.0448117950132563
20,2,4,"y3",0.0549323053225158
20,2,4,"y4",0.00286958190157593
20,2,4,"y5",0.0607148408852379
20,3,1,"y1",0.0324228087505211
20,3,1,"y2",-0.00835591359375976
20,3,1,"y3",0.0912902984470265
20,3,1,"y4",-0.0141248487796374
20,3,1,"y5",-0.0107986998722939
20,3,2,"y1",0.0779137815509101
20,3,2,"y2",-0.0473175714176871
20,3,2,"y3",0.0862794321629449
20,3,2,"y4",-0.0397267064088329
20,3,2,"y5",-0.0325900913006539
20,3,3,"y1",0.0161629525019416
20,3,3,"y2",0.018098052260479
20,3,3,"y3",0.047394975701605
20,3,3,"y4",0.0435110306425924
20,3,3,"y5",-0.00143661704070375
20,3,4,"y1",0.0788733025826952
20,3,4,"y2",0.0270080898805045
20,3,4,"y3",0.0313670786793336
20,3,4,"y4",-0.0108982442608051
20,3,4,"y5",0.0394749478101565
20,4,1,"y1",-0.0117211426842606
20,4,1,"y2",-0.0374440139567643
20,4,1,"y3",-0.0311338114456468
20,4,1,"y4",0.0170566404705911
20,4,1,"y5",-0.00215349003113419
20,4,2,"y1",-0.00177683918742999
20,4,2,"y2",-0.0420371522874864
20,4,2,"y3",-0.0285227250363715
20,4,2,"y4",-0.00044085848030806
20,4,2,"y5",-0.0134826561535102
20,4,3,"y1",0.00297003162657283
20,4,3,"y2",0.0698383449180223
20,4,3,"y3",0.0316273403595148
20,4,3,"y4",-0.0188238879415402
20,4,3,"y5",0.00357932011162665
20,4,4,"y1",0.0141825498472905
20,4,4,"y2",0.0235159046042909
20,4,4,"y3",0.0443448764892196
20,4,4,"y4",-0.00579486618286762
20,4,4,"y5",0.00202186980205155
20,5,1,"y1",0.0206108683556714
20,5,1,"y2",0.0120985355699179
20,5,1,"y3",0.0256774765644561
20,5,1,"y4",0.0150115122074982
20,5,1,"y5",0.000732968826700597
20,5,2,"y1",-0.00823116904410326
20,5,2,"y2",0.00612651472984815
20,5,2,"y3",-0.0270236769728198
20,5,2,"y4",-0.00843215651054852
20,5,2,"y5",0.00355364299248095
20,5,3,"y1",-0.000704927862322346
20,5,3,"y2",0.0206782908583256
20,5,3,"y3",0.00784006792820102
20,5,3,"y4",0.0173963798564061
20,5,3,"y5",0.00729058604190413
20,5,4,"y1",0.0100430772933202
20,5,4,"y2",0.00875750311168422
20,5,4,"y3",0.00222757281399188
20,5,4,"y4",0.0146693538378243
20,5,4,"y5",-0.0184593496942423
20,6,1,"y1",-0.00489130022164586
20,6,1,"y2",0.00754157224586161
20,6,1,"y3",-0.00470310193028267
20,6,1,"y4",-0.00369943835350117
20,6,1,"y5",-0.0120950159056339
20,6,2,"y1",0.0102701853965493
20,6,2,"y2",-0.00740661028588951
20,6,2,"y3",0.0110552299275237
20,6,2,"y4",-0.0163802093182677
20,6,2,"y5",-0.0619250990218627
20,6,3,"y1",-0.00488144135067126
20,6,3,"y2",-0.00203709302764443
20,6,3,"y3",0.0117614464336551
20,6,3,"y4",0.000800242941496387
20,6,3,"y5",-0.00572735996548235
20,6,4,"y1",-0.0048182144381238
20,6,4,"y2",0.000673777315958524
20,6,4,"y3",-0.00706248360772999
20,6,4,"y4",0.00550042776538318
20,6,4,"y5",0.00122238526850194
20,7,1,"y1",0.000433734925086804
20,7,1,"y2",-0.0076017728079163
20,7,1,"y3",-0.00357719551877411
20,7,1,"y4",-0.011128166424666
20,7,1,"y5",0.00241923266983635
20,7,2,"y1",0.0188980073340393
20,7,2,"y2",-0.0293647863520764
20,7,2,"y3",-0.00552264989543305
20,7,2,"y4",-0.00888275208595501
20,7,2,"y5",-0.00212968487621223
20,7,3,"y1",-0.00712435267965228
20,7,3,"y2",-0.00409619101641934
20,7,3,"y3",-0.00937596009973263
20,7,3,"y4",-0.020651478813676
20,7,3,"y5",0.000390332460219467
20,7,4,"y1",0.000339076357554702
20,7,4,"y2",0.00613308883493502
20,7,4,"y3",0.000768415531310129
20,7,4,"y4",-0.0191197188520419
20,7,4,"y5",-0.0175725804187844
20,8,1,"y1",0.00299859816755943
20,8,1,"y2",-0.0155650084899157
20,8,1,"y3",-0.00524544413341799
20,8,1,"y4",0.00344241479332252
20,8,1,"y5",-0.0181097741457912
20,8,2,"y1",0.00537602481670785
20,8,2,"y2",-0.0110980260265269
20,8,2,"y3",-0.00446074011656994
20,8,2,"y4",0.00108184258285959
20,8,2,"y5",-0.0109350992964447
20,8,3,"y1",-0.00116951851374347
20,8,3,"y2",0.00417171206026024
20,8,3,"y3",0.00673147866225321
20,8,3,"y4",-0.00466289302069056
20,8,3,"y5",0.0024294677216502
20,8,4,"y1",0.0145626130465333
20,8,4,"y2",0.0141209756117134
20,8,4,"y3",0.00429280182580838
20,8,4,"y4",-0.000410019542401718
20,8,4,"y5",-1.11914556146786e-05
20,9,1,"y1",0.00178913129149549
20,9,1,"y2",0.00592019913820541
20,9,1,"y3",0.0156223667142398
20,9,1,"y4",0.00399139773319424
20,9,1,"y5",0.0301608753917876
20,9,2,"y1",0.00362944242078067
20,9,2,"y2",-0.0068905759940644
20,9,2,"y3",-0.00981318626678196
20,9,2,"y4",-0.00283685859959171
20,9,2,"y5",-0.00520888478139592
20,9,3,"y1",0.00507262394260355
20,9,3,"y2",0.00120198997122245
20,9,3,"y3",0.00302371197982731
20,9,3,"y4",-0.00733711232502499
20,9,3,"y5",-0.00639957949245107
20,9,4,"y1",-0.00568830369586093
20,9,4,"y2",-0.0112573750248842
20,9,4,"y3",-0.00181436187181516
20,9,4,"y4",-0.0110347027744186
20,9,4,"y5",-0.0154743996651647
20,10,1,"y1",0.00150463173860194
20,10,1,"y2",0.0107728880090376
20,10,1,"y3",0.000680992999173902
20,10,1,"y4",0.00133491799441654
20,10,1,"y5",-0.0159328992140225
20,10,2,"y1",-0.00241436993117572
20,10,2,"y2",0.017563844046663
20,10,2,"y3",0.00574630043079172
20,10,2,"y4",0.0116460965960256
20,10,2,"y5",0.00353918630637207
20,10,3,"y1",-0.00599526435746223
20,10,3,"y2",0.00689615382541109
20,10,3,"y3",-0.000287559818242911
20,10,3,"y4",0.000465716450043119
20,10,3,"y5",-0.00641444922747947
20,10,4,"y1",-0.000898593940463321
20,10,4,"y2",0.00718309376380943
20,10,4,"y3",-0.00091364675081651
20,10,4,"y4",0.00179769579196043
20,10,4,"y5",-0.0104412777140374
21,1,1,"y1",0.816348284158433
21,1,1,"y2",0.991471025788984
21,1,1,"y3",0.739225567154344
21,1,1,"y4",0.753277273268351
21,1,1,"y5",0.723743556928104
21,1,2,"y1",0.776806051901928
21,1,2,"y2",0.998708613761009
21,1,2,"y3",0.754861062818009
21,1,2,"y4",0.782045433177102
21,1,2,"y5",0.69976876784572
21,1,3,"y1",0.878698192089958
21,1,3,"y2",0.936060185475064
21,1,3,"y3",0.796880282638519
21,1,3,"y4",0.795792334268749
21,1,3,"y5",0.746751872749034
21,1,4,"y1",0.77504607852482
21,1,4,"y2",0.885242210170545
21,1,4,"y3",0.628318533382543
21,1,4,"y4",0.972608363820086
21,1,4,"y5",0.611378548262289
21,2,1,"y1",-0.0849287917789002
21,2,1,"y2",0.00852897421101628
21,2,1,"y3",-0.0408517364237198
21,2,1,"y4",-0.0103834881815819
21,2,1,"y5",-0.0737893282580256
21,2,2,"y1",-0.0044454346869367
21,2,2,"y2",-0.0329573992707315
21,2,2,"y3",0.0243917297223644
21,2,2,"y4",-0.00720046779342443
21,2,2,"y5",-0.0271596381286492
21,2,3,"y1",-0.00367158363010089
21,2,3,"y2",0.0499110543756582
21,2,3,"y3",-0.00283510064710812
21,2,3,"y4",-0.0158010040800731
21,2,3,"y5",-0.0564480217159736
21,2,4,"y1",0.0326256858666217
21,2,4,"y2",-0.025778167917667
21,2,4,"y3",-0.0136490252389543
21,2,4,"y4",-0.000221763839359235
21,2,4,"y5",0.00924267497589315
21,3,1,"y1",0.0771499993603345
21,3,1,"y2",0
21,3,1,"y3",0.0436000862052452
21,3,1,"y4",0.0368462668942132
21,3,1,"y5",0.0270809024040188
21,3,2,"y1",0.089846686789985
21,3,2,"y2",-0.00334517129447343
21,3,2,"y3",0.0419624431760839
21,3,2,"y4",0.0631731950700554
21,3,2,"y5",0.00778982935235262
21,3,3,"y1",-0.0110271699790422
21,3,3,"y2",0.000371931624305044
21,3,3,"y3",-0.0107432287011193
21,3,3,"y4",-0.00908678400548868
21,3,3,"y5",-0.00836728328801517
21,3,4,"y1",0.0152384024350884
21,3,4,"y2",0.041005671667964
21,3,4,"y3",0.0520985948202412
21,3,4,"y4",0.000487648150289899
21,3,4,"y5",0.0541991419815059
21,4,1,"y1",0.05472366356394
21,4,1,"y2",0
21,4,1,"y3",0.0340213490775937
21,4,1,"y4",0.00733225466193199
21,4,1,"y5",-0.0622991202472064
21,4,2,"y1",0.0246850474888134
21,4,2,"y2",0.00920568746198303
21,4,2,"y3",0.0381806732415312
21,4,2,"y4",0.000603065664453339
21,4,2,"y5",-0.0252715560539423
21,4,3,"y1",0.00137740596021596
21,4,3,"y2",0.0136568285249732
21,4,3,"y3",0.00165858126135399
21,4,3,"y4",0.026756763910712
21,4,3,"y5",0.0288233659336127
21,4,4,"y1",0.0328051151901155
21,4,4,"y2",0.0343842246715411
21,4,4,"y3",0.0487221704666796
21,4,4,"y4",-0.0112953901258022
21,4,4,"y5",-0.0215604501361467
21,5,1,"y1",0.00745651053733754
21,5,1,"y2",-1.99225400797642e-05
21,5,1,"y3",0.00224203169188475
21,5,1,"y4",0.0118607397947095
21,5,1,"y5",0.0267655703445191
21,5,2,"y1",-0.0102281532713608
21,5,2,"y2",0.00886979732742788
21,5,2,"y3",-0.000223467205539007
21,5,2,"y4",0.00808195917715659
21,5,2,"y5",-0.0237921746063299
21,5,3,"y1",-0.0164688373506647
21,5,3,"y2",-0.000349531779883061
21,5,3,"y3",0.00665513514835148
21,5,3,"y4",-0.00631602617507576
21,5,3,"y5",-0.000202127110177086
21,5,4,"y1",0.0144267161362056
21,5,4,"y2",0.0310635493068924
21,5,4,"y3",0.028006092960825
21,5,4,"y4",-0.00490959815704328
21,5,4,"y5",0.027334954082547
21,6,1,"y1",0.0193360188542504
21,6,1,"y2",1.99225400797642e-05
21,6,1,"y3",-0.00689748407132174
21,6,1,"y4",0.00117874824451858
21,6,1,"y5",0.00828266071428863
21,6,2,"y1",0.0466981931376925
21,6,2,"y2",0.0119610532228686
21,6,2,"y3",0.0110028685034009
21,6,2,"y4",0.018619613150389
21,6,2,"y5",0.00646861260478049
21,6,3,"y1",-0.00399330074528492
21,6,3,"y2",0.000349531779883061
21,6,3,"y3",0.0171194796401026
21,6,3,"y4",-0.024387512105434
21,6,3,"y5",-0.0210230166111547
21,6,4,"y1",-0.00312312304796414
21,6,4,"y2",0.00464988149242851
21,6,4,"y3",0.0299036674791903
21,6,4,"y4",-0.00552434804125845
21,6,4,"y5",-0.025044250842244
21,7,1,"y1",-0.00170197017429696
21,7,1,"y2",0
21,7,1,"y3",-0.000135333488114564
21,7,1,"y4",0.0175539145004244
21,7,1,"y5",0.00766720746685312
21,7,2,"y1",0.0051924456482586
21,7,2,"y2",-0.000234440994377971
21,7,2,"y3",-0.0108666536015941
21,7,2,"y4",0.0183812729464577
21,7,2,"y5",-0.00521561413443639
21,7,3,"y1",0.00341587310265212
21,7,3,"y2",0
21,7,3,"y3",-0.00286456899262633
21,7,3,"y4",0.00783095891938013
21,7,3,"y5",0.00497486609449627
21,7,4,"y1",0.00693226641629385
21,7,4,"y2",0.0110071208522199
21,7,4,"y3",0.000136194964702296
21,7,4,"y4",-0.00643585984989659
21,7,4,"y5",0.00907747832349937
21,8,1,"y1",0.00591304722664043
21,8,1,"y2",-0.00275430627041862
21,8,1,"y3",-0.00117886524862365
21,8,1,"y4",-1.32937785654041e-05
21,8,1,"y5",0.0150933003511148
21,8,2,"y1",0.0115443944073491
21,8,2,"y2",-0.0035055613515772
21,8,2,"y3",0.0129620373791546
21,8,2,"y4",0.0190610421762921
21,8,2,"y5",0.016809808539417
21,8,3,"y1",0.00878674435223825
21,8,3,"y2",-0.000132218196913336
21,8,3,"y3",0.00888717816908557
21,8,3,"y4",-0.0107993500802884
21,8,3,"y5",0.0117574369948005
21,8,4,"y1",-0.00316199475652723
21,8,4,"y2",-0.00413779777603385
21,8,4,"y3",0.00589722024083073
21,8,4,"y4",-0.011085860344961
21,8,4,"y5",0.0184155820851147
21,9,1,"y1",-0.00796898245757383
21,9,1,"y2",-0.000184296301783182
21,9,1,"y3",-0.00456905250404605
21,9,1,"y4",0.00192639078382817
21,9,1,"y5",0.0182650008901543
21,9,2,"y1",0.00233006132551117
21,9,2,"y2",-0.000501890736694488
21,9,2,"y3",-0.000216938673359923
21,9,2,"y4",-0.00534079976071278
21,9,2,"y5",-0.00084265469865985
21,9,3,"y1",0.00322219403294033
21,9,3,"y2",0.000132218196913336
21,9,3,"y3",0.00205856326968989
21,9,3,"y4",0.0138682448996109
21,9,3,"y5",0.00725155139541822
21,9,4,"y1",-0.0049488241059773
21,9,4,"y2",-0.00574025993760363
21,9,4,"y3",-0.0105625525376569
21,9,4,"y4",-0.00909663382175296
21,9,4,"y5",-0.00761916393837658
21,10,1,"y1",-0.0145381382862353
21,10,1,"y2",0.0029386025722018
21,10,1,"y3",-0.000297321377078053
21,10,1,"y4",-0.017429801935372
21,10,1,"y5",-0.011794165191426
21,10,2,"y1",-0.0059908570370949
21,10,2,"y2",-0.0002894424863773
21,10,2,"y3",0.00069720623024383
21,10,2,"y4",0.0102991148200997
21,10,2,"y5",0.00840333247299585
21,10,3,"y1",0.00406606632135253
21,10,3,"y2",-0.000144948370333742
21,10,3,"y3",-0.00605999982342831
21,10,3,"y4",0.00228096896024488
21,10,3,"y5",-0.00196518123804656
21,10,4,"y1",-0.00451512944079591
21,10,4,"y2",0.0104887069397779
21,10,4,"y3",0.00819754486288982
21,10,4,"y4",-0.00953786152145253
21,10,4,"y5",-0.0119708760757071
22,1,1,"y1",0.849640499149446
22,1,1,"y2",0.856252761323226
22,1,1,"y3",0.760320907124326
22,1,1,"y4",0.849597198136736
22,1,1,"y5",0.733152212091828
22,1,2,"y1",0.8808029145917
22,1,2,"y2",0.924439934127417
22,1,2,"y3",0.770964061345684
22,1,2,"y4",0.859586409630522
22,1,2,"y5",0.655413265807954
22,1,3,"y1",1
22,1,3,"y2",0.712763596586088
22,1,3,"y3",0.624621446481165
22,1,3,"y4",0.850442863614667
22,1,3,"y5",0.594735793542543
22,1,4,"y1",0.865709263977005
22,1,4,"y2",0.773343176616446
22,1,4,"y3",0.648642208596337
22,1,4,"y4",0.956971284304185
22,1,4,"y5",0.5753515119849
22,2,1,"y1",0.0139240974668885
22,2,1,"y2",0.131977054930762
22,2,1,"y3",-0.014540210349599
22,2,1,"y4",0.0169132534236207
22,2,1,"y5",-0.119218509913144
22,2,2,"y1",0.0754011215454519
22,2,2,"y2",-0.0704895448380758
22,2,2,"y3",-0.00707413050965744
22,2,2,"y4",-0.00226886456765751
22,2,2,"y5",0.0567285445381949
22,2,3,"y1",-0.0233800642539007
22,2,3,"y2",0.00914143833171988
22,2,3,"y3",0.0989385072125978
22,2,3,"y4",-0.0070912751705754
22,2,3,"y5",0.13843137667378
22,2,4,"y1",0.079396592273053
22,2,4,"y2",0.036496569193898
22,2,4,"y3",0.0880808989973099
22,2,4,"y4",0.0315307301792689
22,2,4,"y5",0.052230739827709
22,3,1,"y1",0.0394463865953731
22,3,1,"y2",0.00303444498981653
22,3,1,"y3",0.0138370766913904
22,3,1,"y4",0.0109244454957653
22,3,1,"y5",0.0775000874854377
22,3,2,"y1",0.0258231740663284
22,3,2,"y2",-0.00753950632817801
22,3,2,"y3",0.00331677533281594
22,3,2,"y4",-0.00268982220960379
22,3,2,"y5",0.000795707380540023
22,3,3,"y1",-0.00412706100413474
22,3,3,"y2",0.132065961807942
22,3,3,"y3",0.0924624951657381
22,3,3,"y4",0.0783934638025144
22,3,3,"y5",0.0540889627264571
22,3,4,"y1",0.0197843266445888
22,3,4,"y2",-0.000996092978769236
22,3,4,"y3",0.0214529271429221
22,3,4,"y4",-0.00693079717806677
22,3,4,"y5",-0.00310099486111326
22,4,1,"y1",0.0582433861661162
22,4,1,"y2",-0.0180226419468226
22,4,1,"y3",0.00391813906824823
22,4,1,"y4",0.0251455492670012
22,4,1,"y5",0.00444029782725974
22,4,2,"y1",-0.0136484563619866
22,4,2,"y2",0.00931923887872665
22,4,2,"y3",0.0912676373783392
22,4,2,"y4",-0.0214894114801032
22,4,2,"y5",-0.0237698952916366
22,4,3,"y1",0.0076944095742405
22,4,3,"y2",-0.0248238462113871
22,4,3,"y3",-0.0174974615106153
22,4,3,"y4",0.000392717781106389
22,4,3,"y5",0.015865683168145
22,4,4,"y1",0.00796398693489075
22,4,4,"y2",0.0375730062804233
22,4,4,"y3",0.0273163362641847
22,4,4,"y4",0.00293019959752772
22,4,4,"y5",0.00421818356548409
22,5,1,"y1",0.0118764291360476
22,5,1,"y2",0.00148433355545774
22,5,1,"y3",0.0216375714085858
22,5,1,"y4",-8.18567653794178e-05
22,5,1,"y5",0.000420805676092595
22,5,2,"y1",0.0205747148813594
22,5,2,"y2",-0.0181114279445931
22,5,2,"y3",-0.040028323852071
22,5,2,"y4",-0.016560711996166
22,5,2,"y5",0.0326775535519833
22,5,3,"y1",0.0163984863731361
22,5,3,"y2",0.0086687921334051
22,5,3,"y3",-0.00324348572283051
22,5,3,"y4",-0.0305691986510915
22,5,3,"y5",0.0427418126615611
22,5,4,"y1",0.00945618717382091
22,5,4,"y2",-0.0105043645112124
22,5,4,"y3",-0.00811244689517332
22,5,4,"y4",-0.00749827316754059
22,5,4,"y5",0.00699006843587335
22,6,1,"y1",0.00497092573308777
22,6,1,"y2",-0.00771870424527843
22,6,1,"y3",0.00825583256486018
22,6,1,"y4",0.017260540829386
22,6,1,"y5",0.000363406745137351
22,6,2,"y1",0.0110465312771467
22,6,2,"y2",0.00107107350728963
22,6,2,"y3",-0.00511920534927468
22,6,2,"y4",0.0210959385280638
22,6,2,"y5",-0.0674085703505575
22,6,3,"y1",0.00341422931065882
22,6,3,"y2",0.0155313924932502
22,6,3,"y3",0.025482019600916
22,6,3,"y4",0.00990272699241812
22,6,3,"y5",-0.0165574212146747
22,6,4,"y1",0.00863673736153692
22,6,4,"y2",0.01381503083167
22,6,4,"y3",0.0202236713768739
22,6,4,"y4",-0.00436012107160544
22,6,4,"y5",0.000801420219314841
22,7,1,"y1",0.0110155584785222
22,7,1,"y2",-0.0100075123387134
22,7,1,"y3",-0.0113060294971226
22,7,1,"y4",-0.00549478287025829
22,7,1,"y5",-0.00591156472618992
22,7,2,"y1",0
22,7,2,"y2",0.00234923140555965
22,7,2,"y3",-0.0227718420392573
22,7,2,"y4",0.00417923445029833
22,7,2,"y5",0.0211324768965778
22,7,3,"y1",0
22,7,3,"y2",-0.00528590796996464
22,7,3,"y3",0.00912685579738237
22,7,3,"y4",-0.00927664510698967
22,7,3,"y5",-0.0287614692895513
22,7,4,"y1",-0.00266946124660283
22,7,4,"y2",0.00642349759150085
22,7,4,"y3",-0.00352551380823862
22,7,4,"y4",-0.00471644834215901
22,7,4,"y5",0.0149893537965783
22,8,1,"y1",-0.00762705199930713
22,8,1,"y2",0.00956171130105676
22,8,1,"y3",8.09048757604014e-05
22,8,1,"y4",0.0041342362950888
22,8,1,"y5",0.000553332111215443
22,8,2,"y1",-0.00531596171239634
22,8,2,"y2",-0.00151064603843798
22,8,2,"y3",0.00698358651716702
22,8,2,"y4",0.00187681213714508
22,8,2,"y5",0.0139228517929924
22,8,3,"y1",-0.00669758945017518
22,8,3,"y2",0.00916174310236406
22,8,3,"y3",0.0211200036140889
22,8,3,"y4",-0.0174237992102778
22,8,3,"y5",0.0403609967965163
22,8,4,"y1",0.00151966041964702
22,8,4,"y2",0.00746145870170367
22,8,4,"y3",0.0110960477122762
22,8,4,"y4",-0.00314207154031654
22,8,4,"y5",0.00416958481910412
22,9,1,"y1",-0.00694066688425188
22,9,1,"y2",-0.00289332472596071
22,9,1,"y3",-0.000483047451552365
22,9,1,"y4",-0.0133456085293635
22,9,1,"y5",-0.0197399963914968
22,9,2,"y1",-0.0023480085219032
22,9,2,"y2",-0.00516699937514087
22,9,2,"y3",0.0198492563704221
22,9,2,"y4",0.00759788786810833
22,9,2,"y5",0.0414771637308735
22,9,3,"y1",-0.000999602352605433
22,9,3,"y2",-0.00836656542805192
22,9,3,"y3",-0.00379189057323992
22,9,3,"y4",0.015323614192215
22,9,3,"y5",0.0475340719679372
22,9,4,"y1",0.00145651747604314
22,9,4,"y2",0.00509107297211187
22,9,4,"y3",0.00159476541744841
22,9,4,"y4",0.00529487689319597
22,9,4,"y5",0.00214943636771781
22,10,1,"y1",0.00414771750079823
22,10,1,"y2",0.00849142479752019
22,10,1,"y3",-0.00360526070742395
22,10,1,"y4",0.00125843047487784
22,10,1,"y5",-0.00409724842505044
22,10,2,"y1",0.00592217244688398
22,10,2,"y2",-0.00658411716469198
22,10,2,"y3",0.00559365230253372
22,10,2,"y4",0.00951448503555452
22,10,2,"y5",0.0165728511819494
22,10,3,"y1",-0.00527425007698412
22,10,3,"y2",0.013197889182333
22,10,3,"y3",0.014686128167902
22,10,3,"y4",-0.00220022370788742
22,10,3,"y5",-0.0347708326957392
22,10,4,"y1",0.00133592554532058
22,10,4,"y2",0.00583354620411114
22,10,4,"y3",0.00696065295424453
22,10,4,"y4",-0.00248518538582398
22,10,4,"y5",-0.00125524388683584
23,1,1,"y1",0.819559433398478
23,1,1,"y2",0.929371752054697
23,1,1,"y3",0.931832145505853
23,1,1,"y4",0.688974719478288
23,1,1,"y5",0.721162034260451
23,1,2,"y1",0.727140996037324
23,1,2,"y2",0.961042298362895
23,1,2,"y3",0.797935003462011
23,1,2,"y4",0.795722471701557
23,1,2,"y5",0.824621388261788
23,1,3,"y1",0.915182468515934
23,1,3,"y2",0.829050597401055
23,1,3,"y3",0.874485467052763
23,1,3,"y4",0.696149483267855
23,1,3,"y5",0.63587733724074
23,1,4,"y1",0.747985505750599
23,1,4,"y2",0.876395193978544
23,1,4,"y3",0.689597829484124
23,1,4,"y4",0.91536575596718
23,1,4,"y5",0.652406939531929
23,2,1,"y1",0.029948531695725
23,2,1,"y2",0.0451071940892717
23,2,1,"y3",-0.054458374787861
23,2,1,"y4",0.0844543927692446
23,2,1,"y5",-0.0186162637308933
23,2,2,"y1",0.0556518025340969
23,2,2,"y2",-0.00772274255644523
23,2,2,"y3",0.0420939345555851
23,2,2,"y4",0.0135854959033338
23,2,2,"y5",-0.0810858597216547
23,2,3,"y1",-0.021540583189289
23,2,3,"y2",0.0924606618774598
23,2,3,"y3",0.020101097287291
23,2,3,"y4",0.0928168129117293
23,2,3,"y5",0.0118995090884261
23,2,4,"y1",0.114849645754728
23,2,4,"y2",0.0515508048820427
23,2,4,"y3",0.11966654968283
23,2,4,"y4",0.0295326088728842
23,2,4,"y5",-0.012741179572732
23,3,1,"y1",0.0450908667900378
23,3,1,"y2",0.0123413072774451
23,3,1,"y3",-0.0264311849418827
23,3,1,"y4",0.063428269077506
23,3,1,"y5",0.0350728694984253
23,3,2,"y1",0.136477306382424
23,3,2,"y2",-0.100927624548174
23,3,2,"y3",0.0585721656564503
23,3,2,"y4",-0.0543262824026719
23,3,2,"y5",-0.0381323526520483
23,3,3,"y1",0.00615473238790487
23,3,3,"y2",0.0348197039597149
23,3,3,"y3",0.0271566313617982
23,3,3,"y4",0.0344135139425265
23,3,3,"y5",0.0282869682398086
23,3,4,"y1",0.0309671178661779
23,3,4,"y2",-0.000781790385327663
23,3,4,"y3",0.0533235869435799
23,3,4,"y4",0.0288147959903192
23,3,4,"y5",-0.00652329283723563
23,4,1,"y1",0.0314752134781682
23,4,1,"y2",0.00441081234220697
23,4,1,"y3",0.00679723953227862
23,4,1,"y4",0.0113116909996585
23,4,1,"y5",0.03356540089056
23,4,2,"y1",0.0405979766767413
23,4,2,"y2",-0.0257406214365002
23,4,2,"y3",-0.0401848552012504
23,4,2,"y4",0.0100293251677134
23,4,2,"y5",-0.0977515809173758
23,4,3,"y1",0.0230167690741061
23,4,3,"y2",0.0228553147748646
23,4,3,"y3",0.0164662053411165
23,4,3,"y4",-0.0785453616994033
23,4,3,"y5",0.0351201215049126
23,4,4,"y1",0.0314876466084671
23,4,4,"y2",0.0185167560778206
23,4,4,"y3",0.0187489186354495
23,4,4,"y4",-0.00453423786318896
23,4,4,"y5",-0.0199823281434491
23,5,1,"y1",-0.00688162169743023
23,5,1,"y2",-0.0112403238916664
23,5,1,"y3",0.00781180220587419
23,5,1,"y4",-0.0264323983208462
23,5,1,"y5",-0.00396474474007891
23,5,2,"y1",-0.0103741462781238
23,5,2,"y2",0.0384224846131366
23,5,2,"y3",-0.00042337009898219
23,5,2,"y4",0.0124844658140173
23,5,2,"y5",0.016496622738565
23,5,3,"y1",0.00705114887402492
23,5,3,"y2",0.00367671584456175
23,5,3,"y3",0.0128972876823186
23,5,3,"y4",0.00667149785835364
23,5,3,"y5",0.00194863490098662
23,5,4,"y1",0.0171077681913203
23,5,4,"y2",0.0252348272197463
23,5,4,"y3",-0.00521258940915215
23,5,4,"y4",-0.0136363212221378
23,5,4,"y5",-0.00754572770637874
23,6,1,"y1",0.0161767021744007
23,6,1,"y2",0.00724916394386366
23,6,1,"y3",0.00188417062849866
23,6,1,"y4",0.0237619725976886
23,6,1,"y5",0.00981590881106198
23,6,2,"y1",0.0293719464701044
23,6,2,"y2",0.0114752893500697
23,6,2,"y3",0.0392917047501417
23,6,2,"y4",-0.00387828986421834
23,6,2,"y5",0.0279685089666539
23,6,3,"y1",-0.0102221333648792
23,6,3,"y2",-0.00883882735148867
23,6,3,"y3",0.00279946508120643
23,6,3,"y4",0.00535218803198434
23,6,3,"y5",-0.00939817480792515
23,6,4,"y1",-0.00697097933861368
23,6,4,"y2",-0.0022776564717244
23,6,4,"y3",-0.000924813025006022
23,6,4,"y4",-0.0126302175534083
23,6,4,"y5",-0.00186602474915853
23,7,1,"y1",0.0051530853080004
23,7,1,"y2",0.00185387413519211
23,7,1,"y3",-0.00863868756790398
23,7,1,"y4",0.0112091094424597
23,7,1,"y5",0.00420304684364925
23,7,2,"y1",0.000678035138447775
23,7,2,"y2",0.0177564692936009
23,7,2,"y3",-0.014397804691206
23,7,2,"y4",-0.00313418195512727
23,7,2,"y5",0.00502928781779233
23,7,3,"y1",-0.00825541873871272
23,7,3,"y2",0.0117969973767106
23,7,3,"y3",-0.00790061849795276
23,7,3,"y4",-0.0019086459653912
23,7,3,"y5",-0.00224348871386248
23,7,4,"y1",0.00378903088089366
23,7,4,"y2",0.00250035385983016
23,7,4,"y3",-0.00603548888029537
23,7,4,"y4",-0.0109537601498571
23,7,4,"y5",0.0107694193749932
23,8,1,"y1",-0.000355006439089367
23,8,1,"y2",-0.000198873214773632
23,8,1,"y3",0.00794470507706657
23,8,1,"y4",-0.0011321924698714
23,8,1,"y5",-0.00400967464742918
23,8,2,"y1",0.0176721621982848
23,8,2,"y2",-0.0405720160779437
23,8,2,"y3",-0.0292198061777218
23,8,2,"y4",-0.0372632636765878
23,8,2,"y5",-0.032601553497233
23,8,3,"y1",-0.001690899449733
23,8,3,"y2",0.00032155747023821
23,8,3,"y3",0.00493031208497652
23,8,3,"y4",-0.00366374108616385
23,8,3,"y5",0.00694624782517239
23,8,4,"y1",0.0082860010440049
23,8,4,"y2",0.0106278274452936
23,8,4,"y3",-0.00321568044898135
23,8,4,"y4",-0.00599956050838846
23,8,4,"y5",-0.00049362047920043
23,9,1,"y1",-0.00271069638948507
23,9,1,"y2",-0.00636165798467858
23,9,1,"y3",0.00472492442366379
23,9,1,"y4",0.000294525669402468
23,9,1,"y5",0.000911987494697009
23,9,2,"y1",0.00114182271989627
23,9,2,"y2",0.00437599634031016
23,9,2,"y3",-0.00559269924234396
23,9,2,"y4",0.00352307567233257
23,9,2,"y5",0.000994793593228294
23,9,3,"y1",-0.000374304391008828
23,9,3,"y2",-0.00497481550330103
23,9,3,"y3",-0.00478880356287836
23,9,3,"y4",0.00555608594703083
23,9,3,"y5",0.00909445681323151
23,9,4,"y1",-0.00248822948295868
23,9,4,"y2",-0.00032549799630599
23,9,4,"y3",-0.00291347039683698
23,9,4,"y4",-0.0072313339742327
23,9,4,"y5",-0.00907553459144206
23,10,1,"y1",0.000117713098954475
23,10,1,"y2",0.00237476589959806
23,10,1,"y3",-0.015648482441324
23,10,1,"y4",0.00211185463724872
23,10,1,"y5",0.0137497237051529
23,10,2,"y1",-0.0125726207325209
23,10,2,"y2",0.0158921649725874
23,10,2,"y3",0.020094170858864
23,10,2,"y4",-0.0118823657230053
23,10,2,"y5",0.00147454866287411
23,10,3,"y1",-0.00380810693152434
23,10,3,"y2",0.00286757100702473
23,10,3,"y3",0.0125716490007589
23,10,3,"y4",0.00198901819327868
23,10,3,"y5",0.00147089474512141
23,10,4,"y1",0.00645505563863957
23,10,4,"y2",0.00158630588437991
23,10,4,"y3",0.00199191564449541
23,10,4,"y4",0.0191657947779365
23,10,4,"y5",0.00888115760414498
24,1,1,"y1",0.859213673068029
24,1,1,"y2",0.88640044431283
24,1,1,"y3",0.787383366897265
24,1,1,"y4",0.846882321629585
24,1,1,"y5",0.696064842432334
24,1,2,"y1",0.883709291630755
24,1,2,"y2",0.951002038279598
24,1,2,"y3",0.795010010410838
24,1,2,"y4",0.873891698664826
24,1,2,"y5",0.77425625259027
24,1,3,"y1",0.948336004619129
24,1,3,"y2",0.851959375319978
24,1,3,"y3",0.729042747645524
24,1,3,"y4",0.863054390086072
24,1,3,"y5",0.688050461586417
24,1,4,"y1",0.7973128233262
24,1,4,"y2",0.857564567115656
24,1,4,"y3",0.67817481159205
24,1,4,"y4",0.995903807059669
24,1,4,"y5",0.740956053367782
24,2,1,"y1",0.00508576862181531
24,2,1,"y2",0.00468247888010964
24,2,1,"y3",-0.0238496230423766
24,2,1,"y4",0.00551523391644904
24,2,1,"y5",-0.0107214577173533
24,2,2,"y1",-0.0276211919295957
24,2,2,"y2",-0.0252274407425831
24,2,2,"y3",0.037225667971391
24,2,2,"y4",-0.0510650685881167
24,2,2,"y5",-0.0294087087358684
24,2,3,"y1",0.0426609955873608
24,2,3,"y2",-0.0187185237353823
24,2,3,"y3",-0.0167516727180652
24,2,3,"y4",-0.015280692556237
24,2,3,"y5",0.0348982535954667
24,2,4,"y1",0.0653353140762747
24,2,4,"y2",0.0270392503007681
24,2,4,"y3",0.0934322208307228
24,2,4,"y4",-0.00158112936304722
24,2,4,"y5",0.00422305829109215
24,3,1,"y1",-0.0404539817818849
24,3,1,"y2",0.047112390502458
24,3,1,"y3",0.0128707464386327
24,3,1,"y4",0.0495013924522298
24,3,1,"y5",0.0650087254402857
24,3,2,"y1",0.0550598886579677
24,3,2,"y2",-0.0435967016353294
24,3,2,"y3",-0.024673893610959
24,3,2,"y4",0.0495350963019461
24,3,2,"y5",0.022936967896271
24,3,3,"y1",-0.00991380233665051
24,3,3,"y2",0.0679288466061411
24,3,3,"y3",0.0536350657273359
24,3,3,"y4",0.0115117050233587
24,3,3,"y5",0.0183617450276269
24,3,4,"y1",0.0177521200334694
24,3,4,"y2",0.0441893440728778
24,3,4,"y3",0.071175508421071
24,3,4,"y4",-0.0105681614827708
24,3,4,"y5",-0.0225273570270751
24,4,1,"y1",0.0385476302973961
24,4,1,"y2",0.00958888963038029
24,4,1,"y3",-0.034149287550707
24,4,1,"y4",-0.0219263850297471
24,4,1,"y5",0.0354219413397678
24,4,2,"y1",0.0511827927973412
24,4,2,"y2",-0.0178322672736898
24,4,2,"y3",0.0247172616737195
24,4,2,"y4",-0.0184945914762578
24,4,2,"y5",-0.0567075256360708
24,4,3,"y1",0.00402764530295896
24,4,3,"y2",0.0333443162804429
24,4,3,"y3",0.0134306571161728
24,4,3,"y4",0.0217200703894529
24,4,3,"y5",0.0285965405666542
24,4,4,"y1",0.0179506356615634
24,4,4,"y2",0.0316018577972191
24,4,4,"y3",0.0365772129920106
24,4,4,"y4",-0.00963098989534361
24,4,4,"y5",0.0376532303276883
24,5,1,"y1",0.0118021241346074
24,5,1,"y2",0.00489902086084359
24,5,1,"y3",0.0611134098315693
24,5,1,"y4",0.028549920982338
24,5,1,"y5",0.0289748588075386
24,5,2,"y1",0.0375569969612305
24,5,2,"y2",3.72668665583609e-05
24,5,2,"y3",0.0432043500534803
24,5,2,"y4",0.0171624192187901
24,5,2,"y5",0.00883684555427033
24,5,3,"y1",0.00315575250992961
24,5,3,"y2",0.0158914029154019
24,5,3,"y3",0.0221181908990882
24,5,3,"y4",-0.000351009563957838
24,5,3,"y5",0.0116200648776006
24,5,4,"y1",0.0265618797918963
24,5,4,"y2",0.000888565403903807
24,5,4,"y3",-0.00653462134060012
24,5,4,"y4",0.000398711898261461
24,5,4,"y5",-0.00916573621690964
24,6,1,"y1",0.0490753257268663
24,6,1,"y2",0.0243463362062882
24,6,1,"y3",0.0179647774100848
24,6,1,"y4",-0.00171589878726208
24,6,1,"y5",-0.0253782961760731
24,6,2,"y1",-0.00138482838842324
24,6,2,"y2",-0.00401927737312724
24,6,2,"y3",-0.0205062409414024
24,6,2,"y4",-0.0247589457739674
24,6,2,"y5",-0.0148095775573818
24,6,3,"y1",0.00391732592557603
24,6,3,"y2",0.00952361156541581
24,6,3,"y3",0.0389663304458709
24,6,3,"y4",0.00262134595687269
24,6,3,"y5",0.00538803529893817
24,6,4,"y1",0.00711597425159283
24,6,4,"y2",0.0154986870817053
24,6,4,"y3",-0.00419876522196871
24,6,4,"y4",-0.00825836151366444
24,6,4,"y5",-0.0118024313362447
24,7,1,"y1",-0.00520532992748679
24,7,1,"y2",0.0042383010908601
24,7,1,"y3",0.0138384549898743
24,7,1,"y4",0.00735909228722476
24,7,1,"y5",0.018213117286159
24,7,2,"y1",-0.00437515309002334
24,7,2,"y2",0.0103059215749317
24,7,2,"y3",0.00508786907664516
24,7,2,"y4",0.0111269659786185
24,7,2,"y5",0.0156074243946274
24,7,3,"y1",-0.00812164564448992
24,7,3,"y2",0.0082402812371829
24,7,3,"y3",-0.000313833713494138
24,7,3,"y4",-0.012312997892724
24,7,3,"y5",0.019126877191554
24,7,4,"y1",0.00672945661558244
24,7,4,"y2",0.0022610791606491
24,7,4,"y3",-0.00101547876093844
24,7,4,"y4",-0.0232979482593222
24,7,4,"y5",-0.00629801085598902
24,8,1,"y1",0.00669405974648762
24,8,1,"y2",0.00931975670930729
24,8,1,"y3",0.0184323472207761
24,8,1,"y4",-0.000326523506632204
24,8,1,"y5",-0.0030087184854426
24,8,2,"y1",-0.00254924355865616
24,8,2,"y2",0.0177395793434408
24,8,2,"y3",0.00337320176653788
24,8,2,"y4",-0.0214541309633131
24,8,2,"y5",-0.00492697379500839
24,8,3,"y1",0.00616011622573531
24,8,3,"y2",-0.00385625722054439
24,8,3,"y3",0.00982011917387482
24,8,3,"y4",0.00475856528656315
24,8,3,"y5",-0.0115536166335587
24,8,4,"y1",0.0124529614332385
24,8,4,"y2",-0.0096785389794628
24,8,4,"y3",-0.0080205714030307
24,8,4,"y4",-0.00153682755896567
24,8,4,"y5",-0.00913519951830766
24,9,1,"y1",0.000916825382026976
24,9,1,"y2",0.00167050356544718
24,9,1,"y3",-0.0118279605729776
24,9,1,"y4",-0.0138017377820022
24,9,1,"y5",-0.0078242294048011
24,9,2,"y1",0.000430477123422368
24,9,2,"y2",-0.00626002814089888
24,9,2,"y3",-0.000270188634709179
24,9,2,"y4",0.00268400951590941
24,9,2,"y5",0.00640816848247527
24,9,3,"y1",-0.0010507865742353
24,9,3,"y2",-0.000669153099035591
24,9,3,"y3",0.00729014909307169
24,9,3,"y4",-0.0135861829181959
24,9,3,"y5",0.000714345647319758
24,9,4,"y1",-0.00157646648429322
24,9,4,"y2",0.00370078858195089
24,9,4,"y3",-0.00568181973656157
24,9,4,"y4",0.0147413229193368
24,9,4,"y5",-0.00280535570834106
24,10,1,"y1",-0.00213551604488138
24,10,1,"y2",-0.00717574635479967
24,10,1,"y3",-0.00400435359248785
24,10,1,"y4",0.0098031477000281
24,10,1,"y5",0.00626641587393517
24,10,2,"y1",-0.000731721474293123
24,10,2,"y2",0.00405782770315166
24,10,2,"y3",0.00721041791114163
24,10,2,"y4",-0.00692091170241416
24,10,2,"y5",-0.0018756957884638
24,10,3,"y1",-0.00656521994232606
24,10,3,"y2",0.00380813639340738
24,10,3,"y3",0.00480990676936821
24,10,3,"y4",-0.0209948747226836
24,10,3,"y5",-0.0079054269371831
24,10,4,"y1",-0.00338869659233965
24,10,4,"y2",-0.00918332365230423
24,10,4,"y3",-0.00443367271976192
24,10,4,"y4",0.0131302124200677
24,10,4,"y5",-0.00435099503261427
25,1,1,"y1",0.72489506113269
25,1,1,"y2",0.944849744657631
25,1,1,"y3",0.846036154375984
25,1,1,"y4",0.783843266576049
25,1,1,"y5",0.703483012439073
25,1,2,"y1",0.805990447437764
25,1,2,"y2",0.963542503068349
25,1,2,"y3",0.836441268333156
25,1,2,"y4",0.820668361076201
25,1,2,"y5",0.753902223098273
25,1,3,"y1",0.922630302229228
25,1,3,"y2",0.889679013872536
25,1,3,"y3",0.743204702339201
25,1,3,"y4",0.785270494702368
25,1,3,"y5",0.722136024689307
25,1,4,"y1",0.708587076146707
25,1,4,"y2",0.834413450621124
25,1,4,"y3",0.642315157408158
25,1,4,"y4",0.994916628375418
25,1,4,"y5",0.624077205134325
25,2,1,"y1",0.0718313567599066
25,2,1,"y2",0.00166665422668
25,2,1,"y3",-0.0121473180729128
25,2,1,"y4",0.0186007939216527
25,2,1,"y5",0.0147678907767007
25,2,2,"y1",-0.0314690054828466
25,2,2,"y2",-0.0399144929836883
25,2,2,"y3",0.00903490613744651
25,2,2,"y4",-0.0804553445574399
25,2,2,"y5",-0.0203573793889364
25,2,3,"y1",-0.0937533707973484
25,2,3,"y2",0.0795711693610959
25,2,3,"y3",0.0841103046333754
25,2,3,"y4",-0.0193195977658851
25,2,3,"y5",-0.0248562793725378
25,2,4,"y1",0.0512451167903382
25,2,4,"y2",0.0579373757696541
25,2,4,"y3",0.0881773807125606
25,2,4,"y4",-0.00632400514257014
25,2,4,"y5",0.0245139428584531
25,3,1,"y1",-0.028493462114659
25,3,1,"y2",0.044008696343235
25,3,1,"y3",-0.0399409634599716
25,3,1,"y4",-0.0259546760114369
25,3,1,"y5",0.0204269576305159
25,3,2,"y1",0.0541433401928917
25,3,2,"y2",0.0223191000056994
25,3,2,"y3",-0.000557383766060293
25,3,2,"y4",0.0702515779075964
25,3,2,"y5",-0.00660141721157659
25,3,3,"y1",0.00888866132993216
25,3,3,"y2",0.0166752689754872
25,3,3,"y3",0.0123490784998589
25,3,3,"y4",-0.0304208426996878
25,3,3,"y5",0.00492048375706244
25,3,4,"y1",0.0260960107330247
25,3,4,"y2",-0.00230315898411515
25,3,4,"y3",0.00121807565700016
25,3,4,"y4",0.0107301392636249
25,3,4,"y5",0.0331277110145446
25,4,1,"y1",-0.00853063151590661
25,4,1,"y2",-0.00622845420444196
25,4,1,"y3",0.0147236299725373
25,4,1,"y4",-0.00258623674739944
25,4,1,"y5",-0.0264725374616579
25,4,2,"y1",0.0826986611090839
25,4,2,"y2",-0.00440579009665987
25,4,2,"y3",0.0530035872784107
25,4,2,"y4",-0.0096724745233665
25,4,2,"y5",0.0444924708769512
25,4,3,"y1",-0.0106025182402907
25,4,3,"y2",-0.00129931486090051
25,4,3,"y3",0.00288052698418395
25,4,3,"y4",0.0111162690279737
25,4,3,"y5",-0.0158737466259297
25,4,4,"y1",0.0237984163912353
25,4,4,"y2",0.050591291924665
25,4,4,"y3",0.0837427744356234
25,4,4,"y4",-0.0139548626879353
25,4,4,"y5",0.00824242461118596
25,5,1,"y1",0.0217351417201684
25,5,1,"y2",0.0152392740807209
25,5,1,"y3",0.0263766039615957
25,5,1,"y4",-0.0146350787575432
25,5,1,"y5",0.00272596262604363
25,5,2,"y1",0.064847810970354
25,5,2,"y2",0.0100629374274552
25,5,2,"y3",-0.0292788447483957
25,5,2,"y4",-0.0140973305703069
25,5,2,"y5",-0.0205633096978534
25,5,3,"y1",-0.00964047779961186
25,5,3,"y2",-0.00237966891787
25,5,3,"y3",-0.000737831867676619
25,5,3,"y4",0.00154176421601715
25,5,3,"y5",-0.000904591409596645
25,5,4,"y1",0.0149456256599162
25,5,4,"y2",0.00396523963940465
25,5,4,"y3",0.0336632150826771
25,5,4,"y4",-0.00719938206672743
25,5,4,"y5",0.019031456058585
25,6,1,"y1",0.00713068048113441
25,6,1,"y2",-0.00294401413284118
25,6,1,"y3",0.0227146829845402
25,6,1,"y4",-0.00583633756178281
25,6,1,"y5",0.014528367131996
25,6,2,"y1",0.0060946351053367
25,6,2,"y2",-0.00865158116621711
25,6,2,"y3",0.00905394870878262
25,6,2,"y4",-0.00209510424058867
25,6,2,"y5",-0.00884532887646394
25,6,3,"y1",-0.0201399003457364
25,6,3,"y2",0.0105839281618714
25,6,3,"y3",0.0188963651223094
25,6,3,"y4",-0.00853134319902993
25,6,3,"y5",0.0124456809020549
25,6,4,"y1",-0.0104025516544505
25,6,4,"y2",0.0210122337785698
25,6,4,"y3",0.0391660774708062
25,6,4,"y4",-0.00642989122319093
25,6,4,"y5",-0.0164557300396367
25,7,1,"y1",0.00434379562531095
25,7,1,"y2",0.00228506736547029
25,7,1,"y3",0.0127123283616498
25,7,1,"y4",0.0176673278614644
25,7,1,"y5",0.002201950491583
25,7,2,"y1",0.000307534754304672
25,7,2,"y2",0.00145231942662061
25,7,2,"y3",-0.0190641491196403
25,7,2,"y4",-0.0164690313147489
25,7,2,"y5",-0.00853474926848663
25,7,3,"y1",0.000201578089948917
25,7,3,"y2",0.000713438604280525
25,7,3,"y3",0.0131789368380745
25,7,3,"y4",0.0193443460717018
25,7,3,"y5",-0.00156565778200235
25,7,4,"y1",0.00173935720453733
25,7,4,"y2",0.0077149837376167
25,7,4,"y3",0.00378664373557536
25,7,4,"y4",0.00110756174527649
25,7,4,"y5",0.00719572739140839
25,8,1,"y1",-0.00312663847158412
25,8,1,"y2",0.00106876551938095
25,8,1,"y3",-0.010222995371949
25,8,1,"y4",-0.00162237644510077
25,8,1,"y5",-0.00708266739602981
25,8,2,"y1",0.0152097770451193
25,8,2,"y2",-0.027558711841029
25,8,2,"y3",0.0464809380276212
25,8,2,"y4",0.0520143252748836
25,8,2,"y5",0.00721596761530929
25,8,3,"y1",0.0195513366168851
25,8,3,"y2",-0.0130283861181087
25,8,3,"y3",0.00409630186920085
25,8,3,"y4",0.0317852969165048
25,8,3,"y5",-0.00193595226072973
25,8,4,"y1",0.00037615874365049
25,8,4,"y2",0.010543692410712
25,8,4,"y3",-0.00119361460402467
25,8,4,"y4",-0.000316028513826283
25,8,4,"y5",-0.00567285450625465
25,9,1,"y1",-0.00519981955809179
25,9,1,"y2",5.42661441653713e-05
25,9,1,"y3",0.0101344520108273
25,9,1,"y4",0.0010564981753024
25,9,1,"y5",0.00743437680119063
25,9,2,"y1",0.000725253897890799
25,9,2,"y2",0.00600084001083911
25,9,2,"y3",0.0125275017898487
25,9,2,"y4",0.00579755752943822
25,9,2,"y5",0.00838822068841816
25,9,3,"y1",-0.00721641740755041
25,9,3,"y2",0.0126795002354402
25,9,3,"y3",-0.00277568716539311
25,9,3,"y4",-0.0362789807811809
25,9,3,"y5",0.0147848496684485
25,9,4,"y1",-0.00288283517674104
25,9,4,"y2",-0.00910431643708498
25,9,4,"y3",-0.00856566319765573
25,9,4,"y4",0.00282334878389312
25,9,4,"y5",-0.0122419171080874
25,10,1,"y1",-0.00288932530227792
25,10,1,"y2",0
25,10,1,"y3",-0.00840642638819999
25,10,1,"y4",-0.00227498602941989
25,10,1,"y5",-0.00219453681765525
25,10,2,"y1",-0.00410136777886538
25,10,2,"y2",0.00150065814570699
25,10,2,"y3",-0.00033425727375902
25,10,2,"y4",9.96689667372985e-05
25,10,2,"y5",-0.00276926232855401
25,10,3,"y1",-0.0044563209859021
25,10,3,"y2",-0.00221084828051632
25,10,3,"y3",-0.00713023216068931
25,10,3,"y4",0.0132364986510416
25,10,3,"y5",0.00801442725536539
25,10,4,"y1",-0.000435393459140898
25,10,4,"y2",-0.00644948509722776
25,10,4,"y3",-0.00755471770536487
25,10,4,"y4",-0.00590074008029262
25,10,4,"y5",-0.0107935821087337
26,1,1,"y1",0.78751077242691
26,1,1,"y2",0.95787728688639
26,1,1,"y3",0.834176184542133
26,1,1,"y4",0.834745446044682
26,1,1,"y5",0.724717205425751
26,1,2,"y1",0.81866800674251
26,1,2,"y2",0.925839263211406
26,1,2,"y3",0.822964403166941
26,1,2,"y4",0.870095516938392
26,1,2,"y5",0.724075470990709
26,1,3,"y1",0.943194573097524
26,1,3,"y2",0.914841066727754
26,1,3,"y3",0.831578794550607
26,1,3,"y4",0.826944395969739
26,1,3,"y5",0.770487289122269
26,1,4,"y1",0.794324176131814
26,1,4,"y2",0.834999059801571
26,1,4,"y3",0.746690563735784
26,1,4,"y4",0.965474816471193
26,1,4,"y5",0.661738201871879
26,2,1,"y1",0.0442657016822727
26,2,1,"y2",-0.0285322729595596
26,2,1,"y3",0.0509952030683771
26,2,1,"y4",-0.0716331997130103
26,2,1,"y5",0.0116926106388954
26,2,2,"y1",0.0392710666801402
26,2,2,"y2",0.00454022310615232
26,2,2,"y3",0.0170219962754138
26,2,2,"y4",-0.0246179753540015
26,2,2,"y5",-0.0233212152729562
26,2,3,"y1",-0.0181721015373929
26,2,3,"y2",0.0274812210569491
26,2,3,"y3",0.058412820229321
26,2,3,"y4",-0.0392620114476311
26,2,3,"y5",0.0537168318679471
26,2,4,"y1",0.0733203796724978
26,2,4,"y2",0.00636344090683749
26,2,4,"y3",0.0234895430044638
26,2,4,"y4",-0.00682452344014861
26,2,4,"y5",0.0555544114038052
26,3,1,"y1",0.0576400319238615
26,3,1,"y2",0.0250158851480434
26,3,1,"y3",-0.0602637290731699
26,3,1,"y4",0.0708012806788545
26,3,1,"y5",-0.0365581425992282
26,3,2,"y1",0.0497527772863758
26,3,2,"y2",-0.0107889516196115
26,3,2,"y3",0.0280958767420051
26,3,2,"y4",-0.00916548664643357
26,3,2,"y5",-0.032302446360281
26,3,3,"y1",0.00971993683493333
26,3,3,"y2",0.023684725847458
26,3,3,"y3",-0.0152338489107963
26,3,3,"y4",0.0640060127715246
26,3,3,"y5",0.016012097354324
26,3,4,"y1",0.0726678268534522
26,3,4,"y2",0.00991166229633211
26,3,4,"y3",-0.021443339059782
26,3,4,"y4",-0.0140709635442567
26,3,4,"y5",-0.0155084650991337
26,4,1,"y1",0.0261000751633578
26,4,1,"y2",-0.00260751867491915
26,4,1,"y3",0.0205831519412076
26,4,1,"y4",-0.0124856366072925
26,4,1,"y5",0.0105354838347911
26,4,2,"y1",-0.0222862944688819
26,4,2,"y2",-0.0113770750210576
26,4,2,"y3",-0.0138954326146876
26,4,2,"y4",0.0162859018746018
26,4,2,"y5",0.0386506054091162
26,4,3,"y1",0.0142779676465039
26,4,3,"y2",0.0133281628300486
26,4,3,"y3",0.0113703926522146
26,4,3,"y4",0.00862648544625588
26,4,3,"y5",0.00369630188935122
26,4,4,"y1",0.0126844010291637
26,4,4,"y2",0.0476250859732362
26,4,4,"y3",0.0891722627744753
26,4,4,"y4",-0.0581630748962927
26,4,4,"y5",0.0133137894881135
26,5,1,"y1",0.0113542922722399
26,5,1,"y2",0.0121741829572217
26,5,1,"y3",0.00467945999195341
26,5,1,"y4",-0.0209638315814451
26,5,1,"y5",-0.0112754953130029
26,5,2,"y1",0.045955996214217
26,5,2,"y2",-0.0481440989769683
26,5,2,"y3",0.0124437785216954
26,5,2,"y4",-0.0349812678860545
26,5,2,"y5",-0.0266221678049456
26,5,3,"y1",0.000958810698130641
26,5,3,"y2",-0.00532628704193661
26,5,3,"y3",0.00705890495650985
26,5,3,"y4",0.00959123913477422
26,5,3,"y5",-0.0225344271028108
26,5,4,"y1",0.013275854964731
26,5,4,"y2",0.0177231315668649
26,5,4,"y3",0.0369197688452803
26,5,4,"y4",-0.0149452273000792
26,5,4,"y5",0.00838893208336133
26,6,1,"y1",-0.0012339957430948
26,6,1,"y2",-0.00730331501215187
26,6,1,"y3",-0.031693474502273
26,6,1,"y4",0.0209086790193017
26,6,1,"y5",0.00666243001050137
26,6,2,"y1",0.0660921549866238
26,6,2,"y2",-0.0289008579672038
26,6,2,"y3",-0.00681871863370165
26,6,2,"y4",-0.0233150283839072
26,6,2,"y5",-0.00104465242916441
26,6,3,"y1",-0.00229985941568844
26,6,3,"y2",-0.00473794562081198
26,6,3,"y3",0.00942825492071042
26,6,3,"y4",0.00261185941550635
26,6,3,"y5",-0.0152634565705816
26,6,4,"y1",0.0212101855821712
26,6,4,"y2",0.00892957153610674
26,6,4,"y3",0.0178374148587425
26,6,4,"y4",-0.0106413704381114
26,6,4,"y5",0.0144898322618036
26,7,1,"y1",0.00661717208273782
26,7,1,"y2",0.00965415272702042
26,7,1,"y3",0.0211069607730768
26,7,1,"y4",0.0134568362481275
26,7,1,"y5",0.00844393374292063
26,7,2,"y1",0.00250733693410932
26,7,2,"y2",0.00803486685864352
26,7,2,"y3",-0.00717405276550276
26,7,2,"y4",-0.00206478191814519
26,7,2,"y5",-0.00684312031322354
26,7,3,"y1",0.00269388788806157
26,7,3,"y2",0.00638664809203959
26,7,3,"y3",0.0105667571742989
26,7,3,"y4",-0.00235949894741649
26,7,3,"y5",0.00360021463988103
26,7,4,"y1",-0.00652671674214589
26,7,4,"y2",0.0064940708550858
26,7,4,"y3",0.0113464511823655
26,7,4,"y4",0.00553811085886247
26,7,4,"y5",0.0103686684147033
26,8,1,"y1",0.00445724346594578
26,8,1,"y2",0.0103059147088242
26,8,1,"y3",0.0063116783218804
26,8,1,"y4",0.0110422145367679
26,8,1,"y5",0.0151949405795436
26,8,2,"y1",3.89556249058565e-05
26,8,2,"y2",0.000244189027686637
26,8,2,"y3",-0.0122652762559412
26,8,2,"y4",0.00838089172167544
26,8,2,"y5",0.0281016243115201
26,8,3,"y1",0.00617556363612204
26,8,3,"y2",-0.00142926924527698
26,8,3,"y3",0.00316650583984379
26,8,3,"y4",0.000946982618721171
26,8,3,"y5",0.00394319037670687
26,8,4,"y1",0.00634476351124169
26,8,4,"y2",0.00797461527108789
26,8,4,"y3",-0.00288336530131661
26,8,4,"y4",-0.0107487042170055
26,8,4,"y5",-0.0134736823622126
26,9,1,"y1",-0.000636078834277742
26,9,1,"y2",-0.00717080167027351
26,9,1,"y3",0.00326419527724686
26,9,1,"y4",0.00698815591819302
26,9,1,"y5",-0.000114230073098409
26,9,2,"y1",0
26,9,2,"y2",-8.69593710234318e-05
26,9,2,"y3",0.0033809739381121
26,9,2,"y4",0.00760718173042918
26,9,2,"y5",0.0149582819942743
26,9,3,"y1",-2.74986911217301e-05
26,9,3,"y2",0.00834897826985681
26,9,3,"y3",-0.00159658754052827
26,9,3,"y4",0.0044765669095792
26,9,3,"y5",-8.12887148829988e-05
26,9,4,"y1",0.00141962357777381
26,9,4,"y2",0.0117526803891488
26,9,4,"y3",0.000218674338310465
26,9,4,"y4",-0.00279626214501638
26,9,4,"y5",-0.00896862745343707
26,10,1,"y1",-0.0184906102780104
26,10,1,"y2",0.0121668164698127
26,10,1,"y3",-0.0132004749494259
26,10,1,"y4",-0.023013310655513
26,10,1,"y5",-0.0320458406256593
26,10,2,"y1",0
26,10,2,"y2",0.0153044989896525
26,10,2,"y3",0.0210642465384169
26,10,2,"y4",-0.00373241172252603
26,10,2,"y5",-0.0114792364481907
26,10,3,"y1",-0.00353962083812709
26,10,3,"y2",0.00016183682015769
26,10,3,"y3",0.010299075513687
26,10,3,"y4",0.0158303495021112
26,10,3,"y5",0.00572054674200184
26,10,4,"y1",-0.0240668594433648
26,10,4,"y2",-0.0085204780419903
26,10,4,"y3",-0.0396668346809447
26,10,4,"y4",0.0587942498308385
26,10,4,"y5",-0.0201119296857429
27,1,1,"y1",0.918715249860506
27,1,1,"y2",0.916032744939156
27,1,1,"y3",0.734273218169984
27,1,1,"y4",0.816101647810826
27,1,1,"y5",0.748612099419888
27,1,2,"y1",0.886985384163092
27,1,2,"y2",0.964037013154438
27,1,2,"y3",0.721842512444127
27,1,2,"y4",0.784272837775992
27,1,2,"y5",0.762831836718671
27,1,3,"y1",0.93240696968123
27,1,3,"y2",0.918179201539304
27,1,3,"y3",0.742301101871097
27,1,3,"y4",0.834158150374138
27,1,3,"y5",0.6862340563064
27,1,4,"y1",0.824411078557209
27,1,4,"y2",0.921204311397598
27,1,4,"y3",0.655053336098039
27,1,4,"y4",0.915747725933104
27,1,4,"y5",0.662431420525425
27,2,1,"y1",-0.0463629844252944
27,2,1,"y2",0.0494169542405481
27,2,1,"y3",0.0382025279691557
27,2,1,"y4",-0.0138738360191379
27,2,1,"y5",-0.0373832600796842
27,2,2,"y1",-0.0312173616331609
27,2,2,"y2",0.00797394121139972
27,2,2,"y3",0.040852108956829
27,2,2,"y4",0.0410766333792502
27,2,2,"y5",-0.0141298264484248
27,2,3,"y1",-0.0120625759953631
27,2,3,"y2",0.0123599355113918
27,2,3,"y3",0.0445782043932145
27,2,3,"y4",0.024579624880273
27,2,3,"y5",-0.000394090828991445
27,2,4,"y1",0.015835261510724
27,2,4,"y2",-0.0126975158901113
27,2,4,"y3",0.0728801824677733
27,2,4,"y4",0.00115699888141996
27,2,4,"y5",0.0233245312919554
27,3,1,"y1",-0.00968468739445372
27,3,1,"y2",0.0218405546090024
27,3,1,"y3",-0.0952863808876749
27,3,1,"y4",-0.0498384213628782
27,3,1,"y5",-0.00141550917877642
27,3,2,"y1",-0.00558390815065901
27,3,2,"y2",-0.0343172578973615
27,3,2,"y3",-0.0449845753619735
27,3,2,"y4",-0.0294959745958109
27,3,2,"y5",-0.105477974032338
27,3,3,"y1",0.00151612238747734
27,3,3,"y2",0.0435223998801525
27,3,3,"y3",-0.0336737695868571
27,3,3,"y4",0.00408156661370951
27,3,3,"y5",0.0124754330161987
27,3,4,"y1",0.000104444483465804
27,3,4,"y2",0.00737669935837659
27,3,4,"y3",0.0431243742165005
27,3,4,"y4",0.042909010290075
27,3,4,"y5",-0.0153195109956822
27,4,1,"y1",0.0633752839968162
27,4,1,"y2",0.00252043817297865
27,4,1,"y3",0.0800923854052142
27,4,1,"y4",0.0661117337249164
27,4,1,"y5",0.0183933129594992
27,4,2,"y1",0.056945963156785
27,4,2,"y2",-0.00804362709071849
27,4,2,"y3",0.0434640871518565
27,4,2,"y4",0.0559494433798946
27,4,2,"y5",0.0309521998341989
27,4,3,"y1",0.0153104679926125
27,4,3,"y2",0.020007897175834
27,4,3,"y3",0.026016982746117
27,4,3,"y4",0.00826689712715611
27,4,3,"y5",0.0677773168305449
27,4,4,"y1",0.0201543879092893
27,4,4,"y2",-0.000659512902027259
27,4,4,"y3",0.0347555110444075
27,4,4,"y4",0.00142458825476088
27,4,4,"y5",0.0190618797667456
27,5,1,"y1",0.0444180110775075
27,5,1,"y2",-0.0058748941029384
27,5,1,"y3",0.0242632397161019
27,5,1,"y4",0.0214190469710401
27,5,1,"y5",0.0414703596743234
27,5,2,"y1",0.0316296457295753
27,5,2,"y2",-0.0517852661405467
27,5,2,"y3",-0.010885915078618
27,5,2,"y4",0.0202216618218607
27,5,2,"y5",0.0218846873586244
27,5,3,"y1",-0.00959450058908862
27,5,3,"y2",-0.0124327117022829
27,5,3,"y3",0.0187929507711457
27,5,3,"y4",0.0267637964142803
27,5,3,"y5",0.0380643509851457
27,5,4,"y1",-0.00623379098139887
27,5,4,"y2",0.0180479620698815
27,5,4,"y3",-0.000118188935397279
27,5,4,"y4",-0.0263604217740936
27,5,4,"y5",0.0139001598614307
27,6,1,"y1",0.00624095025085791
27,6,1,"y2",0.00525623512010254
27,6,1,"y3",0.0295515314719748
27,6,1,"y4",-0.00300313546687192
27,6,1,"y5",-0.00701360922095273
27,6,2,"y1",0.0533966644417859
27,6,2,"y2",0.00403535616848927
27,6,2,"y3",0.0489849653519359
27,6,2,"y4",-0.00964914006426021
27,6,2,"y5",-0.0131569168452607
27,6,3,"y1",0.0107691390642111
27,6,3,"y2",0.00597631212113703
27,6,3,"y3",0.0196481701387876
27,6,3,"y4",-0.0219187480969618
27,6,3,"y5",0.0302451920373547
27,6,4,"y1",0.0132202560282597
27,6,4,"y2",0.0316632403847288
27,6,4,"y3",0.0253006751481253
27,6,4,"y4",-0.00578932955030864
27,6,4,"y5",0.0280816453518127
27,7,1,"y1",0.0101977698172829
27,7,1,"y2",-0.00165066949022175
27,7,1,"y3",0.0111656227302218
27,7,1,"y4",0.00637611547504791
27,7,1,"y5",0.00334336628948195
27,7,2,"y1",1.14562912389982e-05
27,7,2,"y2",0.0382261188802298
27,7,2,"y3",0.00341255154644859
27,7,2,"y4",0.0208016938181856
27,7,2,"y5",-0.00842152480393377
27,7,3,"y1",-0.0148963613094469
27,7,3,"y2",-0.000233348045623805
27,7,3,"y3",-0.0033295849113455
27,7,3,"y4",0.0134388324359256
27,7,3,"y5",-0.000195555880225573
27,7,4,"y1",0.0161632759641999
27,7,4,"y2",0.00872616351803102
27,7,4,"y3",-0.0176243654012664
27,7,4,"y4",-0.0144946514303017
27,7,4,"y5",-0.0272169597004878
27,8,1,"y1",-0.00187497693154204
27,8,1,"y2",-0.00452573933659928
27,8,1,"y3",0.0054081021668726
27,8,1,"y4",-0.00558430143152178
27,8,1,"y5",-0.0133751627744479
27,8,2,"y1",0.0028932866676078
27,8,2,"y2",-0.0301731373016489
27,8,2,"y3",-0.0141800098857549
27,8,2,"y4",-0.0134640814760147
27,8,2,"y5",0.00262984956646894
27,8,3,"y1",0.00611288938889654
27,8,3,"y2",0.00284648733305426
27,8,3,"y3",0.00352389308588985
27,8,3,"y4",-0.00446709449753613
27,8,3,"y5",-0.011654909480224
27,8,4,"y1",-9.62971499476328e-05
27,8,4,"y2",-0.00393030633407931
27,8,4,"y3",-0.00267870997898412
27,8,4,"y4",-0.00159066669711105
27,8,4,"y5",-0.00306724712561091
27,9,1,"y1",-0.00264371161528076
27,9,1,"y2",0.00344285563286517
27,9,1,"y3",-0.00401333824882633
27,9,1,"y4",-0.000605125046438171
27,9,1,"y5",0.0105556101842051
27,9,2,"y1",-0.000590302879101334
27,9,2,"y2",0.0221269525182797
27,9,2,"y3",0.00417203828176294
27,9,2,"y4",0.00819066932077139
27,9,2,"y5",-0.0288437050742452
27,9,3,"y1",-0.0142733011067849
27,9,3,"y2",0.00448277838489608
27,9,3,"y3",-0.00390530044769433
27,9,3,"y4",-0.00426796302793309
27,9,3,"y5",-0.026798212351588
27,9,4,"y1",0.00689005372676366
27,9,4,"y2",0.00319881555143553
27,9,4,"y3",0.00764906878094762
27,9,4,"y4",-0.0109260399144574
27,9,4,"y5",0.00337151596096297
27,10,1,"y1",-0.00682361738360471
27,10,1,"y2",0.000867130181520182
27,10,1,"y3",-0.00666288365934409
27,10,1,"y4",-0.00439871499480782
27,10,1,"y5",0.00571656560830847
27,10,2,"y1",0.00152527855902196
27,10,2,"y2",-0.0124161329834087
27,10,2,"y3",-0.00241932385137289
27,10,2,"y4",0.00361336268964796
27,10,2,"y5",-0.00514649221074404
27,10,3,"y1",-0.00440450552921012
27,10,3,"y2",-0.00103313440635233
27,10,3,"y3",0.00422823421375518
27,10,3,"y4",0.00256119213524919
27,10,3,"y5",0.00547309210544589
27,10,4,"y1",0.00345728791336608
27,10,4,"y2",0.00405087273040694
27,10,4,"y3",0.00728665329242884
27,10,4,"y4",0.018083333416552
27,10,4,"y5",0.00618724151587524
28,1,1,"y1",0.772616267522783
28,1,1,"y2",0.895054722739447
28,1,1,"y3",0.923595887081297
28,1,1,"y4",0.786410696511461
28,1,1,"y5",0.713614161864342
28,1,2,"y1",0.847109372657764
28,1,2,"y2",0.89735923248598
28,1,2,"y3",0.907940987467636
28,1,2,"y4",0.771089166323815
28,1,2,"y5",0.832939640771234
28,1,3,"y1",0.926925656065462
28,1,3,"y2",0.91363280068702
28,1,3,"y3",0.893686209598583
28,1,3,"y4",0.743413294273194
28,1,3,"y5",0.718762007339446
28,1,4,"y1",0.758514549585318
28,1,4,"y2",0.743661143194639
28,1,4,"y3",0.76695973266647
28,1,4,"y4",0.980526833914638
28,1,4,"y5",0.673920885448354
28,2,1,"y1",0.0318318255880792
28,2,1,"y2",0.0105638909835938
28,2,1,"y3",-0.0451951696504035
28,2,1,"y4",-0.0260830450950826
28,2,1,"y5",-0.0425024764131248
28,2,2,"y1",0.00456128591730531
28,2,2,"y2",-0.00119709089449282
28,2,2,"y3",0.0402884177673567
28,2,2,"y4",-0.057691109109639
28,2,2,"y5",-0.0926733800682462
28,2,3,"y1",0.0400086137888089
28,2,3,"y2",-0.00212406225069695
28,2,3,"y3",0.00953338025319839
28,2,3,"y4",0.0483412083615637
28,2,3,"y5",-0.0172603925084415
28,2,4,"y1",0.037076717662848
28,2,4,"y2",0.0184214641702827
28,2,4,"y3",0.0720470348297984
28,2,4,"y4",-0.0401104024906322
28,2,4,"y5",-0.0112624113743449
28,3,1,"y1",0.0164339301223073
28,3,1,"y2",0.0573902782490254
28,3,1,"y3",0.0767461816828304
28,3,1,"y4",-0.071035617908517
28,3,1,"y5",0.0388986225400073
28,3,2,"y1",0.0120195555796837
28,3,2,"y2",0.0014578060389927
28,3,2,"y3",-0.00543002742856469
28,3,2,"y4",-0.0279262568348375
28,3,2,"y5",-0.0429213671384795
28,3,3,"y1",-0.0116122413325077
28,3,3,"y2",0.0130960063456265
28,3,3,"y3",0.0585271887499349
28,3,3,"y4",0.0254731608488338
28,3,3,"y5",-0.00282924844127541
28,3,4,"y1",0.0718714870681936
28,3,4,"y2",0.0297379111918343
28,3,4,"y3",0.0440801860910195
28,3,4,"y4",0.0586287133493119
28,3,4,"y5",0.00238469161585841
28,4,1,"y1",0.0678579921385283
28,4,1,"y2",0.0127192367403136
28,4,1,"y3",0.00603620061492549
28,4,1,"y4",0.0421749898706634
28,4,1,"y5",0.0366294490015681
28,4,2,"y1",0.0301824575206204
28,4,2,"y2",-0.0477450222524066
28,4,2,"y3",0.00141195471709021
28,4,2,"y4",0.0539397997131598
28,4,2,"y5",0.00450582308323666
28,4,3,"y1",-0.0259072433166474
28,4,3,"y2",0.0141611549408389
28,4,3,"y3",0.0303584947534218
28,4,3,"y4",0.0374817507125143
28,4,3,"y5",7.73466721617488e-05
28,4,4,"y1",0.0220813680308423
28,4,4,"y2",0.0461372773798021
28,4,4,"y3",0.039687626637837
28,4,4,"y4",-0.00557411924099305
28,4,4,"y5",0.0030101368612675
28,5,1,"y1",0.0278893798233428
28,5,1,"y2",-0.000650546876168834
28,5,1,"y3",-0.00497090884501639
28,5,1,"y4",0.0109781415172022
28,5,1,"y5",0.0179113710038659
28,5,2,"y1",0.0695551617137531
28,5,2,"y2",-0.0278116771758762
28,5,2,"y3",-0.00904908117141523
28,5,2,"y4",-0.0512827395584459
28,5,2,"y5",-0.036920374907216
28,5,3,"y1",-0.0116744082210563
28,5,3,"y2",0.000467599015110953
28,5,3,"y3",-0.00102976547997724
28,5,3,"y4",0.0021446371928735
28,5,3,"y5",-0.0224721287610441
28,5,4,"y1",0.0187853530731303
28,5,4,"y2",0.0164208296521071
28,5,4,"y3",0.00618025506664599
28,5,4,"y4",-0.00672617666679798
28,5,4,"y5",0.015435087319541
28,6,1,"y1",0.00748175654190186
28,6,1,"y2",0.0110311815821702
28,6,1,"y3",0.00267638857948138
28,6,1,"y4",0.01047210534697
28,6,1,"y5",0.00242255807366865
28,6,2,"y1",0.00359873219516704
28,6,2,"y2",0.0202109973600035
28,6,2,"y3",0.0356698391919401
28,6,2,"y4",0.00212351074359907
28,6,2,"y5",0.0115201524912768
28,6,3,"y1",-0.014114839778021
28,6,3,"y2",-0.0167237322183418
28,6,3,"y3",0.00713450311854924
28,6,3,"y4",0.0069796342988524
28,6,3,"y5",-0.0126606987898386
28,6,4,"y1",-0.0031709351704029
28,6,4,"y2",0.00649255339921639
28,6,4,"y3",0.0158372820903422
28,6,4,"y4",-0.00134740414775136
28,6,4,"y5",-0.0121581422353626
28,7,1,"y1",0.00166193982334839
28,7,1,"y2",0.00746981539882652
28,7,1,"y3",-0.00415352750618558
28,7,1,"y4",-0.0034764203417742
28,7,1,"y5",0.00558524598087473
28,7,2,"y1",0.0103244529705947
28,7,2,"y2",0.0186666744214554
28,7,2,"y3",0.0112342626824807
28,7,2,"y4",0.0129923409693558
28,7,2,"y5",0.0101051103831918
28,7,3,"y1",-0.00497307598003049
28,7,3,"y2",-0.00969717796076797
28,7,3,"y3",-0.00239839945165909
28,7,3,"y4",-0.00327260734972001
28,7,3,"y5",-0.00624749238557698
28,7,4,"y1",0.00131366488149343
28,7,4,"y2",-0.00342003260654689
28,7,4,"y3",0.00259110818812114
28,7,4,"y4",-0.00791816635372833
28,7,4,"y5",-0.00492558855956637
28,8,1,"y1",0.00809579136745897
28,8,1,"y2",-0.00656723140341509
28,8,1,"y3",0.00990347256457302
28,8,1,"y4",0.00931256269625635
28,8,1,"y5",0.00151294608794117
28,8,2,"y1",-0.00602570845958428
28,8,2,"y2",0.00426818705036558
28,8,2,"y3",-0.00451824397971012
28,8,2,"y4",-0.0126543549243534
28,8,2,"y5",-0.000745454114289057
28,8,3,"y1",-0.00469808614990475
28,8,3,"y2",-0.00105632322098881
28,8,3,"y3",0.00418838845794911
28,8,3,"y4",-0.00753248071086399
28,8,3,"y5",-0.00302682379131392
28,8,4,"y1",0.0131868984773237
28,8,4,"y2",0.0120917670102485
28,8,4,"y3",0.00823711688835771
28,8,4,"y4",0.00854610305833814
28,8,4,"y5",0.000383922230105083
28,9,1,"y1",-0.00556708450866805
28,9,1,"y2",-0.0026510180618694
28,9,1,"y3",0.00159942849396866
28,9,1,"y4",-0.00102520676236273
28,9,1,"y5",0.00199923635816579
28,9,2,"y1",-0.000217207851961665
28,9,2,"y2",-0.00847213019744331
28,9,2,"y3",-0.00679022043620314
28,9,2,"y4",0.0107433469081091
28,9,2,"y5",0.00557911946721956
28,9,3,"y1",-0.00284761904806452
28,9,3,"y2",0.00135309044194987
28,9,3,"y3",0
28,9,3,"y4",-0.00612293273345998
28,9,3,"y5",-0.00841497985791417
28,9,4,"y1",-0.000860783503758622
28,9,4,"y2",0.0022422715460847
28,9,4,"y3",-0.000686299688979042
28,9,4,"y4",-0.00481589551938288
28,9,4,"y5",-0.0071035891168918
28,10,1,"y1",-0.00520240926045523
28,10,1,"y2",0.00243862994669664
28,10,1,"y3",0.00708450737834765
28,10,1,"y4",0.00755669690711414
28,10,1,"y5",-0.0067083137737538
28,10,2,"y1",-0.000757821731712682
28,10,2,"y2",-0.0154862382966272
28,10,2,"y3",-0.011584981766242
28,10,2,"y4",0.0126678115073232
28,10,2,"y5",-0.00307670853258946
28,10,3,"y1",0.00792458432763132
28,10,3,"y2",0.00933134016776793
28,10,3,"y3",-0.00247986890055385
28,10,3,"y4",0.00700850535664799
28,10,3,"y5",0.00671000230230467
28,10,4,"y1",-0.0038109196610695
28,10,4,"y2",0.00506706798811229
28,10,4,"y3",0.00429244382869165
28,10,4,"y4",-0.000100499600564352
28,10,4,"y5",-3.18237055656478e-05
29,1,1,"y1",0.756892691720093
29,1,1,"y2",0.961217200299869
29,1,1,"y3",0.850387579031962
29,1,1,"y4",0.764430349805484
29,1,1,"y5",0.682267930325871
29,1,2,"y1",0.801991017586088
29,1,2,"y2",0.908936614284155
29,1,2,"y3",0.878285822448006
29,1,2,"y4",0.782610297885561
29,1,2,"y5",0.70739429353595
29,1,3,"y1",0.924428326660524
29,1,3,"y2",0.896337513114401
29,1,3,"y3",0.846519158269676
29,1,3,"y4",0.813943338983289
29,1,3,"y5",0.619882633458134
29,1,4,"y1",0.720521806903442
29,1,4,"y2",0.769804787962131
29,1,4,"y3",0.65334265781569
29,1,4,"y4",1
29,1,4,"y5",0.542297181116636
29,2,1,"y1",0.0299732238647989
29,2,1,"y2",0.0017013641443292
29,2,1,"y3",-0.0296252053595671
29,2,1,"y4",0.00343647522742208
29,2,1,"y5",-0.0573021649706852
29,2,2,"y1",-0.0683370566618932
29,2,2,"y2",0.0349985615777115
29,2,2,"y3",-0.071618092417571
29,2,2,"y4",-0.046175785261633
29,2,2,"y5",-0.081624323361407
29,2,3,"y1",0.0317864303665019
29,2,3,"y2",0.042806181798813
29,2,3,"y3",-0.0278493368355393
29,2,3,"y4",0.0364257526654436
29,2,3,"y5",0.0532312460323537
29,2,4,"y1",0.0755168464103936
29,2,4,"y2",0.0149372519299874
29,2,4,"y3",0.08136656542226
29,2,4,"y4",0
29,2,4,"y5",0.0248789720700112
29,3,1,"y1",0.0101293888677799
29,3,1,"y2",0.0110793138709849
29,3,1,"y3",-0.00174466398531314
29,3,1,"y4",0.0195950202533812
29,3,1,"y5",0.0145735126935043
29,3,2,"y1",0.0957686283082247
29,3,2,"y2",-0.125598193510454
29,3,2,"y3",0.151906166026438
29,3,2,"y4",0.033270766053939
29,3,2,"y5",0.0566517260631392
29,3,3,"y1",-0.0423691317432765
29,3,3,"y2",0.0513971692934577
29,3,3,"y3",0.0431592238920865
29,3,3,"y4",-0.0118644456567474
29,3,3,"y5",0.002940912174345
29,3,4,"y1",0.0769335193257911
29,3,4,"y2",0.0596133129249207
29,3,4,"y3",0.107034144200775
29,3,4,"y4",0
29,3,4,"y5",0.00508826203384805
29,4,1,"y1",0.0107186381573559
29,4,1,"y2",0.0145428317822572
29,4,1,"y3",0.0285667141539689
29,4,1,"y4",-0.0203872217252363
29,4,1,"y5",0.0133889594006441
29,4,2,"y1",0.0700537739305461
29,4,2,"y2",0.0219754893082971
29,4,2,"y3",-0.021318911867074
29,4,2,"y4",0.0181065888516926
29,4,2,"y5",-0.0502983617854068
29,4,3,"y1",-0.0118035755534798
29,4,3,"y2",0.00811273208772456
29,4,3,"y3",-0.00473868986141313
29,4,3,"y4",0.012252400405489
29,4,3,"y5",-0.00723786188026387
29,4,4,"y1",0.0228844072772618
29,4,4,"y2",0.0356173945823985
29,4,4,"y3",0.0145666657551959
29,4,4,"y4",0
29,4,4,"y5",0.0203306653048587
29,5,1,"y1",0.020271307500536
29,5,1,"y2",0.0102483613181036
29,5,1,"y3",0.00649898183345732
29,5,1,"y4",0.00866463643926019
29,5,1,"y5",0.00506178883947872
29,5,2,"y1",0.0307260878618786
29,5,2,"y2",0.0374814736191639
29,5,2,"y3",0.00302641780223711
29,5,2,"y4",0.0126740845164833
29,5,2,"y5",0.0144267057741476
29,5,3,"y1",-0.00222243689106449
29,5,3,"y2",-0.00205665563408475
29,5,3,"y3",0.00297136882643279
29,5,3,"y4",0.00262311648823554
29,5,3,"y5",0.00733735171978311
29,5,4,"y1",-0.00417315827816556
29,5,4,"y2",0.00521984274498344
29,5,4,"y3",0.00611294721275824
29,5,4,"y4",0
29,5,4,"y5",0.00462707746907765
29,6,1,"y1",0.0010923565309453
29,6,1,"y2",-6.69093282521516e-05
29,6,1,"y3",0.00640544341356053
29,6,1,"y4",0.0015683797484024
29,6,1,"y5",0.00967597388923003
29,6,2,"y1",0.0389876136784288
29,6,2,"y2",0.00273296329448447
29,6,2,"y3",0.0161165604323933
29,6,2,"y4",-0.0101299387052417
29,6,2,"y5",-0.0174914420699949
29,6,3,"y1",-0.00536985914330723
29,6,3,"y2",0.00340305933968843
29,6,3,"y3",0.0121517525046799
29,6,3,"y4",-0.00943772300767753
29,6,3,"y5",0.0334678984962118
29,6,4,"y1",0.0142185795489479
29,6,4,"y2",0.0259796076936213
29,6,4,"y3",0.0156539935898831
29,6,4,"y4",0
29,6,4,"y5",0.00427310427239935
29,7,1,"y1",0.0024152979388381
29,7,1,"y2",4.06865603801432e-05
29,7,1,"y3",-0.00230707405983499
29,7,1,"y4",0.0164164627355479
29,7,1,"y5",-0.00238568198726585
29,7,2,"y1",0.00682328300663926
29,7,2,"y2",0.00673681633383794
29,7,2,"y3",0.00306160932769617
29,7,2,"y4",0.00292357031150892
29,7,2,"y5",-0.00506116050951011
29,7,3,"y1",-0.00391196174303821
29,7,3,"y2",0
29,7,3,"y3",-0.00878433459543826
29,7,3,"y4",-0.0161805949319297
29,7,3,"y5",-0.02155203662425
29,7,4,"y1",0.00193277192756247
29,7,4,"y2",0.000609947349160866
29,7,4,"y3",0.000588508828061718
29,7,4,"y4",0
29,7,4,"y5",0.00356070294023147
29,8,1,"y1",0.0127848896006537
29,8,1,"y2",0.00123715135232838
29,8,1,"y3",0.00575541546822467
29,8,1,"y4",0.00373829741468856
29,8,1,"y5",0.00257567896613753
29,8,2,"y1",0.00241699181959421
29,8,2,"y2",0.00639300324445469
29,8,2,"y3",0.0116288040103079
29,8,2,"y4",0.0198613384213253
29,8,2,"y5",0.00853317493919648
29,8,3,"y1",-0.018697136173468
29,8,3,"y2",0
29,8,3,"y3",-0.0107112220593051
29,8,3,"y4",-0.0118043295335345
29,8,3,"y5",0.0137361762844994
29,8,4,"y1",-0.00304317468194126
29,8,4,"y2",0.00201591333052209
29,8,4,"y3",-0.00125600824518191
29,8,4,"y4",0
29,8,4,"y5",0.000655103522178235
29,9,1,"y1",0.0109525169247056
29,9,1,"y2",0
29,9,1,"y3",0.0148384131647953
29,9,1,"y4",0.0123931964573148
29,9,1,"y5",0.00147626810040302
29,9,2,"y1",-0.00681912019231223
29,9,2,"y2",-0.000754207218414904
29,9,2,"y3",0.000614083952634514
29,9,2,"y4",0.00554876329921161
29,9,2,"y5",0.0114532454667604
29,9,3,"y1",0.0137600036153239
29,9,3,"y2",0
29,9,3,"y3",0.0274397532268783
29,9,3,"y4",0.0129415772060617
29,9,3,"y5",0.0113621520222789
29,9,4,"y1",0.0112553892643388
29,9,4,"y2",0.00692466625043564
29,9,4,"y3",-0.00803036048967321
29,9,4,"y4",-0.00136449910368619
29,9,4,"y5",-0.00425093435098911
29,10,1,"y1",-0.00844714031080718
29,10,1,"y2",-0.00189773948496552
29,10,1,"y3",-0.0117675695649067
29,10,1,"y4",0.000238203978667695
29,10,1,"y5",0.0018488910595138
29,10,2,"y1",0.00112210691884729
29,10,2,"y2",0.0187921942258258
29,10,2,"y3",0.0111151275058425
29,10,2,"y4",0.00187331589901141
29,10,2,"y5",-0.00263926641641299
29,10,3,"y1",0.00227450595607503
29,10,3,"y2",0
29,10,3,"y3",-0.0149224616711605
29,10,3,"y4",0.00788420253205102
29,10,3,"y5",0.00174738329249635
29,10,4,"y1",0.00107838226440971
29,10,4,"y2",0.00157046923664617
29,10,4,"y3",-0.0015936595864664
29,10,4,"y4",0.000841998970037117
29,10,4,"y5",-3.73115692349213e-05
30,1,1,"y1",0.854291969037392
30,1,1,"y2",0.919652744760586
30,1,1,"y3",0.78195301803825
30,1,1,"y4",0.805087154145008
30,1,1,"y5",0.615476011615701
30,1,2,"y1",0.913577523558959
30,1,2,"y2",0.936933869953381
30,1,2,"y3",0.685737463903226
30,1,2,"y4",0.875645645498672
30,1,2,"y5",0.590979447599718
30,1,3,"y1",0.950421772379484
30,1,3,"y2",0.849133850263855
30,1,3,"y3",0.761774854631738
30,1,3,"y4",0.841917688254857
30,1,3,"y5",0.585493207003238
30,1,4,"y1",0.817025084412461
30,1,4,"y2",0.839687762385408
30,1,4,"y3",0.698747336697753
30,1,4,"y4",0.979540523507918
30,1,4,"y5",0.602664888448572
30,2,1,"y1",0.000691411121589547
30,2,1,"y2",0.0206959080812531
30,2,1,"y3",0.0403336158938535
30,2,1,"y4",0.0617229893663824
30,2,1,"y5",0.0971247788468514
30,2,2,"y1",-0.0619862876805675
30,2,2,"y2",0.0100265229604027
30,2,2,"y3",0.146894973337297
30,2,2,"y4",-0.0356220125969411
30,2,2,"y5",0.0578365614720544
30,2,3,"y1",0.00972201485156887
30,2,3,"y2",0.0613827561655822
30,2,3,"y3",0.0642127594789244
30,2,3,"y4",-0.0534066622908037
30,2,3,"y5",0.0410924818756243
30,2,4,"y1",0.0250240757605823
30,2,4,"y2",0.0114822751551161
30,2,4,"y3",0.0770947684408227
30,2,4,"y4",0.00609304056463833
30,2,4,"y5",-0.0165476626035289
30,3,1,"y1",0.0711487956580091
30,3,1,"y2",-0.0283965846189408
30,3,1,"y3",0.0956836405390793
30,3,1,"y4",-0.112400780036526
30,3,1,"y5",-0.0115967269829333
30,3,2,"y1",0.0531513634714688
30,3,2,"y2",-0.0589771474594131
30,3,2,"y3",0.0373761828720176
30,3,2,"y4",-0.027071646206659
30,3,2,"y5",-0.0271160962391876
30,3,3,"y1",0.0128051755549345
30,3,3,"y2",0.0427951537514534
30,3,3,"y3",0.0493966256423848
30,3,3,"y4",0.023938487691076
30,3,3,"y5",0.0260889003800255
30,3,4,"y1",0.05080058281857
30,3,4,"y2",0.028846727868847
30,3,4,"y3",0.0530322773801405
30,3,4,"y4",-0.0154843118175413
30,3,4,"y5",0.0382367593542184
30,4,1,"y1",0.0435774772078051
30,4,1,"y2",-0.00262066714170717
30,4,1,"y3",-0.0777411260368622
30,4,1,"y4",0.0566735575408096
30,4,1,"y5",-0.00117244879493061
30,4,2,"y1",0.0670413393660014
30,4,2,"y2",-0.0394616623209867
30,4,2,"y3",0.0119477217216056
30,4,2,"y4",-0.0163761879287289
30,4,2,"y5",-0.0111959412994975
30,4,3,"y1",-0.024873900744563
30,4,3,"y2",0.028793857830345
30,4,3,"y3",-0.00631605407923275
30,4,3,"y4",0.0495425260540842
30,4,3,"y5",0.0474916455282467
30,4,4,"y1",0.024140765577031
30,4,4,"y2",0.0326528705816939
30,4,4,"y3",0.0355510172535842
30,4,4,"y4",-0.00163354824966822
30,4,4,"y5",-0.0147968654748275
30,5,1,"y1",0.00349729559574374
30,5,1,"y2",0.000798183784492923
30,5,1,"y3",0.0528712098262579
30,5,1,"y4",-0.026364279478286
30,5,1,"y5",-0.0140780722157724
30,5,2,"y1",0.00395435568392322
30,5,2,"y2",-0.0131062962871936
30,5,2,"y3",-0.0407567513352088
30,5,2,"y4",-0.0402012993640196
30,5,2,"y5",-0.00799657754966465
30,5,3,"y1",-0.00411212594760346
30,5,3,"y2",0.00612115549677927
30,5,3,"y3",0.017162552061546
30,5,3,"y4",0.0107957910899399
30,5,3,"y5",0.0153303227442805
30,5,4,"y1",0.00839454483166835
30,5,4,"y2",0.0264062938345475
30,5,4,"y3",0.0227063256228688
30,5,4,"y4",-0.0265579273532394
30,5,4,"y5",9.87109982538703e-05
30,6,1,"y1",0.00801878303822035
30,6,1,"y2",0.00452516436136063
30,6,1,"y3",-0.0293183847980354
30,6,1,"y4",-0.00814764181247085
30,6,1,"y5",-0.0304409332570434
30,6,2,"y1",0.0175658495659703
30,6,2,"y2",0.0120279005067023
30,6,2,"y3",-0.026086622327314
30,6,2,"y4",-2.33181204900568e-06
30,6,2,"y5",-0.0224726465312054
30,6,3,"y1",0.0012813943341784
30,6,3,"y2",0.00152768138368886
30,6,3,"y3",0.0109910787312928
30,6,3,"y4",0.00184110827335848
30,6,3,"y5",0.0136384350454836
30,6,4,"y1",0.000408118368396271
30,6,4,"y2",-0.00600477941148547
30,6,4,"y3",0.0223015368660769
30,6,4,"y4",0.00273875670163426
30,6,4,"y5",0.00249212040849345
30,7,1,"y1",-0.00377585349653731
30,7,1,"y2",0.0127118620519887
30,7,1,"y3",0.000725714988017434
30,7,1,"y4",0.0163923359257325
30,7,1,"y5",0.0120239745508598
30,7,2,"y1",-0.012323857245747
30,7,2,"y2",-0.0104955542312477
30,7,2,"y3",-0.00457051512790996
30,7,2,"y4",-0.0025572458562414
30,7,2,"y5",-0.000601111052433545
30,7,3,"y1",-0.00515554356476466
30,7,3,"y2",0.00793222442865671
30,7,3,"y3",0.0134101991406684
30,7,3,"y4",-0.00145066562548313
30,7,3,"y5",-0.00282285451507769
30,7,4,"y1",0.0111884428256512
30,7,4,"y2",0.00727918185068166
30,7,4,"y3",-0.00729467506210202
30,7,4,"y4",0.00766054023497476
30,7,4,"y5",0.0162087298109949
30,8,1,"y1",0.00215770160353757
30,8,1,"y2",0.0189161712205279
30,8,1,"y3",-0.0404823883090929
30,8,1,"y4",0.035816778441971
30,8,1,"y5",-0.00899486931825255
30,8,2,"y1",0.00517980941451823
30,8,2,"y2",-0.003992588767045
30,8,2,"y3",-0.0177269064137336
30,8,2,"y4",3.08729049456336e-05
30,8,2,"y5",-0.00299186331225654
30,8,3,"y1",-0.0100243752317521
30,8,3,"y2",-0.00148334971405339
30,8,3,"y3",-0.00133952520589109
30,8,3,"y4",0.000246879583252535
30,8,3,"y5",-0.0229651351605354
30,8,4,"y1",0.0114001558929181
30,8,4,"y2",0.00624439084550432
30,8,4,"y3",0.000868165746198746
30,8,4,"y4",0.00780242130849462
30,8,4,"y5",0.0101067667749015
30,9,1,"y1",0.00704807538867891
30,9,1,"y2",0.00636603090728227
30,9,1,"y3",0.0501639403888934
30,9,1,"y4",0.00290498942917305
30,9,1,"y5",0.00808829243644182
30,9,2,"y1",0.00610399701700315
30,9,2,"y2",-0.00258783921355166
30,9,2,"y3",-0.0182243527367295
30,9,2,"y4",-0.0102846199434633
30,9,2,"y5",-0.00938485818970725
30,9,3,"y1",0.0195683043437167
30,9,3,"y2",-0.0014519848719009
30,9,3,"y3",0.0128811212029352
30,9,3,"y4",0.00763295503411432
30,9,3,"y5",0.00997089966867637
30,9,4,"y1",-0.00109669379346167
30,9,4,"y2",-0.0156666502889572
30,9,4,"y3",-0.0190806214081243
30,9,4,"y4",-0.0146407888089914
30,9,4,"y5",-0.0502973127951201
30,10,1,"y1",-0.0119525124457303
30,10,1,"y2",0.00158963585439897
30,10,1,"y3",-0.0243478425384825
30,10,1,"y4",0.0120708299813715
30,10,1,"y5",-0.00360725110765847
30,10,2,"y1",0.00153389316426744
30,10,2,"y2",0.00580682761603024
30,10,2,"y3",-0.00275605250124578
30,10,2,"y4",0.00896618338763588
30,10,2,"y5",-0.000650798188042589
30,10,3,"y1",-0.0093787161099218
30,10,3,"y2",-0.000124027521917092
30,10,3,"y3",-0.00907909554616604
30,10,3,"y4",-0.0108301280929831
30,10,3,"y5",0.000401813987587318
30,10,4,"y1",-0.00216843889690577
30,10,4,"y2",0.00480593941580565
30,10,4,"y3",-0.00222377417272424
30,10,4,"y4",0.000847386695330687
30,10,4,"y5",0.0158783191743173
